t,drone,x,y,z,r_sep,r_nei,k_sep,k_ali,k_coh,k_goal,vmax,amax,altitude,jitter
0.000,0,0.0004,1.6998,0.0000,0.544,2.541,0.818,1.225,0.867,1.248,7.138,14.014,2.179,0.395
0.000,1,0.1005,1.6997,0.0003,0.544,2.541,0.818,1.225,0.867,1.248,7.138,14.014,2.179,0.395
0.000,2,0.2001,1.6997,0.0003,0.544,2.541,0.818,1.225,0.867,1.248,7.138,14.014,2.179,0.395
0.000,3,0.2999,1.6997,0.0002,0.544,2.541,0.818,1.225,0.867,1.248,7.138,14.014,2.179,0.395
0.000,4,0.4000,1.6996,-0.0000,0.544,2.541,0.818,1.225,0.867,1.248,7.138,14.014,2.179,0.395
0.000,5,0.5003,1.6996,-0.0001,0.544,2.541,0.818,1.225,0.867,1.248,7.138,14.014,2.179,0.395
0.200,0,0.0356,1.6727,0.0083,0.100,3.030,0.100,3.000,2.874,3.000,12.000,20.000,7.931,1.000
0.200,1,0.1229,1.6699,0.0174,0.100,3.030,0.100,3.000,2.874,3.000,12.000,20.000,7.931,1.000
0.200,2,0.2060,1.6809,0.0075,0.100,3.030,0.100,3.000,2.874,3.000,12.000,20.000,7.931,1.000
0.200,3,0.2729,1.6819,0.0050,0.100,3.030,0.100,3.000,2.874,3.000,12.000,20.000,7.931,1.000
0.200,4,0.3823,1.6860,-0.0086,0.100,3.030,0.100,3.000,2.874,3.000,12.000,20.000,7.931,1.000
0.200,5,0.5005,1.6912,-0.0014,0.100,3.030,0.100,3.000,2.874,3.000,12.000,20.000,7.931,1.000
0.400,0,0.1732,1.6398,0.0426,0.100,3.519,0.100,3.000,3.000,3.000,12.000,20.000,10.000,1.000
0.400,1,0.2048,1.6355,0.0798,0.100,3.519,0.100,3.000,3.000,3.000,12.000,20.000,10.000,1.000
0.400,2,0.2267,1.6665,0.0299,0.100,3.519,0.100,3.000,3.000,3.000,12.000,20.000,10.000,1.000
0.400,3,0.2272,1.6609,0.0216,0.100,3.519,0.100,3.000,3.000,3.000,12.000,20.000,10.000,1.000
0.400,4,0.3005,1.6733,-0.0221,0.100,3.519,0.100,3.000,3.000,3.000,12.000,20.000,10.000,1.000
0.400,5,0.4940,1.6943,-0.0072,0.100,3.519,0.100,3.000,3.000,3.000,12.000,20.000,10.000,1.000
0.600,0,0.4234,1.7288,0.1184,0.100,4.007,0.100,3.000,3.000,3.000,12.000,20.000,10.000,1.000
0.600,1,0.3577,1.7390,0.1580,0.100,4.007,0.100,3.000,3.000,3.000,12.000,20.000,10.000,1.000
0.600,2,0.3146,1.7340,0.0748,0.100,4.007,0.100,3.000,3.000,3.000,12.000,20.000,10.000,1.000
0.600,3,0.2677,1.6955,0.0408,0.100,4.007,0.100,3.000,3.000,3.000,12.000,20.000,10.000,1.000
0.600,4,0.2534,1.7134,0.0000,0.100,4.007,0.100,3.000,3.000,3.000,12.000,20.000,10.000,1.000
0.600,5,0.4962,1.7141,-0.0075,0.100,4.007,0.100,3.000,3.000,3.000,12.000,20.000,10.000,1.000
0.800,0,0.6236,1.9788,0.1584,0.100,4.496,0.100,3.000,3.000,3.000,12.000,20.000,10.000,1.000
0.800,1,0.5090,1.9440,0.1904,0.100,4.496,0.100,3.000,3.000,3.000,12.000,20.000,10.000,1.000
0.800,2,0.4348,1.8946,0.1013,0.100,4.496,0.100,3.000,3.000,3.000,12.000,20.000,10.000,1.000
0.800,3,0.3490,1.8168,0.0574,0.100,4.496,0.100,3.000,3.000,3.000,12.000,20.000,10.000,1.000
0.800,4,0.3247,1.8226,0.0128,0.100,4.496,0.100,3.000,3.000,3.000,12.000,20.000,10.000,1.000
0.800,5,0.5290,1.7715,-0.0002,0.100,4.496,0.100,3.000,3.000,3.000,12.000,20.000,10.000,1.000
1.000,0,0.7319,2.2967,0.1711,0.100,4.985,0.100,3.000,3.000,3.000,12.000,20.000,10.000,1.000
1.000,1,0.5888,2.1903,0.2007,0.100,4.985,0.100,3.000,3.000,3.000,12.000,20.000,10.000,1.000
1.000,2,0.5087,2.1229,0.1102,0.100,4.985,0.100,3.000,3.000,3.000,12.000,20.000,10.000,1.000
1.000,3,0.4256,2.0659,0.0650,0.100,4.985,0.100,3.000,3.000,3.000,12.000,20.000,10.000,1.000
1.000,4,0.4002,2.0637,0.0182,0.100,4.985,0.100,3.000,3.000,3.000,12.000,20.000,10.000,1.000
1.000,5,0.5874,1.9705,0.0043,0.100,4.985,0.100,3.000,3.000,3.000,12.000,20.000,10.000,1.000
1.200,0,0.7941,2.6233,0.1705,0.100,5.474,0.100,3.000,3.000,3.000,12.000,20.000,10.000,1.000
1.200,1,0.6351,2.4476,0.1989,0.100,5.474,0.100,3.000,3.000,3.000,12.000,20.000,10.000,1.000
1.200,2,0.5656,2.4309,0.1104,0.100,5.474,0.100,3.000,3.000,3.000,12.000,20.000,10.000,1.000
1.200,3,0.4918,2.4302,0.0636,0.100,5.474,0.100,3.000,3.000,3.000,12.000,20.000,10.000,1.000
1.200,4,0.4696,2.4271,0.0145,0.100,5.474,0.100,3.000,3.000,3.000,12.000,20.000,10.000,1.000
1.200,5,0.6556,2.3473,0.0024,0.100,5.474,0.100,3.000,3.000,3.000,12.000,20.000,10.000,1.000
1.400,0,0.8610,2.9289,0.1703,0.100,5.963,0.100,3.000,3.000,3.000,12.000,20.000,10.000,1.000
1.400,1,0.7009,2.7583,0.1978,0.100,5.963,0.100,3.000,3.000,3.000,12.000,20.000,10.000,1.000
1.400,2,0.6542,2.8415,0.1106,0.100,5.963,0.100,3.000,3.000,3.000,12.000,20.000,10.000,1.000
1.400,3,0.5864,2.8644,0.0619,0.100,5.963,0.100,3.000,3.000,3.000,12.000,20.000,10.000,1.000
1.400,4,0.5704,2.8716,0.0106,0.100,5.963,0.100,3.000,3.000,3.000,12.000,20.000,10.000,1.000
1.400,5,0.7704,2.8672,0.0008,0.100,5.963,0.100,3.000,3.000,3.000,12.000,20.000,10.000,1.000
1.600,0,0.9323,3.2301,0.1817,0.100,6.452,0.100,3.000,3.000,3.000,12.000,20.000,10.000,1.000
1.600,1,0.7968,3.1718,0.2181,0.100,6.452,0.100,3.000,3.000,3.000,12.000,20.000,10.000,1.000
1.600,2,0.7687,3.3225,0.1310,0.100,6.452,0.100,3.000,3.000,3.000,12.000,20.000,10.000,1.000
1.600,3,0.6948,3.3239,0.0810,0.100,6.452,0.100,3.000,3.000,3.000,12.000,20.000,10.000,1.000
1.600,4,0.6877,3.3550,0.0293,0.100,6.452,0.100,3.000,3.000,3.000,12.000,20.000,10.000,1.000
1.600,5,0.9044,3.4299,0.0248,0.100,6.452,0.100,3.000,3.000,3.000,12.000,20.000,10.000,1.000
1.800,0,1.0254,3.5822,0.2027,1.367,6.236,0.976,3.000,3.000,3.000,12.000,20.000,10.000,1.000
1.800,1,0.9239,3.6727,0.2488,1.367,6.236,0.976,3.000,3.000,3.000,12.000,20.000,10.000,1.000
1.800,2,0.8908,3.7919,0.1574,1.367,6.236,0.976,3.000,3.000,3.000,12.000,20.000,10.000,1.000
1.800,3,0.8126,3.7767,0.1067,1.367,6.236,0.976,3.000,3.000,3.000,12.000,20.000,10.000,1.000
1.800,4,0.8127,3.8263,0.0532,1.367,6.236,0.976,3.000,3.000,3.000,12.000,20.000,10.000,1.000
1.800,5,1.0365,3.9271,0.0513,1.367,6.236,0.976,3.000,3.000,3.000,12.000,20.000,10.000,1.000
2.000,0,1.1398,3.9865,0.2429,2.749,5.956,1.931,3.000,3.000,3.000,12.000,20.000,10.000,1.000
2.000,1,1.0658,4.1942,0.2997,2.749,5.956,1.931,3.000,3.000,3.000,12.000,20.000,10.000,1.000
2.000,2,1.0062,4.2124,0.1998,2.749,5.956,1.931,3.000,3.000,3.000,12.000,20.000,10.000,1.000
2.000,3,0.9240,4.1926,0.1440,2.749,5.956,1.931,3.000,3.000,3.000,12.000,20.000,10.000,1.000
2.000,4,0.9307,4.2531,0.0899,2.749,5.956,1.931,3.000,3.000,3.000,12.000,20.000,10.000,1.000
2.000,5,1.1501,4.3357,0.0873,2.749,5.956,1.931,3.000,3.000,3.000,12.000,20.000,10.000,1.000
2.200,0,1.2708,4.3905,0.2837,4.132,5.676,2.500,3.000,3.000,3.000,12.000,20.000,10.000,1.000
2.200,1,1.2133,4.6692,0.3488,4.132,5.676,2.500,3.000,3.000,3.000,12.000,20.000,10.000,1.000
2.200,2,1.1205,4.5747,0.2359,4.132,5.676,2.500,3.000,3.000,3.000,12.000,20.000,10.000,1.000
2.200,3,1.0328,4.5411,0.1755,4.132,5.676,2.500,3.000,3.000,3.000,12.000,20.000,10.000,1.000
2.200,4,1.0475,4.6178,0.1200,4.132,5.676,2.500,3.000,3.000,3.000,12.000,20.000,10.000,1.000
2.200,5,1.2578,4.6595,0.1160,4.132,5.676,2.500,3.000,3.000,3.000,12.000,20.000,10.000,1.000
2.400,0,1.4389,4.7461,0.3364,5.000,5.396,2.500,3.000,3.000,3.000,12.000,20.000,10.000,1.000
2.400,1,1.3873,5.0000,0.4067,5.000,5.396,2.500,3.000,3.000,3.000,12.000,20.000,10.000,1.000
2.400,2,1.2560,4.8672,0.2802,5.000,5.396,2.500,3.000,3.000,3.000,12.000,20.000,10.000,1.000
2.400,3,1.1495,4.7957,0.2102,5.000,5.396,2.500,3.000,3.000,3.000,12.000,20.000,10.000,1.000
2.400,4,1.1838,4.9071,0.1565,5.000,5.396,2.500,3.000,3.000,3.000,12.000,20.000,10.000,1.000
2.400,5,1.3752,4.9002,0.1504,5.000,5.396,2.500,3.000,3.000,3.000,12.000,20.000,10.000,1.000
2.600,0,1.6301,5.0000,0.4242,5.000,5.116,2.500,3.000,3.000,3.000,12.000,20.000,10.000,1.000
2.600,1,1.5633,5.0000,0.4921,5.000,5.116,2.500,3.000,3.000,3.000,12.000,20.000,10.000,1.000
2.600,2,1.3978,5.0000,0.3482,5.000,5.116,2.500,3.000,3.000,3.000,12.000,20.000,10.000,1.000
2.600,3,1.2504,4.9498,0.2570,5.000,5.116,2.500,3.000,3.000,3.000,12.000,20.000,10.000,1.000
2.600,4,1.3227,5.0000,0.2148,5.000,5.116,2.500,3.000,3.000,3.000,12.000,20.000,10.000,1.000
2.600,5,1.4926,5.0000,0.2022,5.000,5.116,2.500,3.000,3.000,3.000,12.000,20.000,10.000,1.000
2.800,0,1.8406,5.0000,0.5731,5.000,4.836,2.500,3.000,3.000,3.000,12.000,20.000,10.000,1.000
2.800,1,1.7291,5.0000,0.6201,5.000,4.836,2.500,3.000,3.000,3.000,12.000,20.000,10.000,1.000
2.800,2,1.5414,5.0000,0.4549,5.000,4.836,2.500,3.000,3.000,3.000,12.000,20.000,10.000,1.000
2.800,3,1.3142,4.9982,0.3034,5.000,4.836,2.500,3.000,3.000,3.000,12.000,20.000,10.000,1.000
2.800,4,1.4490,5.0000,0.2944,5.000,4.836,2.500,3.000,3.000,3.000,12.000,20.000,10.000,1.000
2.800,5,1.6171,5.0000,0.2894,5.000,4.836,2.500,3.000,3.000,3.000,12.000,20.000,10.000,1.000
3.000,0,2.0485,4.9492,0.7982,5.000,4.555,2.500,3.000,3.000,3.000,12.000,20.000,10.000,1.000
3.000,1,1.8608,4.9606,0.7760,5.000,4.555,2.500,3.000,3.000,3.000,12.000,20.000,10.000,1.000
3.000,2,1.6599,4.9623,0.5896,5.000,4.555,2.500,3.000,3.000,3.000,12.000,20.000,10.000,1.000
3.000,3,1.3271,4.9930,0.3178,5.000,4.555,2.500,3.000,3.000,3.000,12.000,20.000,10.000,1.000
3.000,4,1.5249,4.9755,0.3740,5.000,4.555,2.500,3.000,3.000,3.000,12.000,20.000,10.000,1.000
3.000,5,1.7411,4.9549,0.4245,5.000,4.555,2.500,3.000,3.000,3.000,12.000,20.000,10.000,1.000
3.200,0,2.1994,4.7029,1.0417,5.000,4.275,2.500,3.000,3.000,3.000,12.000,20.000,10.000,1.000
3.200,1,1.9424,4.8022,0.9220,5.000,4.275,2.500,3.000,3.000,3.000,12.000,20.000,10.000,1.000
3.200,2,1.7239,4.8339,0.7048,5.000,4.275,2.500,3.000,3.000,3.000,12.000,20.000,10.000,1.000
3.200,3,1.3283,4.9796,0.3245,5.000,4.275,2.500,3.000,3.000,3.000,12.000,20.000,10.000,1.000
3.200,4,1.5591,4.9072,0.4294,5.000,4.275,2.500,3.000,3.000,3.000,12.000,20.000,10.000,1.000
3.200,5,1.8336,4.7796,0.5763,5.000,4.275,2.500,3.000,3.000,3.000,12.000,20.000,10.000,1.000
3.400,0,2.2602,4.2886,1.2663,5.000,3.995,2.500,3.000,3.000,3.000,12.000,20.000,10.000,1.000
3.400,1,1.9673,4.5561,1.0485,5.000,3.995,2.500,3.000,3.000,3.000,12.000,20.000,10.000,1.000
3.400,2,1.7420,4.6469,0.7979,5.000,3.995,2.500,3.000,3.000,3.000,12.000,20.000,10.000,1.000
3.400,3,1.3280,4.9370,0.3406,5.000,3.995,2.500,3.000,3.000,3.000,12.000,20.000,10.000,1.000
3.400,4,1.5698,4.8020,0.4760,5.000,3.995,2.500,3.000,3.000,3.000,12.000,20.000,10.000,1.000
3.400,5,1.8668,4.5004,0.7121,5.000,3.995,2.500,3.000,3.000,3.000,12.000,20.000,10.000,1.000
3.600,0,2.2138,3.7500,1.4572,5.000,3.715,2.500,3.000,3.000,3.000,12.000,20.000,10.000,1.000
3.600,1,1.9321,4.2419,1.1540,5.000,3.715,2.500,3.000,3.000,3.000,12.000,20.000,10.000,1.000
3.600,2,1.7114,4.3950,0.8793,5.000,3.715,2.500,3.000,3.000,3.000,12.000,20.000,10.000,1.000
3.600,3,1.3155,4.8461,0.3666,5.000,3.715,2.500,3.000,3.000,3.000,12.000,20.000,10.000,1.000
3.600,4,1.5547,4.6559,0.5187,5.000,3.715,2.500,3.000,3.000,3.000,12.000,20.000,10.000,1.000
3.600,5,1.8357,4.1654,0.8165,5.000,3.715,2.500,3.000,3.000,3.000,12.000,20.000,10.000,1.000
3.800,0,2.0665,3.1424,1.6256,5.000,3.435,2.500,3.000,3.000,3.000,12.000,20.000,10.000,1.000
3.800,1,1.8372,3.8765,1.2466,5.000,3.435,2.500,3.000,3.000,3.000,12.000,20.000,10.000,1.000
3.800,2,1.6273,4.0735,0.9596,5.000,3.435,2.500,3.000,3.000,3.000,12.000,20.000,10.000,1.000
3.800,3,1.2741,4.6940,0.4018,5.000,3.435,2.500,3.000,3.000,3.000,12.000,20.000,10.000,1.000
3.800,4,1.5082,4.4679,0.5601,5.000,3.435,2.500,3.000,3.000,3.000,12.000,20.000,10.000,1.000
3.800,5,1.7538,3.8111,0.8983,5.000,3.435,2.500,3.000,3.000,3.000,12.000,20.000,10.000,1.000
4.000,0,1.8543,2.5555,1.7736,5.000,3.155,2.500,3.000,3.000,3.000,12.000,20.000,10.000,1.000
4.000,1,1.6891,3.4744,1.3384,5.000,3.155,2.500,3.000,3.000,3.000,12.000,20.000,10.000,1.000
4.000,2,1.4844,3.6833,1.0455,5.000,3.155,2.500,3.000,3.000,3.000,12.000,20.000,10.000,1.000
4.000,3,1.1942,4.4788,0.4457,5.000,3.155,2.500,3.000,3.000,3.000,12.000,20.000,10.000,1.000
4.000,4,1.4288,4.2455,0.6053,5.000,3.155,2.500,3.000,3.000,3.000,12.000,20.000,10.000,1.000
4.000,5,1.6461,3.4716,0.9619,5.000,3.155,2.500,3.000,3.000,3.000,12.000,20.000,10.000,1.000
4.200,0,1.6217,2.0529,1.8614,5.000,2.875,2.500,3.000,3.000,3.000,12.000,20.000,10.000,1.000
4.200,1,1.4855,3.0472,1.4051,5.000,2.875,2.500,3.000,3.000,3.000,12.000,20.000,10.000,1.000
4.200,2,1.2785,3.2494,1.1081,5.000,2.875,2.500,3.000,3.000,3.000,12.000,20.000,10.000,1.000
4.200,3,1.0639,4.2031,0.4822,5.000,2.875,2.500,3.000,3.000,3.000,12.000,20.000,10.000,1.000
4.200,4,1.3148,3.9985,0.6364,5.000,2.875,2.500,3.000,3.000,3.000,12.000,20.000,10.000,1.000
4.200,5,1.5225,3.1857,0.9977,5.000,2.875,2.500,3.000,3.000,3.000,12.000,20.000,10.000,1.000
4.400,0,1.3546,1.6786,1.8688,5.000,2.595,2.500,3.000,3.000,3.000,12.000,20.000,10.000,1.000
4.400,1,1.1859,2.6394,1.4084,5.000,2.595,2.500,3.000,3.000,3.000,12.000,20.000,10.000,1.000
4.400,2,0.9764,2.8403,1.1051,5.000,2.595,2.500,3.000,3.000,3.000,12.000,20.000,10.000,1.000
4.400,3,0.8323,3.8912,0.4761,5.000,2.595,2.500,3.000,3.000,3.000,12.000,20.000,10.000,1.000
4.400,4,1.1418,3.7534,0.6279,5.000,2.595,2.500,3.000,3.000,3.000,12.000,20.000,10.000,1.000
4.400,5,1.3820,2.9881,0.9941,5.000,2.595,2.500,3.000,3.000,3.000,12.000,20.000,10.000,1.000
4.600,0,1.0867,1.4390,1.8155,5.000,2.315,2.500,3.000,3.000,3.000,12.000,20.000,10.000,1.000
4.600,1,0.7896,2.2883,1.3322,5.000,2.315,2.500,3.000,3.000,3.000,12.000,20.000,10.000,1.000
4.600,2,0.5706,2.4816,1.0134,5.000,2.315,2.500,3.000,3.000,3.000,12.000,20.000,10.000,1.000
4.600,3,0.4815,3.5793,0.3926,5.000,2.315,2.500,3.000,3.000,3.000,12.000,20.000,10.000,1.000
4.600,4,0.9124,3.5364,0.5655,5.000,2.315,2.500,3.000,3.000,3.000,12.000,20.000,10.000,1.000
4.600,5,1.2566,2.8709,0.9627,5.000,2.315,2.500,3.000,3.000,3.000,12.000,20.000,10.000,1.000
4.800,0,0.8525,1.3036,1.7334,5.000,2.035,2.500,3.000,3.000,3.000,12.000,20.000,10.000,1.000
4.800,1,0.3383,2.0203,1.1790,5.000,2.035,2.500,3.000,3.000,3.000,12.000,20.000,10.000,1.000
4.800,2,0.0768,2.1907,0.8279,5.000,2.035,2.500,3.000,3.000,3.000,12.000,20.000,10.000,1.000
4.800,3,0.0234,3.3025,0.2145,5.000,2.035,2.500,3.000,3.000,3.000,12.000,20.000,10.000,1.000
4.800,4,0.6422,3.3661,0.4529,5.000,2.035,2.500,3.000,3.000,3.000,12.000,20.000,10.000,1.000
4.800,5,1.1747,2.8190,0.9287,5.000,2.035,2.500,3.000,3.000,3.000,12.000,20.000,10.000,1.000
5.000,0,0.6613,1.2411,1.6439,5.000,1.959,2.500,3.000,3.000,3.000,12.000,20.000,10.000,1.000
5.000,1,-0.1366,1.8550,0.9630,5.000,1.959,2.500,3.000,3.000,3.000,12.000,20.000,10.000,1.000
5.000,2,-0.4920,1.9938,0.5468,5.000,1.959,2.500,3.000,3.000,3.000,12.000,20.000,10.000,1.000
5.000,3,-0.5195,3.1069,-0.0616,5.000,1.959,2.500,3.000,3.000,3.000,12.000,20.000,10.000,1.000
5.000,4,0.3477,3.2568,0.2961,5.000,1.959,2.500,3.000,3.000,3.000,12.000,20.000,10.000,1.000
5.000,5,1.1540,2.8091,0.9138,5.000,1.959,2.500,3.000,3.000,3.000,12.000,20.000,10.000,1.000
5.200,0,0.5104,1.2258,1.5579,5.000,1.883,2.500,3.000,3.000,3.000,12.000,20.000,10.000,1.000
5.200,1,-0.6059,1.7919,0.6931,5.000,1.883,2.500,3.000,3.000,3.000,12.000,20.000,10.000,1.000
5.200,2,-1.1253,1.9101,0.1652,5.000,1.883,2.500,3.000,3.000,3.000,12.000,20.000,10.000,1.000
5.200,3,-1.1209,3.0149,-0.4289,5.000,1.883,2.500,3.000,3.000,3.000,12.000,20.000,10.000,1.000
5.200,4,0.0403,3.2138,0.1036,5.000,1.883,2.500,3.000,3.000,3.000,12.000,20.000,10.000,1.000
5.200,5,1.1562,2.8094,0.9118,5.000,1.883,2.500,3.000,3.000,3.000,12.000,20.000,10.000,1.000
5.400,0,0.3981,1.2409,1.4867,5.000,1.807,2.500,3.000,3.000,3.000,12.000,20.000,10.000,1.000
5.400,1,-1.0706,1.8211,0.3668,5.000,1.807,2.500,3.000,3.000,3.000,12.000,20.000,10.000,1.000
5.400,2,-1.8195,1.9504,-0.3374,5.000,1.807,2.500,3.000,3.000,3.000,12.000,20.000,10.000,1.000
5.400,3,-1.7304,3.0384,-0.8819,5.000,1.807,2.500,3.000,3.000,3.000,12.000,20.000,10.000,1.000
5.400,4,-0.2509,3.2322,-0.1164,5.000,1.807,2.500,3.000,3.000,3.000,12.000,20.000,10.000,1.000
5.400,5,1.1591,2.8165,0.9043,5.000,1.807,2.500,3.000,3.000,3.000,12.000,20.000,10.000,1.000
5.600,0,0.3263,1.2941,1.5002,5.000,1.731,2.500,3.000,3.000,3.000,12.000,20.000,10.000,1.000
5.600,1,-1.5456,1.9378,-0.0108,5.000,1.731,2.500,3.000,3.000,3.000,12.000,20.000,10.000,1.000
5.600,2,-2.5403,2.1231,-0.9395,5.000,1.731,2.500,3.000,3.000,3.000,12.000,20.000,10.000,1.000
5.600,3,-2.3196,3.1672,-1.3943,5.000,1.731,2.500,3.000,3.000,3.000,12.000,20.000,10.000,1.000
5.600,4,-0.5150,3.2994,-0.3396,5.000,1.731,2.500,3.000,3.000,3.000,12.000,20.000,10.000,1.000
5.600,5,1.2734,2.8791,0.9013,5.000,1.731,2.500,3.000,3.000,3.000,12.000,20.000,10.000,1.000
5.800,0,0.3048,1.3973,1.6347,5.000,1.655,2.500,3.000,3.000,3.000,12.000,20.000,10.000,1.000
5.800,1,-2.0886,2.0974,-0.4449,5.000,1.655,2.500,3.000,3.000,3.000,12.000,20.000,10.000,1.000
5.800,2,-3.2858,2.3530,-1.5735,5.000,1.655,2.500,3.000,3.000,3.000,12.000,20.000,10.000,1.000
5.800,3,-2.9390,3.3432,-1.9463,5.000,1.655,2.500,3.000,3.000,3.000,12.000,20.000,10.000,1.000
5.800,4,-0.6682,3.4279,-0.6123,5.000,1.655,2.500,3.000,3.000,3.000,12.000,20.000,10.000,1.000
5.800,5,1.5859,3.0135,0.9362,5.000,1.655,2.500,3.000,3.000,3.000,12.000,20.000,10.000,1.000
6.000,0,0.3132,1.5484,1.8948,5.000,1.579,2.500,3.000,3.000,3.000,12.000,20.000,10.000,1.000
6.000,1,-2.7148,2.2772,-0.8358,5.000,1.579,2.500,3.000,3.000,3.000,12.000,20.000,10.000,1.000
6.000,2,-4.0150,2.6238,-2.2255,5.000,1.579,2.500,3.000,3.000,3.000,12.000,20.000,10.000,1.000
6.000,3,-3.5622,3.5632,-2.5180,5.000,1.579,2.500,3.000,3.000,3.000,12.000,20.000,10.000,1.000
6.000,4,-0.6512,3.6282,-0.9487,5.000,1.579,2.500,3.000,3.000,3.000,12.000,20.000,10.000,1.000
6.000,5,2.0970,3.2204,1.0184,5.000,1.579,2.500,3.000,3.000,3.000,12.000,20.000,10.000,1.000
6.200,0,0.3321,1.7495,2.2777,5.000,1.503,2.500,3.000,3.000,3.000,12.000,20.000,10.000,1.000
6.200,1,-3.3847,2.4493,-1.0767,5.000,1.503,2.500,3.000,3.000,3.000,12.000,20.000,10.000,1.000
6.200,2,-4.6565,2.9428,-2.9655,5.000,1.503,2.500,3.000,3.000,3.000,12.000,20.000,10.000,1.000
6.200,3,-4.1086,3.8326,-3.1554,5.000,1.503,2.500,3.000,3.000,3.000,12.000,20.000,10.000,1.000
6.200,4,-0.4481,3.8776,-1.3378,5.000,1.503,2.500,3.000,3.000,3.000,12.000,20.000,10.000,1.000
6.200,5,2.7921,3.4788,1.1770,5.000,1.503,2.500,3.000,3.000,3.000,12.000,20.000,10.000,1.000
6.400,0,0.3233,2.0077,2.7727,5.000,1.428,2.500,3.000,3.000,3.000,12.000,20.000,10.000,1.000
6.400,1,-4.0465,2.6138,-1.1440,5.000,1.428,2.500,3.000,3.000,3.000,12.000,20.000,10.000,1.000
6.400,2,-5.0000,3.2824,-3.7746,5.000,1.428,2.500,3.000,3.000,3.000,12.000,20.000,10.000,1.000
6.400,3,-4.5539,4.1269,-3.8691,5.000,1.428,2.500,3.000,3.000,3.000,12.000,20.000,10.000,1.000
6.400,4,-0.0582,4.1504,-1.7702,5.000,1.428,2.500,3.000,3.000,3.000,12.000,20.000,10.000,1.000
6.400,5,3.5563,3.7143,1.4233,5.000,1.428,2.500,3.000,3.000,3.000,12.000,20.000,10.000,1.000
6.600,0,0.2198,2.3343,3.3278,5.000,1.352,2.500,3.000,3.000,3.000,12.000,20.000,10.000,1.000
6.600,1,-4.6649,2.7742,-1.0272,5.000,1.352,2.500,3.000,3.000,3.000,12.000,20.000,10.000,1.000
6.600,2,-5.0000,3.6280,-4.6324,5.000,1.352,2.500,3.000,3.000,3.000,12.000,20.000,10.000,1.000
6.600,3,-4.8561,4.4337,-4.6393,5.000,1.352,2.500,3.000,3.000,3.000,12.000,20.000,10.000,1.000
6.600,4,0.4931,4.4144,-2.2396,5.000,1.352,2.500,3.000,3.000,3.000,12.000,20.000,10.000,1.000
6.600,5,4.3179,3.9169,1.6954,5.000,1.352,2.500,3.000,3.000,3.000,12.000,20.000,10.000,1.000
6.800,0,0.0075,2.7422,3.8816,5.000,1.276,2.500,3.000,3.000,3.000,12.000,20.000,10.000,1.000
6.800,1,-5.0000,2.9338,-0.7330,5.000,1.276,2.500,3.000,3.000,3.000,12.000,20.000,10.000,1.000
6.800,2,-5.0000,4.0000,-5.0000,5.000,1.276,2.500,3.000,3.000,3.000,12.000,20.000,10.000,1.000
6.800,3,-4.9873,4.7620,-5.0000,5.000,1.276,2.500,3.000,3.000,3.000,12.000,20.000,10.000,1.000
6.800,4,1.1507,4.6173,-2.6658,5.000,1.276,2.500,3.000,3.000,3.000,12.000,20.000,10.000,1.000
6.800,5,5.0000,4.0932,1.9431,5.000,1.276,2.500,3.000,3.000,3.000,12.000,20.000,10.000,1.000
7.000,0,-0.2452,3.2235,4.3550,5.000,1.200,2.500,3.000,3.000,3.000,12.000,20.000,10.000,1.000
7.000,1,-5.0000,3.0860,-0.2668,5.000,1.200,2.500,3.000,3.000,3.000,12.000,20.000,10.000,1.000
7.000,2,-4.9588,4.3893,-5.0000,5.000,1.200,2.500,3.000,3.000,3.000,12.000,20.000,10.000,1.000
7.000,3,-4.9504,5.0000,-5.0000,5.000,1.200,2.500,3.000,3.000,3.000,12.000,20.000,10.000,1.000
7.000,4,1.8725,4.7416,-3.0274,5.000,1.200,2.500,3.000,3.000,3.000,12.000,20.000,10.000,1.000
7.000,5,5.0000,4.2227,2.1847,5.000,1.200,2.500,3.000,3.000,3.000,12.000,20.000,10.000,1.000
7.200,0,-0.5266,3.7189,4.7180,5.000,1.124,2.500,3.000,3.000,3.000,12.000,20.000,10.000,1.000
7.200,1,-5.0000,3.2381,0.3169,5.000,1.124,2.500,3.000,3.000,3.000,12.000,20.000,10.000,1.000
7.200,2,-4.7426,4.7677,-5.0000,5.000,1.124,2.500,3.000,3.000,3.000,12.000,20.000,10.000,1.000
7.200,3,-4.7545,5.0000,-5.0000,5.000,1.124,2.500,3.000,3.000,3.000,12.000,20.000,10.000,1.000
7.200,4,2.6347,4.7840,-3.3111,5.000,1.124,2.500,3.000,3.000,3.000,12.000,20.000,10.000,1.000
7.200,5,5.0000,4.3002,2.4177,5.000,1.124,2.500,3.000,3.000,3.000,12.000,20.000,10.000,1.000
7.400,0,-0.8195,4.1801,4.9715,5.000,1.048,2.500,3.000,3.000,3.000,12.000,20.000,10.000,1.000
7.400,1,-5.0000,3.3963,0.9304,5.000,1.048,2.500,3.000,3.000,3.000,12.000,20.000,10.000,1.000
7.400,2,-4.3575,5.0000,-5.0000,5.000,1.048,2.500,3.000,3.000,3.000,12.000,20.000,10.000,1.000
7.400,3,-4.4016,5.0000,-5.0000,5.000,1.048,2.500,3.000,3.000,3.000,12.000,20.000,10.000,1.000
7.400,4,3.4110,4.7479,-3.5061,5.000,1.048,2.500,3.000,3.000,3.000,12.000,20.000,10.000,1.000
7.400,5,5.0000,4.3229,2.6387,5.000,1.048,2.500,3.000,3.000,3.000,12.000,20.000,10.000,1.000
7.600,0,-1.1094,4.5812,5.0000,5.000,0.972,2.500,3.000,3.000,3.000,12.000,20.000,10.000,1.000
7.600,1,-5.0000,3.5489,1.5291,5.000,0.972,2.500,3.000,3.000,3.000,12.000,20.000,10.000,1.000
7.600,2,-3.8396,5.0000,-5.0000,5.000,0.972,2.500,3.000,3.000,3.000,12.000,20.000,10.000,1.000
7.600,3,-3.8867,5.0000,-5.0000,5.000,0.972,2.500,3.000,3.000,3.000,12.000,20.000,10.000,1.000
7.600,4,4.1733,4.6394,-3.6071,5.000,0.972,2.500,3.000,3.000,3.000,12.000,20.000,10.000,1.000
7.600,5,5.0000,4.2923,2.8455,5.000,0.972,2.500,3.000,3.000,3.000,12.000,20.000,10.000,1.000
7.800,0,-1.3896,4.9074,5.0000,5.000,0.896,2.500,3.000,3.000,3.000,12.000,20.000,10.000,1.000
7.800,1,-4.9991,3.6836,2.0728,5.000,0.896,2.500,3.000,3.000,3.000,12.000,20.000,10.000,1.000
7.800,2,-3.2203,4.9981,-5.0000,5.000,0.896,2.500,3.000,3.000,3.000,12.000,20.000,10.000,1.000
7.800,3,-3.1991,4.9977,-5.0000,5.000,0.896,2.500,3.000,3.000,3.000,12.000,20.000,10.000,1.000
7.800,4,4.8964,4.4700,-3.6106,5.000,0.896,2.500,3.000,3.000,3.000,12.000,20.000,10.000,1.000
7.800,5,5.0000,4.2113,3.0272,5.000,0.896,2.500,3.000,3.000,3.000,12.000,20.000,10.000,1.000
8.000,0,-1.6026,5.0000,5.0000,5.000,0.810,2.500,3.000,3.000,3.000,12.000,20.000,10.000,1.000
8.000,1,-4.9868,3.7737,2.4912,5.000,0.810,2.500,3.000,3.000,3.000,12.000,20.000,10.000,1.000
8.000,2,-2.5144,4.9299,-5.0000,5.000,0.810,2.500,3.000,3.000,3.000,12.000,20.000,10.000,1.000
8.000,3,-2.3621,4.9147,-5.0000,5.000,0.810,2.500,3.000,3.000,3.000,12.000,20.000,10.000,1.000
8.000,4,5.0000,4.2502,-3.5182,5.000,0.810,2.500,3.000,3.000,3.000,12.000,20.000,10.000,1.000
8.000,5,5.0000,4.0853,3.1839,5.000,0.810,2.500,3.000,3.000,3.000,12.000,20.000,10.000,1.000
8.200,0,-1.7294,5.0000,4.9979,5.000,0.709,2.500,3.000,3.000,3.000,12.000,20.000,10.000,1.000
8.200,1,-4.9751,3.8096,2.7664,5.000,0.709,2.500,3.000,3.000,3.000,12.000,20.000,10.000,1.000
8.200,2,-1.7546,4.7568,-5.0000,5.000,0.709,2.500,3.000,3.000,3.000,12.000,20.000,10.000,1.000
8.200,3,-1.4407,4.7020,-5.0000,5.000,0.709,2.500,3.000,3.000,3.000,12.000,20.000,10.000,1.000
8.200,4,5.0000,3.9910,-3.3309,5.000,0.709,2.500,3.000,3.000,3.000,12.000,20.000,10.000,1.000
8.200,5,4.9577,3.9201,3.3138,5.000,0.709,2.500,3.000,3.000,3.000,12.000,20.000,10.000,1.000
8.400,0,-1.7654,5.0000,4.9716,5.000,0.608,2.500,3.000,3.000,3.000,12.000,20.000,10.000,1.000
8.400,1,-4.9758,3.7903,2.8942,5.000,0.608,2.500,3.000,3.000,3.000,12.000,20.000,10.000,1.000
8.400,2,-0.9687,4.4933,-5.0000,5.000,0.608,2.500,3.000,3.000,3.000,12.000,20.000,10.000,1.000
8.400,3,-0.4619,4.3729,-5.0000,5.000,0.608,2.500,3.000,3.000,3.000,12.000,20.000,10.000,1.000
8.400,4,5.0000,3.7029,-3.0417,5.000,0.608,2.500,3.000,3.000,3.000,12.000,20.000,10.000,1.000
8.400,5,4.7998,3.7244,3.4124,5.000,0.608,2.500,3.000,3.000,3.000,12.000,20.000,10.000,1.000
8.600,0,-1.7193,5.0000,4.9186,5.000,0.507,2.500,3.000,3.000,3.000,12.000,20.000,10.000,1.000
8.600,1,-4.9901,3.7192,2.8755,5.000,0.507,2.500,3.000,3.000,3.000,12.000,20.000,10.000,1.000
8.600,2,-0.2181,4.1672,-4.9620,5.000,0.507,2.500,3.000,3.000,3.000,12.000,20.000,10.000,1.000
8.600,3,0.5674,3.9432,-4.9490,5.000,0.507,2.500,3.000,3.000,3.000,12.000,20.000,10.000,1.000
8.600,4,5.0000,3.3968,-2.6535,5.000,0.507,2.500,3.000,3.000,3.000,12.000,20.000,10.000,1.000
8.600,5,4.5250,3.5091,3.4862,5.000,0.507,2.500,3.000,3.000,3.000,12.000,20.000,10.000,1.000
8.800,0,-1.5901,5.0000,4.8300,5.000,0.500,2.500,3.000,3.000,3.000,12.000,20.000,10.000,1.000
8.800,1,-5.0000,3.5988,2.7073,5.000,0.500,2.500,3.000,3.000,3.000,12.000,20.000,10.000,1.000
8.800,2,0.3895,3.8144,-4.8340,5.000,0.500,2.500,3.000,3.000,3.000,12.000,20.000,10.000,1.000
8.800,3,1.6906,3.4454,-4.8280,5.000,0.500,2.500,3.000,3.000,3.000,12.000,20.000,10.000,1.000
8.800,4,5.0000,3.0832,-2.1410,5.000,0.500,2.500,3.000,3.000,3.000,12.000,20.000,10.000,1.000
8.800,5,4.1369,3.2844,3.5304,5.000,0.500,2.500,3.000,3.000,3.000,12.000,20.000,10.000,1.000
9.000,0,-1.3901,4.9776,4.7072,5.000,0.500,2.500,3.000,3.000,3.000,12.000,20.000,10.000,1.000
9.000,1,-5.0000,3.4327,2.3942,5.000,0.500,2.500,3.000,3.000,3.000,12.000,20.000,10.000,1.000
9.000,2,0.8288,3.4573,-4.6165,5.000,0.500,2.500,3.000,3.000,3.000,12.000,20.000,10.000,1.000
9.000,3,2.8449,2.9135,-4.6806,5.000,0.500,2.500,3.000,3.000,3.000,12.000,20.000,10.000,1.000
9.000,4,5.0000,2.7770,-1.4777,5.000,0.500,2.500,3.000,3.000,3.000,12.000,20.000,10.000,1.000
9.000,5,3.6274,3.0632,3.5392,5.000,0.500,2.500,3.000,3.000,3.000,12.000,20.000,10.000,1.000
9.200,0,-1.1362,4.9075,4.5529,5.000,0.500,2.500,3.000,3.000,3.000,12.000,20.000,10.000,1.000
9.200,1,-5.0000,3.2288,1.9327,5.000,0.500,2.500,3.000,3.000,3.000,12.000,20.000,10.000,1.000
9.200,2,1.0852,3.1163,-4.3150,5.000,0.500,2.500,3.000,3.000,3.000,12.000,20.000,10.000,1.000
9.200,3,3.9945,2.3868,-4.5138,5.000,0.500,2.500,3.000,3.000,3.000,12.000,20.000,10.000,1.000
9.200,4,5.0000,2.5005,-0.6668,5.000,0.500,2.500,3.000,3.000,3.000,12.000,20.000,10.000,1.000
9.200,5,3.0012,2.8587,3.5392,5.000,0.500,2.500,3.000,3.000,3.000,12.000,20.000,10.000,1.000
9.400,0,-0.9352,4.8099,4.3631,5.000,0.500,2.500,3.000,3.000,3.000,12.000,20.000,10.000,1.000
9.400,1,-4.9971,3.0113,1.3477,5.000,0.500,2.500,3.000,3.000,3.000,12.000,20.000,10.000,1.000
9.400,2,1.1498,2.8136,-3.9418,5.000,0.500,2.500,3.000,3.000,3.000,12.000,20.000,10.000,1.000
9.400,3,5.0000,1.8889,-4.3438,5.000,0.500,2.500,3.000,3.000,3.000,12.000,20.000,10.000,1.000
9.400,4,5.0000,2.2735,0.2200,5.000,0.500,2.500,3.000,3.000,3.000,12.000,20.000,10.000,1.000
9.400,5,2.2985,2.6583,3.5778,5.000,0.500,2.500,3.000,3.000,3.000,12.000,20.000,10.000,1.000
9.600,0,-0.8535,4.6885,4.1132,5.000,0.500,2.500,3.000,3.000,3.000,12.000,20.000,10.000,1.000
9.600,1,-4.9356,2.8127,0.6754,5.000,0.500,2.500,3.000,3.000,3.000,12.000,20.000,10.000,1.000
9.600,2,1.0131,2.5746,-3.5066,5.000,0.500,2.500,3.000,3.000,3.000,12.000,20.000,10.000,1.000
9.600,3,5.0000,1.4306,-4.1755,5.000,0.500,2.500,3.000,3.000,3.000,12.000,20.000,10.000,1.000
9.600,4,5.0000,2.1144,1.1542,5.000,0.500,2.500,3.000,3.000,3.000,12.000,20.000,10.000,1.000
9.600,5,1.5298,2.4603,3.6502,5.000,0.500,2.500,3.000,3.000,3.000,12.000,20.000,10.000,1.000
9.800,0,-0.8980,4.5594,3.7967,5.000,0.500,2.500,3.000,3.000,3.000,12.000,20.000,10.000,1.000
9.800,1,-4.7783,2.6483,-0.0691,5.000,0.500,2.500,3.000,3.000,3.000,12.000,20.000,10.000,1.000
9.800,2,0.6871,2.4285,-3.0222,5.000,0.500,2.500,3.000,3.000,3.000,12.000,20.000,10.000,1.000
9.800,3,5.0000,1.0201,-3.9771,5.000,0.500,2.500,3.000,3.000,3.000,12.000,20.000,10.000,1.000
9.800,4,5.0000,2.0250,2.0368,5.000,0.500,2.500,3.000,3.000,3.000,12.000,20.000,10.000,1.000
9.800,5,0.6913,2.2741,3.7355,5.000,0.500,2.500,3.000,3.000,3.000,12.000,20.000,10.000,1.000
10.000,0,-1.0586,4.4394,3.4076,5.000,0.500,2.500,3.000,3.000,3.000,12.000,20.000,10.000,1.000
10.000,1,-4.5214,2.5346,-0.8608,5.000,0.500,2.500,3.000,3.000,3.000,12.000,20.000,10.000,1.000
10.000,2,0.2000,2.4007,-2.5144,5.000,0.500,2.500,3.000,3.000,3.000,12.000,20.000,10.000,1.000
10.000,3,5.0000,0.6666,-3.7448,5.000,0.500,2.500,3.000,3.000,3.000,12.000,20.000,10.000,1.000
10.000,4,5.0000,2.0056,2.8467,5.000,0.500,2.500,3.000,3.000,3.000,12.000,20.000,10.000,1.000
10.000,5,-0.1931,2.1106,3.8115,5.000,0.500,2.500,3.000,3.000,3.000,12.000,20.000,10.000,1.000
10.200,0,-1.3159,4.3364,2.9310,5.000,0.500,2.500,3.000,3.000,3.000,12.000,20.000,10.000,1.000
10.200,1,-4.2125,2.4886,-1.6587,5.000,0.500,2.500,3.000,3.000,3.000,12.000,20.000,10.000,1.000
10.200,2,-0.2944,2.4812,-2.0490,5.000,0.500,2.500,3.000,3.000,3.000,12.000,20.000,10.000,1.000
10.200,3,5.0000,0.5000,-3.4680,5.000,0.500,2.500,3.000,3.000,3.000,12.000,20.000,10.000,1.000
10.200,4,5.0000,2.0544,3.5930,5.000,0.500,2.500,3.000,3.000,3.000,12.000,20.000,10.000,1.000
10.200,5,-1.0293,1.9624,3.8666,5.000,0.500,2.500,3.000,3.000,3.000,12.000,20.000,10.000,1.000
10.400,0,-1.6493,4.2477,2.3653,5.000,0.500,2.500,3.000,3.000,3.000,12.000,20.000,10.000,1.000
10.400,1,-3.9188,2.5170,-2.4255,5.000,0.500,2.500,3.000,3.000,3.000,12.000,20.000,10.000,1.000
10.400,2,-0.6899,2.6512,-1.6696,5.000,0.500,2.500,3.000,3.000,3.000,12.000,20.000,10.000,1.000
10.400,3,5.0000,0.5000,-3.1516,5.000,0.500,2.500,3.000,3.000,3.000,12.000,20.000,10.000,1.000
10.400,4,5.0000,2.1648,4.2677,5.000,0.500,2.500,3.000,3.000,3.000,12.000,20.000,10.000,1.000
10.400,5,-1.7939,1.8208,3.9257,5.000,0.500,2.500,3.000,3.000,3.000,12.000,20.000,10.000,1.000
10.600,0,-2.0577,4.1645,1.7701,5.000,0.500,2.500,3.000,3.000,3.000,12.000,20.000,10.000,1.000
10.600,1,-3.6493,2.6132,-3.1598,5.000,0.500,2.500,3.000,3.000,3.000,12.000,20.000,10.000,1.000
10.600,2,-0.9578,2.8675,-1.4164,5.000,0.500,2.500,3.000,3.000,3.000,12.000,20.000,10.000,1.000
10.600,3,5.0000,0.5000,-2.7979,5.000,0.500,2.500,3.000,3.000,3.000,12.000,20.000,10.000,1.000
10.600,4,5.0000,2.3279,4.8615,5.000,0.500,2.500,3.000,3.000,3.000,12.000,20.000,10.000,1.000
10.600,5,-2.4860,1.6852,4.0060,5.000,0.500,2.500,3.000,3.000,3.000,12.000,20.000,10.000,1.000
10.800,0,-2.5313,4.0728,1.1631,5.000,0.500,2.500,3.000,3.000,3.000,12.000,20.000,10.000,1.000
10.800,1,-3.4020,2.7620,-3.8631,5.000,0.500,2.500,3.000,3.000,3.000,12.000,20.000,10.000,1.000
10.800,2,-1.0676,3.1014,-1.2834,5.000,0.500,2.500,3.000,3.000,3.000,12.000,20.000,10.000,1.000
10.800,3,5.0000,0.5337,-2.4071,5.000,0.500,2.500,3.000,3.000,3.000,12.000,20.000,10.000,1.000
10.800,4,5.0000,2.5321,5.0000,5.000,0.500,2.500,3.000,3.000,3.000,12.000,20.000,10.000,1.000
10.800,5,-3.1120,1.5592,4.1188,5.000,0.500,2.500,3.000,3.000,3.000,12.000,20.000,10.000,1.000
11.000,0,-3.0580,3.9602,0.5697,5.000,0.500,2.500,3.000,3.000,3.000,12.000,20.000,10.000,1.000
11.000,1,-3.1754,2.9422,-4.5366,5.000,0.500,2.500,3.000,3.000,3.000,12.000,20.000,10.000,1.000
11.000,2,-1.0076,3.3353,-1.2554,5.000,0.500,2.500,3.000,3.000,3.000,12.000,20.000,10.000,1.000
11.000,3,5.0000,0.6678,-1.9899,5.000,0.500,2.500,3.000,3.000,3.000,12.000,20.000,10.000,1.000
11.000,4,5.0000,2.7702,5.0000,5.000,0.500,2.500,3.000,3.000,3.000,12.000,20.000,10.000,1.000
11.000,5,-3.6691,1.4476,4.2733,5.000,0.500,2.500,3.000,3.000,3.000,12.000,20.000,10.000,1.000
11.200,0,-3.6160,3.8274,0.0186,5.000,0.500,2.500,3.000,3.000,3.000,12.000,20.000,10.000,1.000
11.200,1,-2.9708,3.1365,-5.0000,5.000,0.500,2.500,3.000,3.000,3.000,12.000,20.000,10.000,1.000
11.200,2,-0.7761,3.5592,-1.3036,5.000,0.500,2.500,3.000,3.000,3.000,12.000,20.000,10.000,1.000
11.200,3,5.0000,0.9050,-1.5525,5.000,0.500,2.500,3.000,3.000,3.000,12.000,20.000,10.000,1.000
11.200,4,4.9965,3.0319,5.0000,5.000,0.500,2.500,3.000,3.000,3.000,12.000,20.000,10.000,1.000
11.200,5,-4.1514,1.3558,4.4711,5.000,0.500,2.500,3.000,3.000,3.000,12.000,20.000,10.000,1.000
11.400,0,-4.1917,3.6582,-0.4257,5.000,0.500,2.500,3.000,3.000,3.000,12.000,20.000,10.000,1.000
11.400,1,-2.7782,3.3324,-5.0000,5.000,0.500,2.500,3.000,3.000,3.000,12.000,20.000,10.000,1.000
11.400,2,-0.3778,3.7649,-1.4136,5.000,0.500,2.500,3.000,3.000,3.000,12.000,20.000,10.000,1.000
11.400,3,5.0000,1.2445,-1.0993,5.000,0.500,2.500,3.000,3.000,3.000,12.000,20.000,10.000,1.000
11.400,4,4.9295,3.3066,5.0000,5.000,0.500,2.500,3.000,3.000,3.000,12.000,20.000,10.000,1.000
11.400,5,-4.5474,1.3203,4.6544,5.000,0.500,2.500,3.000,3.000,3.000,12.000,20.000,10.000,1.000
11.600,0,-4.7564,3.4595,-0.7281,5.000,0.500,2.500,3.000,3.000,3.000,12.000,20.000,10.000,1.000
11.600,1,-2.5754,3.5201,-5.0000,5.000,0.500,2.500,3.000,3.000,3.000,12.000,20.000,10.000,1.000
11.600,2,0.1777,3.9388,-1.5774,5.000,0.500,2.500,3.000,3.000,3.000,12.000,20.000,10.000,1.000
11.600,3,5.0000,1.6819,-0.6418,5.000,0.500,2.500,3.000,3.000,3.000,12.000,20.000,10.000,1.000
11.600,4,4.7742,3.5829,5.0000,5.000,0.500,2.500,3.000,3.000,3.000,12.000,20.000,10.000,1.000
11.600,5,-4.8560,1.3541,4.7994,5.000,0.500,2.500,3.000,3.000,3.000,12.000,20.000,10.000,1.000
11.800,0,-5.0000,3.2470,-0.8822,5.000,0.500,2.500,3.000,3.000,3.000,12.000,20.000,10.000,1.000
11.800,1,-2.3613,3.6917,-5.0000,5.000,0.500,2.500,3.000,3.000,3.000,12.000,20.000,10.000,1.000
11.800,2,0.8499,4.0621,-1.7735,5.000,0.500,2.500,3.000,3.000,3.000,12.000,20.000,10.000,1.000
11.800,3,5.0000,2.2074,-0.1909,5.000,0.500,2.500,3.000,3.000,3.000,12.000,20.000,10.000,1.000
11.800,4,4.5375,3.8477,5.0000,5.000,0.500,2.500,3.000,3.000,3.000,12.000,20.000,10.000,1.000
11.800,5,-5.0000,1.4553,4.9013,5.000,0.500,2.500,3.000,3.000,3.000,12.000,20.000,10.000,1.000
12.000,0,-5.0000,3.0334,-0.8863,5.000,0.500,2.500,3.000,3.000,3.000,12.000,20.000,10.000,1.000
12.000,1,-2.1434,3.8411,-5.0000,5.000,0.500,2.500,3.000,3.000,3.000,12.000,20.000,10.000,1.000
12.000,2,1.5299,4.1613,-1.9928,5.000,0.500,2.500,3.000,3.000,3.000,12.000,20.000,10.000,1.000
12.000,3,5.0000,2.7754,0.2726,5.000,0.500,2.500,3.000,3.000,3.000,12.000,20.000,10.000,1.000
12.000,4,4.2228,4.0893,4.9667,5.000,0.500,2.500,3.000,3.000,3.000,12.000,20.000,10.000,1.000
12.000,5,-5.0000,1.6203,4.9540,5.000,0.500,2.500,3.000,3.000,3.000,12.000,20.000,10.000,1.000
12.200,0,-5.0000,2.8374,-0.8080,5.000,0.500,2.500,3.000,3.000,3.000,12.000,20.000,10.000,1.000
12.200,1,-1.9799,3.9530,-5.0000,5.000,0.500,2.500,3.000,3.000,3.000,12.000,20.000,10.000,1.000
12.200,2,2.1764,4.2571,-2.2512,5.000,0.500,2.500,3.000,3.000,3.000,12.000,20.000,10.000,1.000
12.200,3,5.0000,3.3436,0.6985,5.000,0.500,2.500,3.000,3.000,3.000,12.000,20.000,10.000,1.000
12.200,4,3.8162,4.3105,4.9112,5.000,0.500,2.500,3.000,3.000,3.000,12.000,20.000,10.000,1.000
12.200,5,-4.9994,1.8456,4.9566,5.000,0.500,2.500,3.000,3.000,3.000,12.000,20.000,10.000,1.000
12.400,0,-5.0000,2.6775,-0.6812,5.000,0.500,2.500,3.000,3.000,3.000,12.000,20.000,10.000,1.000
12.400,1,-1.8469,4.0207,-5.0000,5.000,0.500,2.500,3.000,3.000,3.000,12.000,20.000,10.000,1.000
12.400,2,2.7428,4.3145,-2.5891,5.000,0.500,2.500,3.000,3.000,3.000,12.000,20.000,10.000,1.000
12.400,3,5.0000,3.8718,1.0524,5.000,0.500,2.500,3.000,3.000,3.000,12.000,20.000,10.000,1.000
12.400,4,3.3093,4.5028,4.8697,5.000,0.500,2.500,3.000,3.000,3.000,12.000,20.000,10.000,1.000
12.400,5,-4.9452,2.1260,4.9054,5.000,0.500,2.500,3.000,3.000,3.000,12.000,20.000,10.000,1.000
12.600,0,-5.0000,2.5668,-0.5159,5.000,0.500,2.500,3.000,3.000,3.000,12.000,20.000,10.000,1.000
12.600,1,-1.7028,4.0424,-5.0000,5.000,0.500,2.500,3.000,3.000,3.000,12.000,20.000,10.000,1.000
12.600,2,3.1811,4.2955,-3.0129,5.000,0.500,2.500,3.000,3.000,3.000,12.000,20.000,10.000,1.000
12.600,3,5.0000,4.3357,1.3445,5.000,0.500,2.500,3.000,3.000,3.000,12.000,20.000,10.000,1.000
12.600,4,2.7024,4.6477,4.8369,5.000,0.500,2.500,3.000,3.000,3.000,12.000,20.000,10.000,1.000
12.600,5,-4.7990,2.4532,4.7880,5.000,0.500,2.500,3.000,3.000,3.000,12.000,20.000,10.000,1.000
12.800,0,-5.0000,2.5156,-0.3264,5.000,0.500,2.500,3.000,3.000,3.000,12.000,20.000,10.000,1.000
12.800,1,-1.5485,4.0162,-5.0000,5.000,0.500,2.500,3.000,3.000,3.000,12.000,20.000,10.000,1.000
12.800,2,3.5019,4.2010,-3.4894,5.000,0.500,2.500,3.000,3.000,3.000,12.000,20.000,10.000,1.000
12.800,3,5.0000,4.7297,1.5786,5.000,0.500,2.500,3.000,3.000,3.000,12.000,20.000,10.000,1.000
12.800,4,1.9938,4.7262,4.8041,5.000,0.500,2.500,3.000,3.000,3.000,12.000,20.000,10.000,1.000
12.800,5,-4.5555,2.8178,4.6054,5.000,0.500,2.500,3.000,3.000,3.000,12.000,20.000,10.000,1.000
13.000,0,-4.9804,2.5228,-0.1922,5.000,0.500,2.500,3.000,3.000,3.000,12.000,20.000,10.000,1.000
13.000,1,-1.3836,3.9426,-5.0000,5.000,0.500,2.500,3.000,3.000,3.000,12.000,20.000,10.000,1.000
13.000,2,3.7271,4.0432,-3.9246,5.000,0.500,2.500,3.000,3.000,3.000,12.000,20.000,10.000,1.000
13.000,3,5.0000,5.0000,1.6953,5.000,0.500,2.500,3.000,3.000,3.000,12.000,20.000,10.000,1.000
13.000,4,1.1969,4.7224,4.7611,5.000,0.500,2.500,3.000,3.000,3.000,12.000,20.000,10.000,1.000
13.000,5,-4.2087,3.2114,4.4170,5.000,0.500,2.500,3.000,3.000,3.000,12.000,20.000,10.000,1.000
13.200,0,-4.8755,2.5775,-0.1649,5.000,0.500,2.500,3.000,3.000,3.000,12.000,20.000,10.000,1.000
13.200,1,-1.2090,3.8251,-4.9834,5.000,0.500,2.500,3.000,3.000,3.000,12.000,20.000,10.000,1.000
13.200,2,3.8622,3.8368,-4.2880,5.000,0.500,2.500,3.000,3.000,3.000,12.000,20.000,10.000,1.000
13.200,3,5.0000,5.0000,1.7149,5.000,0.500,2.500,3.000,3.000,3.000,12.000,20.000,10.000,1.000
13.200,4,0.3683,4.6327,4.6807,5.000,0.500,2.500,3.000,3.000,3.000,12.000,20.000,10.000,1.000
13.200,5,-3.7718,3.6205,4.2508,5.000,0.500,2.500,3.000,3.000,3.000,12.000,20.000,10.000,1.000
13.400,0,-4.6939,2.6694,-0.2514,5.000,0.500,2.500,3.000,3.000,3.000,12.000,20.000,10.000,1.000
13.400,1,-1.0316,3.6688,-4.8608,5.000,0.500,2.500,3.000,3.000,3.000,12.000,20.000,10.000,1.000
13.400,2,3.9196,3.5980,-4.5713,5.000,0.500,2.500,3.000,3.000,3.000,12.000,20.000,10.000,1.000
13.400,3,5.0000,5.0000,1.6897,5.000,0.500,2.500,3.000,3.000,3.000,12.000,20.000,10.000,1.000
13.400,4,-0.3461,4.4807,4.5316,5.000,0.500,2.500,3.000,3.000,3.000,12.000,20.000,10.000,1.000
13.400,5,-3.3121,4.0098,4.0781,5.000,0.500,2.500,3.000,3.000,3.000,12.000,20.000,10.000,1.000
13.600,0,-4.4350,2.7906,-0.4458,5.000,0.500,2.500,3.000,3.000,3.000,12.000,20.000,10.000,1.000
13.600,1,-0.9256,3.4851,-4.6202,5.000,0.500,2.500,3.000,3.000,3.000,12.000,20.000,10.000,1.000
13.600,2,3.9848,3.3421,-4.7620,5.000,0.500,2.500,3.000,3.000,3.000,12.000,20.000,10.000,1.000
13.600,3,5.0000,5.0000,1.6297,5.000,0.500,2.500,3.000,3.000,3.000,12.000,20.000,10.000,1.000
13.600,4,-0.9124,4.2662,4.3239,5.000,0.500,2.500,3.000,3.000,3.000,12.000,20.000,10.000,1.000
13.600,5,-2.8584,4.3638,3.8907,5.000,0.500,2.500,3.000,3.000,3.000,12.000,20.000,10.000,1.000
13.800,0,-4.1026,2.9350,-0.7424,5.000,0.500,2.500,3.000,3.000,3.000,12.000,20.000,10.000,1.000
13.800,1,-0.9023,3.2904,-4.2628,5.000,0.500,2.500,3.000,3.000,3.000,12.000,20.000,10.000,1.000
13.800,2,4.0777,3.0820,-4.8605,5.000,0.500,2.500,3.000,3.000,3.000,12.000,20.000,10.000,1.000
13.800,3,5.0000,4.9727,1.5407,5.000,0.500,2.500,3.000,3.000,3.000,12.000,20.000,10.000,1.000
13.800,4,-1.3033,3.9814,4.0749,5.000,0.500,2.500,3.000,3.000,3.000,12.000,20.000,10.000,1.000
13.800,5,-2.4362,4.6795,3.6843,5.000,0.500,2.500,3.000,3.000,3.000,12.000,20.000,10.000,1.000
14.000,0,-3.7247,3.1165,-1.0173,5.000,0.500,2.500,3.000,3.000,3.000,12.000,20.000,10.000,1.000
14.000,1,-0.8412,3.1095,-3.8478,5.000,0.500,2.500,3.000,3.000,3.000,12.000,20.000,10.000,1.000
14.000,2,4.1429,2.8329,-4.8678,5.000,0.500,2.500,3.000,3.000,3.000,12.000,20.000,10.000,1.000
14.000,3,5.0000,4.8603,1.4289,5.000,0.500,2.500,3.000,3.000,3.000,12.000,20.000,10.000,1.000
14.000,4,-1.5222,3.5999,3.7998,5.000,0.500,2.500,3.000,3.000,3.000,12.000,20.000,10.000,1.000
14.000,5,-2.0713,4.9630,3.3990,5.000,0.500,2.500,3.000,3.000,3.000,12.000,20.000,10.000,1.000
14.200,0,-3.3100,3.3305,-1.2425,4.749,0.765,1.784,3.000,3.000,3.000,12.000,20.000,10.000,1.000
14.200,1,-0.6718,2.9672,-3.4018,4.749,0.765,1.784,3.000,3.000,3.000,12.000,20.000,10.000,1.000
14.200,2,4.1421,2.6090,-4.7765,4.749,0.765,1.784,3.000,3.000,3.000,12.000,20.000,10.000,1.000
14.200,3,5.0000,4.6615,1.3078,4.749,0.765,1.784,3.000,3.000,3.000,12.000,20.000,10.000,1.000
14.200,4,-1.5933,3.1121,3.5005,4.749,0.765,1.784,3.000,3.000,3.000,12.000,20.000,10.000,1.000
14.200,5,-1.7471,5.0000,3.0382,4.749,0.765,1.784,3.000,3.000,3.000,12.000,20.000,10.000,1.000
14.400,0,-2.8290,3.5379,-1.4394,3.997,1.559,0.100,3.000,3.000,3.000,12.000,20.000,10.000,1.000
14.400,1,-0.4083,2.9036,-2.9362,3.997,1.559,0.100,3.000,3.000,3.000,12.000,20.000,10.000,1.000
14.400,2,4.0832,2.4206,-4.5888,3.997,1.559,0.100,3.000,3.000,3.000,12.000,20.000,10.000,1.000
14.400,3,5.0000,4.3833,1.1854,3.997,1.559,0.100,3.000,3.000,3.000,12.000,20.000,10.000,1.000
14.400,4,-1.5466,2.5851,3.1831,3.997,1.559,0.100,3.000,3.000,3.000,12.000,20.000,10.000,1.000
14.400,5,-1.4554,5.0000,2.6261,3.997,1.559,0.100,3.000,3.000,3.000,12.000,20.000,10.000,1.000
14.600,0,-2.3079,3.6567,-1.6014,3.245,2.353,0.100,3.000,3.000,3.000,12.000,20.000,10.000,1.000
14.600,1,-0.0999,2.9452,-2.4848,3.245,2.353,0.100,3.000,3.000,3.000,12.000,20.000,10.000,1.000
14.600,2,3.9752,2.2776,-4.3012,3.245,2.353,0.100,3.000,3.000,3.000,12.000,20.000,10.000,1.000
14.600,3,4.9831,4.0384,1.0689,3.245,2.353,0.100,3.000,3.000,3.000,12.000,20.000,10.000,1.000
14.600,4,-1.3991,2.1127,2.8523,3.245,2.353,0.100,3.000,3.000,3.000,12.000,20.000,10.000,1.000
14.600,5,-1.2076,5.0000,2.1706,3.245,2.353,0.100,3.000,3.000,3.000,12.000,20.000,10.000,1.000
14.800,0,-1.7989,3.6752,-1.6998,2.493,3.147,0.100,3.000,3.000,3.000,12.000,20.000,10.000,1.000
14.800,1,0.2056,3.0806,-2.1413,2.493,3.147,0.100,3.000,3.000,3.000,12.000,20.000,10.000,1.000
14.800,2,3.8200,2.1878,-3.9177,2.493,3.147,0.100,3.000,3.000,3.000,12.000,20.000,10.000,1.000
14.800,3,4.8673,3.6454,0.9677,2.493,3.147,0.100,3.000,3.000,3.000,12.000,20.000,10.000,1.000
14.800,4,-1.1744,1.7305,2.5305,2.493,3.147,0.100,3.000,3.000,3.000,12.000,20.000,10.000,1.000
14.800,5,-1.0139,4.9966,1.6925,2.493,3.147,0.100,3.000,3.000,3.000,12.000,20.000,10.000,1.000
15.000,0,-1.3038,3.6527,-1.7281,1.741,3.941,0.100,3.000,3.000,3.000,12.000,20.000,10.000,1.000
15.000,1,0.4634,3.2455,-1.9666,1.741,3.941,0.100,3.000,3.000,3.000,12.000,20.000,10.000,1.000
15.000,2,3.6218,2.1649,-3.4380,1.741,3.941,0.100,3.000,3.000,3.000,12.000,20.000,10.000,1.000
15.000,3,4.6450,3.2296,0.8974,1.741,3.941,0.100,3.000,3.000,3.000,12.000,20.000,10.000,1.000
15.000,4,-0.9130,1.5000,2.2012,1.741,3.941,0.100,3.000,3.000,3.000,12.000,20.000,10.000,1.000
15.000,5,-0.8697,4.8979,1.2038,1.741,3.941,0.100,3.000,3.000,3.000,12.000,20.000,10.000,1.000
15.200,0,-0.8789,3.6055,-1.7700,0.989,4.736,0.100,3.000,3.000,3.000,12.000,20.000,10.000,1.000
15.200,1,0.7081,3.3579,-1.8773,0.989,4.736,0.100,3.000,3.000,3.000,12.000,20.000,10.000,1.000
15.200,2,3.3792,2.2475,-2.8214,0.989,4.736,0.100,3.000,3.000,3.000,12.000,20.000,10.000,1.000
15.200,3,4.3037,2.8297,0.8671,0.989,4.736,0.100,3.000,3.000,3.000,12.000,20.000,10.000,1.000
15.200,4,-0.6808,1.4641,1.8332,0.989,4.736,0.100,3.000,3.000,3.000,12.000,20.000,10.000,1.000
15.200,5,-0.7057,4.6420,0.7095,0.989,4.736,0.100,3.000,3.000,3.000,12.000,20.000,10.000,1.000
15.400,0,-0.5428,3.4422,-1.8093,0.236,5.530,0.100,3.000,3.000,3.000,12.000,20.000,10.000,1.000
15.400,1,0.9068,3.3512,-1.8330,0.236,5.530,0.100,3.000,3.000,3.000,12.000,20.000,10.000,1.000
15.400,2,3.0629,2.3526,-2.0567,0.236,5.530,0.100,3.000,3.000,3.000,12.000,20.000,10.000,1.000
15.400,3,3.8283,2.4923,0.8759,0.236,5.530,0.100,3.000,3.000,3.000,12.000,20.000,10.000,1.000
15.400,4,-0.3968,1.5292,1.4724,0.236,5.530,0.100,3.000,3.000,3.000,12.000,20.000,10.000,1.000
15.400,5,-0.5115,4.2497,0.2142,0.236,5.530,0.100,3.000,3.000,3.000,12.000,20.000,10.000,1.000
15.600,0,-0.3380,3.1770,-1.7885,0.100,6.324,0.100,3.000,3.000,3.000,12.000,20.000,10.000,1.000
15.600,1,0.9909,3.2410,-1.8073,0.100,6.324,0.100,3.000,3.000,3.000,12.000,20.000,10.000,1.000
15.600,2,2.6668,2.4872,-1.2165,0.100,6.324,0.100,3.000,3.000,3.000,12.000,20.000,10.000,1.000
15.600,3,3.2609,2.1807,0.8960,0.100,6.324,0.100,3.000,3.000,3.000,12.000,20.000,10.000,1.000
15.600,4,-0.1030,1.6649,1.1307,0.100,6.324,0.100,3.000,3.000,3.000,12.000,20.000,10.000,1.000
15.600,5,-0.3554,3.6890,-0.1933,0.100,6.324,0.100,3.000,3.000,3.000,12.000,20.000,10.000,1.000
15.800,0,-0.2853,2.9008,-1.6969,0.100,7.118,0.100,3.000,3.000,3.000,12.000,20.000,10.000,1.000
15.800,1,0.9409,3.1224,-1.7711,0.100,7.118,0.100,3.000,3.000,3.000,12.000,20.000,10.000,1.000
15.800,2,2.1861,2.6466,-0.3619,0.100,7.118,0.100,3.000,3.000,3.000,12.000,20.000,10.000,1.000
15.800,3,2.6233,1.9060,0.9551,0.100,7.118,0.100,3.000,3.000,3.000,12.000,20.000,10.000,1.000
15.800,4,0.1619,1.8750,0.8309,0.100,7.118,0.100,3.000,3.000,3.000,12.000,20.000,10.000,1.000
15.800,5,-0.2812,3.0393,-0.4818,0.100,7.118,0.100,3.000,3.000,3.000,12.000,20.000,10.000,1.000
16.000,0,-0.3699,2.6934,-1.5558,0.100,7.912,0.100,3.000,3.000,3.000,12.000,20.000,10.000,1.000
16.000,1,0.8250,3.0555,-1.7074,0.100,7.912,0.100,3.000,3.000,3.000,12.000,20.000,10.000,1.000
16.000,2,1.6283,2.7929,0.3977,0.100,7.912,0.100,3.000,3.000,3.000,12.000,20.000,10.000,1.000
16.000,3,1.9318,1.7017,1.0791,0.100,7.912,0.100,3.000,3.000,3.000,12.000,20.000,10.000,1.000
16.000,4,0.3669,2.1516,0.5776,0.100,7.912,0.100,3.000,3.000,3.000,12.000,20.000,10.000,1.000
16.000,5,-0.2864,2.4039,-0.6402,0.100,7.912,0.100,3.000,3.000,3.000,12.000,20.000,10.000,1.000
16.200,0,-0.5537,2.5995,-1.4115,0.100,8.707,0.100,3.000,3.000,3.000,12.000,20.000,10.000,1.000
16.200,1,0.6895,3.0247,-1.6453,0.100,8.707,0.100,3.000,3.000,3.000,12.000,20.000,10.000,1.000
16.200,2,1.0263,2.8755,0.9638,0.100,8.707,0.100,3.000,3.000,3.000,12.000,20.000,10.000,1.000
16.200,3,1.2138,1.6027,1.2725,0.100,8.707,0.100,3.000,3.000,3.000,12.000,20.000,10.000,1.000
16.200,4,0.4709,2.4638,0.3625,0.100,8.707,0.100,3.000,3.000,3.000,12.000,20.000,10.000,1.000
16.200,5,-0.3578,1.8952,-0.6624,0.100,8.707,0.100,3.000,3.000,3.000,12.000,20.000,10.000,1.000
16.400,0,-0.7957,2.6027,-1.3233,0.100,9.501,0.100,3.000,3.000,3.000,12.000,20.000,10.000,1.000
16.400,1,0.5568,3.0257,-1.6018,0.100,9.501,0.100,3.000,3.000,3.000,12.000,20.000,10.000,1.000
16.400,2,0.4153,2.9043,1.2763,0.100,9.501,0.100,3.000,3.000,3.000,12.000,20.000,10.000,1.000
16.400,3,0.4938,1.6265,1.4788,0.100,9.501,0.100,3.000,3.000,3.000,12.000,20.000,10.000,1.000
16.400,4,0.4192,2.7455,0.1949,0.100,9.501,0.100,3.000,3.000,3.000,12.000,20.000,10.000,1.000
16.400,5,-0.4980,1.6086,-0.5702,0.100,9.501,0.100,3.000,3.000,3.000,12.000,20.000,10.000,1.000
16.600,0,-1.0459,2.6599,-1.2880,0.100,10.000,0.100,3.000,3.000,3.000,12.000,20.000,10.000,1.000
16.600,1,0.4391,3.0494,-1.5849,0.100,10.000,0.100,3.000,3.000,3.000,12.000,20.000,10.000,1.000
16.600,2,-0.1333,2.9762,1.3467,0.100,10.000,0.100,3.000,3.000,3.000,12.000,20.000,10.000,1.000
16.600,3,-0.2194,1.7938,1.5677,0.100,10.000,0.100,3.000,3.000,3.000,12.000,20.000,10.000,1.000
16.600,4,0.1781,2.9189,0.1292,0.100,10.000,0.100,3.000,3.000,3.000,12.000,20.000,10.000,1.000
16.600,5,-0.7020,1.5840,-0.4440,0.100,10.000,0.100,3.000,3.000,3.000,12.000,20.000,10.000,1.000
16.800,0,-1.2796,2.7528,-1.2620,0.100,10.000,0.100,3.000,3.000,3.000,12.000,20.000,10.000,1.000
16.800,1,0.3483,3.0847,-1.5732,0.100,10.000,0.100,3.000,3.000,3.000,12.000,20.000,10.000,1.000
16.800,2,-0.5613,3.1058,1.3230,0.100,10.000,0.100,3.000,3.000,3.000,12.000,20.000,10.000,1.000
16.800,3,-0.8778,2.0545,1.6300,0.100,10.000,0.100,3.000,3.000,3.000,12.000,20.000,10.000,1.000
16.800,4,-0.2168,3.0417,0.1785,0.100,10.000,0.100,3.000,3.000,3.000,12.000,20.000,10.000,1.000
16.800,5,-0.9778,1.7487,-0.3569,0.100,10.000,0.100,3.000,3.000,3.000,12.000,20.000,10.000,1.000
17.000,0,-1.4898,2.8630,-1.2484,0.100,10.000,0.100,3.000,3.000,3.000,12.000,20.000,10.000,1.000
17.000,1,0.2791,3.1211,-1.5676,0.100,10.000,0.100,3.000,3.000,3.000,12.000,20.000,10.000,1.000
17.000,2,-0.8680,3.2438,1.2552,0.100,10.000,0.100,3.000,3.000,3.000,12.000,20.000,10.000,1.000
17.000,3,-1.4608,2.3584,1.6621,0.100,10.000,0.100,3.000,3.000,3.000,12.000,20.000,10.000,1.000
17.000,4,-0.7092,3.2029,0.2471,0.100,10.000,0.100,3.000,3.000,3.000,12.000,20.000,10.000,1.000
17.000,5,-1.3457,2.0328,-0.2851,0.100,10.000,0.100,3.000,3.000,3.000,12.000,20.000,10.000,1.000
17.200,0,-1.6697,2.9704,-1.2421,0.100,10.000,0.100,3.000,3.000,3.000,12.000,20.000,10.000,1.000
17.200,1,0.2271,3.1534,-1.5646,0.100,10.000,0.100,3.000,3.000,3.000,12.000,20.000,10.000,1.000
17.200,2,-1.0741,3.3626,1.1603,0.100,10.000,0.100,3.000,3.000,3.000,12.000,20.000,10.000,1.000
17.200,3,-1.9571,2.6590,1.6735,0.100,10.000,0.100,3.000,3.000,3.000,12.000,20.000,10.000,1.000
17.200,4,-1.2607,3.3825,0.3229,0.100,10.000,0.100,3.000,3.000,3.000,12.000,20.000,10.000,1.000
17.200,5,-1.7986,2.4219,-0.2226,0.100,10.000,0.100,3.000,3.000,3.000,12.000,20.000,10.000,1.000
17.400,0,-1.8133,3.0679,-1.2424,1.123,9.873,0.760,3.000,3.000,3.000,12.000,20.000,10.000,1.000
17.400,1,0.1866,3.1813,-1.5634,1.123,9.873,0.760,3.000,3.000,3.000,12.000,20.000,10.000,1.000
17.400,2,-1.2094,3.4567,1.0465,1.123,9.873,0.760,3.000,3.000,3.000,12.000,20.000,10.000,1.000
17.400,3,-2.3564,2.9270,1.6660,1.123,9.873,0.760,3.000,3.000,3.000,12.000,20.000,10.000,1.000
17.400,4,-1.7977,3.5655,0.3894,1.123,9.873,0.760,3.000,3.000,3.000,12.000,20.000,10.000,1.000
17.400,5,-2.3163,2.8954,-0.1827,1.123,9.873,0.760,3.000,3.000,3.000,12.000,20.000,10.000,1.000
17.600,0,-1.9186,3.1457,-1.2528,2.486,9.704,1.641,3.000,3.000,3.000,12.000,20.000,10.000,1.000
17.600,1,0.1536,3.2070,-1.5650,2.486,9.704,1.641,3.000,3.000,3.000,12.000,20.000,10.000,1.000
17.600,2,-1.2833,3.5334,0.9297,2.486,9.704,1.641,3.000,3.000,3.000,12.000,20.000,10.000,1.000
17.600,3,-2.6568,3.1448,1.6366,2.486,9.704,1.641,3.000,3.000,3.000,12.000,20.000,10.000,1.000
17.600,4,-2.2531,3.7663,0.4287,2.486,9.704,1.641,3.000,3.000,3.000,12.000,20.000,10.000,1.000
17.600,5,-2.8925,3.3873,-0.2102,2.486,9.704,1.641,3.000,3.000,3.000,12.000,20.000,10.000,1.000
17.800,0,-1.9901,3.2082,-1.2789,3.850,9.535,2.500,3.000,3.000,3.000,12.000,20.000,10.000,1.000
17.800,1,0.1487,3.2159,-1.5673,3.850,9.535,2.500,3.000,3.000,3.000,12.000,20.000,10.000,1.000
17.800,2,-1.3098,3.6014,0.8317,3.850,9.535,2.500,3.000,3.000,3.000,12.000,20.000,10.000,1.000
17.800,3,-2.8538,3.3102,1.5740,3.850,9.535,2.500,3.000,3.000,3.000,12.000,20.000,10.000,1.000
17.800,4,-2.5844,3.9812,0.4244,3.850,9.535,2.500,3.000,3.000,3.000,12.000,20.000,10.000,1.000
17.800,5,-3.4343,3.8254,-0.3892,3.850,9.535,2.500,3.000,3.000,3.000,12.000,20.000,10.000,1.000
18.000,0,-2.0388,3.2656,-1.3049,5.000,9.365,2.500,3.000,3.000,3.000,12.000,20.000,10.000,1.000
18.000,1,0.1499,3.2217,-1.5700,5.000,9.365,2.500,3.000,3.000,3.000,12.000,20.000,10.000,1.000
18.000,2,-1.3119,3.6580,0.7747,5.000,9.365,2.500,3.000,3.000,3.000,12.000,20.000,10.000,1.000
18.000,3,-2.9553,3.4277,1.5269,5.000,9.365,2.500,3.000,3.000,3.000,12.000,20.000,10.000,1.000
18.000,4,-2.8049,4.1784,0.3917,5.000,9.365,2.500,3.000,3.000,3.000,12.000,20.000,10.000,1.000
18.000,5,-3.8290,4.2502,-0.5813,5.000,9.365,2.500,3.000,3.000,3.000,12.000,20.000,10.000,1.000
18.200,0,-2.0665,3.3264,-1.3361,5.000,9.196,2.500,3.000,3.000,3.000,12.000,20.000,10.000,1.000
18.200,1,0.1505,3.2310,-1.5743,5.000,9.196,2.500,3.000,3.000,3.000,12.000,20.000,10.000,1.000
18.200,2,-1.3050,3.6988,0.7461,5.000,9.196,2.500,3.000,3.000,3.000,12.000,20.000,10.000,1.000
18.200,3,-2.9871,3.4969,1.4961,5.000,9.196,2.500,3.000,3.000,3.000,12.000,20.000,10.000,1.000
18.200,4,-2.8991,4.3330,0.3363,5.000,9.196,2.500,3.000,3.000,3.000,12.000,20.000,10.000,1.000
18.200,5,-4.0510,4.6432,-0.7756,5.000,9.196,2.500,3.000,3.000,3.000,12.000,20.000,10.000,1.000
18.400,0,-2.0638,3.4029,-1.3966,5.000,9.027,2.500,3.000,3.000,3.000,12.000,20.000,10.000,1.000
18.400,1,0.1558,3.2516,-1.5902,5.000,9.027,2.500,3.000,3.000,3.000,12.000,20.000,10.000,1.000
18.400,2,-1.3003,3.7275,0.7238,5.000,9.027,2.500,3.000,3.000,3.000,12.000,20.000,10.000,1.000
18.400,3,-2.9837,3.5275,1.4745,5.000,9.027,2.500,3.000,3.000,3.000,12.000,20.000,10.000,1.000
18.400,4,-2.9029,4.4045,0.2852,5.000,9.027,2.500,3.000,3.000,3.000,12.000,20.000,10.000,1.000
18.400,5,-4.0772,4.9506,-1.0039,5.000,9.027,2.500,3.000,3.000,3.000,12.000,20.000,10.000,1.000
18.600,0,-1.9728,3.4807,-1.5083,5.000,8.858,2.500,3.000,3.000,3.000,12.000,20.000,10.000,1.000
18.600,1,0.1988,3.2838,-1.6371,5.000,8.858,2.500,3.000,3.000,3.000,12.000,20.000,10.000,1.000
18.600,2,-1.2550,3.7590,0.6765,5.000,8.858,2.500,3.000,3.000,3.000,12.000,20.000,10.000,1.000
18.600,3,-2.9508,3.5484,1.4453,5.000,8.858,2.500,3.000,3.000,3.000,12.000,20.000,10.000,1.000
18.600,4,-2.8884,4.4127,0.2720,5.000,8.858,2.500,3.000,3.000,3.000,12.000,20.000,10.000,1.000
18.600,5,-3.9140,5.0000,-1.2351,5.000,8.858,2.500,3.000,3.000,3.000,12.000,20.000,10.000,1.000
18.800,0,-1.7494,3.4936,-1.6337,5.000,8.689,2.500,3.000,3.000,3.000,12.000,20.000,10.000,1.000
18.800,1,0.3377,3.2876,-1.7062,5.000,8.689,2.500,3.000,3.000,3.000,12.000,20.000,10.000,1.000
18.800,2,-1.1156,3.7610,0.6082,5.000,8.689,2.500,3.000,3.000,3.000,12.000,20.000,10.000,1.000
18.800,3,-2.8421,3.5492,1.3952,5.000,8.689,2.500,3.000,3.000,3.000,12.000,20.000,10.000,1.000
18.800,4,-2.8709,4.4090,0.2664,5.000,8.689,2.500,3.000,3.000,3.000,12.000,20.000,10.000,1.000
18.800,5,-3.6022,4.9864,-1.4009,5.000,8.689,2.500,3.000,3.000,3.000,12.000,20.000,10.000,1.000
19.000,0,-1.4164,3.4236,-1.7322,5.000,8.519,2.500,3.000,3.000,3.000,12.000,20.000,10.000,1.000
19.000,1,0.5755,3.2364,-1.7700,5.000,8.519,2.500,3.000,3.000,3.000,12.000,20.000,10.000,1.000
19.000,2,-0.8679,3.7065,0.5411,5.000,8.519,2.500,3.000,3.000,3.000,12.000,20.000,10.000,1.000
19.000,3,-2.6373,3.5031,1.3406,5.000,8.519,2.500,3.000,3.000,3.000,12.000,20.000,10.000,1.000
19.000,4,-2.8260,4.3949,0.2574,5.000,8.519,2.500,3.000,3.000,3.000,12.000,20.000,10.000,1.000
19.000,5,-3.1997,4.8914,-1.5113,5.000,8.519,2.500,3.000,3.000,3.000,12.000,20.000,10.000,1.000
19.200,0,-1.0051,3.2800,-1.7942,5.000,8.350,2.500,3.000,3.000,3.000,12.000,20.000,10.000,1.000
19.200,1,0.8919,3.1230,-1.8075,5.000,8.350,2.500,3.000,3.000,3.000,12.000,20.000,10.000,1.000
19.200,2,-0.5258,3.5816,0.4998,5.000,8.350,2.500,3.000,3.000,3.000,12.000,20.000,10.000,1.000
19.200,3,-2.3399,3.3955,1.3065,5.000,8.350,2.500,3.000,3.000,3.000,12.000,20.000,10.000,1.000
19.200,4,-2.7372,4.3561,0.2507,5.000,8.350,2.500,3.000,3.000,3.000,12.000,20.000,10.000,1.000
19.200,5,-2.7270,4.7130,-1.5683,5.000,8.350,2.500,3.000,3.000,3.000,12.000,20.000,10.000,1.000
19.400,0,-0.5297,3.0951,-1.8179,5.000,8.181,2.500,3.000,3.000,3.000,12.000,20.000,10.000,1.000
19.400,1,1.2790,2.9729,-1.8170,5.000,8.181,2.500,3.000,3.000,3.000,12.000,20.000,10.000,1.000
19.400,2,-0.0915,3.4114,0.4885,5.000,8.181,2.500,3.000,3.000,3.000,12.000,20.000,10.000,1.000
19.400,3,-1.9554,3.2441,1.2981,5.000,8.181,2.500,3.000,3.000,3.000,12.000,20.000,10.000,1.000
19.400,4,-2.6016,4.2982,0.2496,5.000,8.181,2.500,3.000,3.000,3.000,12.000,20.000,10.000,1.000
19.400,5,-2.1854,4.4898,-1.5850,5.000,8.181,2.500,3.000,3.000,3.000,12.000,20.000,10.000,1.000
19.600,0,-0.0190,2.8902,-1.8158,5.000,8.012,2.500,3.000,3.000,3.000,12.000,20.000,10.000,1.000
19.600,1,1.7262,2.7925,-1.8048,5.000,8.012,2.500,3.000,3.000,3.000,12.000,20.000,10.000,1.000
19.600,2,0.4198,3.2026,0.5016,5.000,8.012,2.500,3.000,3.000,3.000,12.000,20.000,10.000,1.000
19.600,3,-1.4937,3.0544,1.3113,5.000,8.012,2.500,3.000,3.000,3.000,12.000,20.000,10.000,1.000
19.600,4,-2.4276,4.2219,0.2553,5.000,8.012,2.500,3.000,3.000,3.000,12.000,20.000,10.000,1.000
19.600,5,-1.5959,4.2388,-1.5736,5.000,8.012,2.500,3.000,3.000,3.000,12.000,20.000,10.000,1.000
19.800,0,0.4905,2.6816,-1.7964,5.000,7.843,2.500,3.000,3.000,3.000,12.000,20.000,10.000,1.000
19.800,1,2.2065,2.5949,-1.7777,5.000,7.843,2.500,3.000,3.000,3.000,12.000,20.000,10.000,1.000
19.800,2,0.9948,2.9637,0.5325,5.000,7.843,2.500,3.000,3.000,3.000,12.000,20.000,10.000,1.000
19.800,3,-0.9760,2.8393,1.3417,5.000,7.843,2.500,3.000,3.000,3.000,12.000,20.000,10.000,1.000
19.800,4,-2.2279,4.1338,0.2676,5.000,7.843,2.500,3.000,3.000,3.000,12.000,20.000,10.000,1.000
19.800,5,-0.9990,3.9791,-1.5446,5.000,7.843,2.500,3.000,3.000,3.000,12.000,20.000,10.000,1.000
20.000,0,0.9642,2.4914,-1.7532,5.000,7.673,2.500,3.000,3.000,3.000,12.000,20.000,10.000,1.000
20.000,1,2.6893,2.4009,-1.7228,5.000,7.673,2.500,3.000,3.000,3.000,12.000,20.000,10.000,1.000
20.000,2,1.6050,2.7143,0.6001,5.000,7.673,2.500,3.000,3.000,3.000,12.000,20.000,10.000,1.000
20.000,3,-0.4412,2.6205,1.4016,5.000,7.673,2.500,3.000,3.000,3.000,12.000,20.000,10.000,1.000
20.000,4,-2.0232,4.0441,0.2911,5.000,7.673,2.500,3.000,3.000,3.000,12.000,20.000,10.000,1.000
20.000,5,-0.4344,3.7360,-1.4891,5.000,7.673,2.500,3.000,3.000,3.000,12.000,20.000,10.000,1.000
20.200,0,1.3758,2.3372,-1.6754,5.000,7.504,2.500,3.000,3.000,3.000,12.000,20.000,10.000,1.000
20.200,1,3.1449,2.2315,-1.6260,5.000,7.504,2.500,3.000,3.000,3.000,12.000,20.000,10.000,1.000
20.200,2,2.2122,2.4856,0.7276,5.000,7.504,2.500,3.000,3.000,3.000,12.000,20.000,10.000,1.000
20.200,3,0.0688,2.4272,1.5094,5.000,7.504,2.500,3.000,3.000,3.000,12.000,20.000,10.000,1.000
20.200,4,-1.8310,3.9651,0.3323,5.000,7.504,2.500,3.000,3.000,3.000,12.000,20.000,10.000,1.000
20.200,5,0.0682,3.5349,-1.3897,5.000,7.504,2.500,3.000,3.000,3.000,12.000,20.000,10.000,1.000
20.400,0,1.6979,2.2304,-1.5596,5.000,7.214,2.500,3.000,2.975,3.000,12.000,20.000,10.000,1.000
20.400,1,3.5496,2.0979,-1.4713,5.000,7.214,2.500,3.000,2.975,3.000,12.000,20.000,10.000,1.000
20.400,2,2.7728,2.2994,0.9431,5.000,7.214,2.500,3.000,2.975,3.000,12.000,20.000,10.000,1.000
20.400,3,0.5156,2.2790,1.6829,5.000,7.214,2.500,3.000,2.975,3.000,12.000,20.000,10.000,1.000
20.400,4,-1.6756,3.9094,0.3925,5.000,7.214,2.500,3.000,2.975,3.000,12.000,20.000,10.000,1.000
20.400,5,0.4811,3.3897,-1.2372,5.000,7.214,2.500,3.000,2.975,3.000,12.000,20.000,10.000,1.000
20.600,0,1.9194,2.1874,-1.4207,5.000,6.560,2.500,3.000,2.875,3.000,12.000,20.000,10.000,1.000
20.600,1,3.8933,2.0308,-1.2427,5.000,6.560,2.500,3.000,2.875,3.000,12.000,20.000,10.000,1.000
20.600,2,3.2466,2.2068,1.2600,5.000,6.560,2.500,3.000,2.875,3.000,12.000,20.000,10.000,1.000
20.600,3,0.8724,2.2095,1.9238,5.000,6.560,2.500,3.000,2.875,3.000,12.000,20.000,10.000,1.000
20.600,4,-1.5758,3.8858,0.4601,5.000,6.560,2.500,3.000,2.875,3.000,12.000,20.000,10.000,1.000
20.600,5,0.7836,3.3226,-1.0411,5.000,6.560,2.500,3.000,2.875,3.000,12.000,20.000,10.000,1.000
20.800,0,2.0297,2.2000,-1.2699,5.000,5.906,2.500,3.000,2.775,3.000,12.000,20.000,10.000,1.000
20.800,1,4.1256,2.0590,-0.9090,5.000,5.906,2.500,3.000,2.775,3.000,12.000,20.000,10.000,1.000
20.800,2,3.5606,2.2392,1.7052,5.000,5.906,2.500,3.000,2.775,3.000,12.000,20.000,10.000,1.000
20.800,3,1.0866,2.2381,2.2403,5.000,5.906,2.500,3.000,2.775,3.000,12.000,20.000,10.000,1.000
20.800,4,-1.5445,3.8864,0.5081,5.000,5.906,2.500,3.000,2.775,3.000,12.000,20.000,10.000,1.000
20.800,5,0.9366,3.3373,-0.8225,5.000,5.906,2.500,3.000,2.775,3.000,12.000,20.000,10.000,1.000
21.000,0,2.0611,2.2533,-1.1413,5.000,5.252,2.500,3.000,2.676,3.000,12.000,20.000,10.000,1.000
21.000,1,4.2218,2.2205,-0.5013,5.000,5.252,2.500,3.000,2.676,3.000,12.000,20.000,10.000,1.000
21.000,2,3.6858,2.4302,2.2130,5.000,5.252,2.500,3.000,2.676,3.000,12.000,20.000,10.000,1.000
21.000,3,1.1578,2.3728,2.5739,5.000,5.252,2.500,3.000,2.676,3.000,12.000,20.000,10.000,1.000
21.000,4,-1.5484,3.8867,0.5226,5.000,5.252,2.500,3.000,2.676,3.000,12.000,20.000,10.000,1.000
21.000,5,0.9708,3.4062,-0.6517,5.000,5.252,2.500,3.000,2.676,3.000,12.000,20.000,10.000,1.000
21.200,0,2.0448,2.3227,-1.0388,5.000,4.599,2.500,3.000,2.576,3.000,12.000,20.000,10.000,1.000
21.200,1,4.1593,2.5002,-0.0653,5.000,4.599,2.500,3.000,2.576,3.000,12.000,20.000,10.000,1.000
21.200,2,3.6149,2.7459,2.7125,5.000,4.599,2.500,3.000,2.576,3.000,12.000,20.000,10.000,1.000
21.200,3,1.0988,2.5803,2.8904,5.000,4.599,2.500,3.000,2.576,3.000,12.000,20.000,10.000,1.000
21.200,4,-1.5578,3.8881,0.5285,5.000,4.599,2.500,3.000,2.576,3.000,12.000,20.000,10.000,1.000
21.200,5,0.9470,3.4806,-0.5409,5.000,4.599,2.500,3.000,2.576,3.000,12.000,20.000,10.000,1.000
21.400,0,1.9976,2.4037,-0.9622,5.000,3.945,2.500,3.000,2.476,3.000,12.000,20.000,10.000,1.000
21.400,1,3.9123,2.8798,0.3461,5.000,3.945,2.500,3.000,2.476,3.000,12.000,20.000,10.000,1.000
21.400,2,3.3443,3.1426,3.1486,5.000,3.945,2.500,3.000,2.476,3.000,12.000,20.000,10.000,1.000
21.400,3,0.9050,2.8426,3.1700,5.000,3.945,2.500,3.000,2.476,3.000,12.000,20.000,10.000,1.000
21.400,4,-1.5770,3.8961,0.5383,5.000,3.945,2.500,3.000,2.476,3.000,12.000,20.000,10.000,1.000
21.400,5,0.8927,3.5498,-0.4711,5.000,3.945,2.500,3.000,2.476,3.000,12.000,20.000,10.000,1.000
21.600,0,1.9362,2.5072,-0.9237,5.000,3.291,2.500,3.000,2.376,3.000,12.000,20.000,10.000,1.000
21.600,1,3.5016,3.3517,0.6566,5.000,3.291,2.500,3.000,2.376,3.000,12.000,20.000,10.000,1.000
21.600,2,2.9179,3.6015,3.4736,5.000,3.291,2.500,3.000,2.376,3.000,12.000,20.000,10.000,1.000
21.600,3,0.5908,3.1741,3.4050,5.000,3.291,2.500,3.000,2.376,3.000,12.000,20.000,10.000,1.000
21.600,4,-1.6110,3.9213,0.5468,5.000,3.291,2.500,3.000,2.376,3.000,12.000,20.000,10.000,1.000
21.600,5,0.8251,3.6234,-0.4317,5.000,3.291,2.500,3.000,2.376,3.000,12.000,20.000,10.000,1.000
21.800,0,1.8514,2.6384,-0.9150,5.000,2.637,2.500,3.000,2.276,3.000,12.000,20.000,10.000,1.000
21.800,1,3.0002,3.8600,0.8209,5.000,2.637,2.500,3.000,2.276,3.000,12.000,20.000,10.000,1.000
21.800,2,2.3836,4.0903,3.7011,5.000,2.637,2.500,3.000,2.276,3.000,12.000,20.000,10.000,1.000
21.800,3,0.1840,3.5438,3.5900,5.000,2.637,2.500,3.000,2.276,3.000,12.000,20.000,10.000,1.000
21.800,4,-1.6781,3.9661,0.5416,5.000,2.637,2.500,3.000,2.276,3.000,12.000,20.000,10.000,1.000
21.800,5,0.7570,3.6910,-0.4204,5.000,2.637,2.500,3.000,2.276,3.000,12.000,20.000,10.000,1.000
22.000,0,1.7464,2.7920,-1.0040,5.000,1.983,2.500,3.000,2.176,3.000,12.000,20.000,10.000,1.000
22.000,1,2.5608,4.3016,0.8563,5.000,1.983,2.500,3.000,2.176,3.000,12.000,20.000,10.000,1.000
22.000,2,1.7260,4.4923,3.9849,5.000,1.983,2.500,3.000,2.176,3.000,12.000,20.000,10.000,1.000
22.000,3,-0.3272,3.8501,3.8073,5.000,1.983,2.500,3.000,2.176,3.000,12.000,20.000,10.000,1.000
22.000,4,-1.8537,3.9995,0.4783,5.000,1.983,2.500,3.000,2.176,3.000,12.000,20.000,10.000,1.000
22.000,5,0.6959,3.7621,-0.4892,5.000,1.983,2.500,3.000,2.176,3.000,12.000,20.000,10.000,1.000
22.200,0,1.6756,2.9251,-1.2842,5.000,1.330,2.500,3.000,2.076,3.000,12.000,20.000,10.000,1.000
22.200,1,2.2385,4.6561,0.8820,5.000,1.330,2.500,3.000,2.076,3.000,12.000,20.000,10.000,1.000
22.200,2,1.0466,4.8185,4.3019,5.000,1.330,2.500,3.000,2.076,3.000,12.000,20.000,10.000,1.000
22.200,3,-0.9562,4.1001,4.0326,5.000,1.330,2.500,3.000,2.076,3.000,12.000,20.000,10.000,1.000
22.200,4,-2.1899,3.9809,0.3243,5.000,1.330,2.500,3.000,2.076,3.000,12.000,20.000,10.000,1.000
22.200,5,0.6340,3.8513,-0.7234,5.000,1.330,2.500,3.000,2.076,3.000,12.000,20.000,10.000,1.000
22.400,0,1.7127,3.0578,-1.7070,5.000,0.676,2.500,3.000,1.977,3.000,12.000,20.000,10.000,1.000
22.400,1,2.0443,4.9324,0.9134,5.000,0.676,2.500,3.000,1.977,3.000,12.000,20.000,10.000,1.000
22.400,2,0.3926,5.0000,4.6406,5.000,0.676,2.500,3.000,1.977,3.000,12.000,20.000,10.000,1.000
22.400,3,-1.7019,4.2807,4.2427,5.000,0.676,2.500,3.000,1.977,3.000,12.000,20.000,10.000,1.000
22.400,4,-2.6701,3.8970,0.0765,5.000,0.676,2.500,3.000,1.977,3.000,12.000,20.000,10.000,1.000
22.400,5,0.5036,3.9321,-1.1482,5.000,0.676,2.500,3.000,1.977,3.000,12.000,20.000,10.000,1.000
22.600,0,1.9004,3.1972,-2.2138,5.000,0.500,2.500,3.000,1.877,3.000,12.000,20.000,10.000,1.000
22.600,1,1.9671,5.0000,0.9817,5.000,0.500,2.500,3.000,1.877,3.000,12.000,20.000,10.000,1.000
22.600,2,-0.2159,5.0000,4.9947,5.000,0.500,2.500,3.000,1.877,3.000,12.000,20.000,10.000,1.000
22.600,3,-2.5371,4.3827,4.4212,5.000,0.500,2.500,3.000,1.877,3.000,12.000,20.000,10.000,1.000
22.600,4,-3.2518,3.7380,-0.2911,5.000,0.500,2.500,3.000,1.877,3.000,12.000,20.000,10.000,1.000
22.600,5,0.2791,3.9864,-1.7546,5.000,0.500,2.500,3.000,1.877,3.000,12.000,20.000,10.000,1.000
22.800,0,2.2190,3.3167,-2.7152,5.000,0.500,2.500,3.000,1.777,3.000,12.000,20.000,10.000,1.000
22.800,1,1.9877,5.0000,1.1183,5.000,0.500,2.500,3.000,1.777,3.000,12.000,20.000,10.000,1.000
22.800,2,-0.7655,5.0000,5.0000,5.000,0.500,2.500,3.000,1.777,3.000,12.000,20.000,10.000,1.000
22.800,3,-3.4434,4.4076,4.5480,5.000,0.500,2.500,3.000,1.777,3.000,12.000,20.000,10.000,1.000
22.800,4,-3.8721,3.5079,-0.7754,5.000,0.500,2.500,3.000,1.777,3.000,12.000,20.000,10.000,1.000
22.800,5,-0.0262,3.9869,-2.5356,5.000,0.500,2.500,3.000,1.777,3.000,12.000,20.000,10.000,1.000
23.000,0,2.6281,3.3963,-3.1626,5.000,0.500,2.500,3.000,1.677,3.000,12.000,20.000,10.000,1.000
23.000,1,2.1033,5.0000,1.3296,5.000,0.500,2.500,3.000,1.677,3.000,12.000,20.000,10.000,1.000
23.000,2,-1.2444,5.0000,5.0000,5.000,0.500,2.500,3.000,1.677,3.000,12.000,20.000,10.000,1.000
23.000,3,-4.4138,4.3563,4.5642,5.000,0.500,2.500,3.000,1.677,3.000,12.000,20.000,10.000,1.000
23.000,4,-4.4848,3.2427,-1.2754,5.000,0.500,2.500,3.000,1.677,3.000,12.000,20.000,10.000,1.000
23.000,5,-0.3852,3.9008,-3.4522,5.000,0.500,2.500,3.000,1.677,3.000,12.000,20.000,10.000,1.000
23.200,0,3.1096,3.4396,-3.5292,5.000,0.500,2.500,3.000,1.577,3.000,12.000,20.000,10.000,1.000
23.200,1,2.2864,4.9802,1.5867,5.000,0.500,2.500,3.000,1.577,3.000,12.000,20.000,10.000,1.000
23.200,2,-1.6243,4.9710,5.0000,5.000,0.500,2.500,3.000,1.577,3.000,12.000,20.000,10.000,1.000
23.200,3,-5.0000,4.2374,4.4741,5.000,0.500,2.500,3.000,1.577,3.000,12.000,20.000,10.000,1.000
23.200,4,-5.0000,2.9710,-1.7447,5.000,0.500,2.500,3.000,1.577,3.000,12.000,20.000,10.000,1.000
23.200,5,-0.7347,3.7581,-4.4071,5.000,0.500,2.500,3.000,1.577,3.000,12.000,20.000,10.000,1.000
23.400,0,3.6615,3.4655,-3.7632,5.000,0.500,2.500,3.000,1.477,3.000,12.000,20.000,10.000,1.000
23.400,1,2.4792,4.8515,1.8516,5.000,0.500,2.500,3.000,1.477,3.000,12.000,20.000,10.000,1.000
23.400,2,-1.8600,4.8785,5.0000,5.000,0.500,2.500,3.000,1.477,3.000,12.000,20.000,10.000,1.000
23.400,3,-5.0000,4.0581,4.2798,5.000,0.500,2.500,3.000,1.477,3.000,12.000,20.000,10.000,1.000
23.400,4,-5.0000,2.7209,-2.1976,5.000,0.500,2.500,3.000,1.477,3.000,12.000,20.000,10.000,1.000
23.400,5,-1.1040,3.5843,-5.0000,5.000,0.500,2.500,3.000,1.477,3.000,12.000,20.000,10.000,1.000
23.600,0,4.2313,3.4801,-3.8728,5.000,0.505,2.500,3.000,1.719,3.000,12.000,20.000,10.000,1.000
23.600,1,2.6688,4.6031,2.1114,5.000,0.505,2.500,3.000,1.719,3.000,12.000,20.000,10.000,1.000
23.600,2,-1.9506,4.7295,5.0000,5.000,0.505,2.500,3.000,1.719,3.000,12.000,20.000,10.000,1.000
23.600,3,-5.0000,3.8207,3.9753,5.000,0.505,2.500,3.000,1.719,3.000,12.000,20.000,10.000,1.000
23.600,4,-5.0000,2.4978,-2.5918,5.000,0.505,2.500,3.000,1.719,3.000,12.000,20.000,10.000,1.000
23.600,5,-1.3978,3.4075,-5.0000,5.000,0.505,2.500,3.000,1.719,3.000,12.000,20.000,10.000,1.000
23.800,0,4.7491,3.4878,-3.8780,5.000,0.514,2.500,3.000,2.205,3.000,12.000,20.000,10.000,1.000
23.800,1,2.8371,4.2386,2.3527,5.000,0.514,2.500,3.000,2.205,3.000,12.000,20.000,10.000,1.000
23.800,2,-1.8936,4.5313,5.0000,5.000,0.514,2.500,3.000,2.205,3.000,12.000,20.000,10.000,1.000
23.800,3,-5.0000,3.5338,3.5463,5.000,0.514,2.500,3.000,2.205,3.000,12.000,20.000,10.000,1.000
23.800,4,-5.0000,2.3036,-2.9031,5.000,0.514,2.500,3.000,2.205,3.000,12.000,20.000,10.000,1.000
23.800,5,-1.5279,3.2451,-5.0000,5.000,0.514,2.500,3.000,2.205,3.000,12.000,20.000,10.000,1.000
24.000,0,5.0000,3.4882,-3.7876,5.000,0.522,2.500,3.000,2.691,3.000,12.000,20.000,10.000,1.000
24.000,1,2.9563,3.7684,2.5655,5.000,0.522,2.500,3.000,2.691,3.000,12.000,20.000,10.000,1.000
24.000,2,-1.6942,4.2886,5.0000,5.000,0.522,2.500,3.000,2.691,3.000,12.000,20.000,10.000,1.000
24.000,3,-5.0000,3.2087,2.9826,5.000,0.522,2.500,3.000,2.691,3.000,12.000,20.000,10.000,1.000
24.000,4,-5.0000,2.1446,-3.1297,5.000,0.522,2.500,3.000,2.691,3.000,12.000,20.000,10.000,1.000
24.000,5,-1.4867,3.1108,-5.0000,5.000,0.522,2.500,3.000,2.691,3.000,12.000,20.000,10.000,1.000
24.200,0,5.0000,3.4810,-3.5977,5.000,0.531,2.500,3.000,3.000,3.000,12.000,20.000,10.000,1.000
24.200,1,2.9914,3.2328,2.7263,5.000,0.531,2.500,3.000,3.000,3.000,12.000,20.000,10.000,1.000
24.200,2,-1.3689,4.0086,5.0000,5.000,0.531,2.500,3.000,3.000,3.000,12.000,20.000,10.000,1.000
24.200,3,-5.0000,2.8661,2.2849,5.000,0.531,2.500,3.000,3.000,3.000,12.000,20.000,10.000,1.000
24.200,4,-5.0000,2.0240,-3.2774,5.000,0.531,2.500,3.000,3.000,3.000,12.000,20.000,10.000,1.000
24.200,5,-1.2695,3.0150,-5.0000,5.000,0.531,2.500,3.000,3.000,3.000,12.000,20.000,10.000,1.000
24.400,0,5.0000,3.4660,-3.3116,5.000,0.540,2.500,3.000,3.000,3.000,12.000,20.000,10.000,1.000
24.400,1,2.9746,2.7005,2.8068,5.000,0.540,2.500,3.000,3.000,3.000,12.000,20.000,10.000,1.000
24.400,2,-1.0005,3.7085,5.0000,5.000,0.540,2.500,3.000,3.000,3.000,12.000,20.000,10.000,1.000
24.400,3,-5.0000,2.5343,1.4698,5.000,0.540,2.500,3.000,3.000,3.000,12.000,20.000,10.000,1.000
24.400,4,-5.0000,1.9434,-3.3535,5.000,0.540,2.500,3.000,3.000,3.000,12.000,20.000,10.000,1.000
24.400,5,-0.8780,2.9616,-5.0000,5.000,0.540,2.500,3.000,3.000,3.000,12.000,20.000,10.000,1.000
24.600,0,5.0000,3.4444,-2.9351,5.000,0.548,2.500,3.000,3.000,3.000,12.000,20.000,10.000,1.000
24.600,1,2.9569,2.2200,2.7978,5.000,0.548,2.500,3.000,3.000,3.000,12.000,20.000,10.000,1.000
24.600,2,-0.7118,3.4023,5.0000,5.000,0.548,2.500,3.000,3.000,3.000,12.000,20.000,10.000,1.000
24.600,3,-5.0000,2.2646,0.6739,5.000,0.548,2.500,3.000,3.000,3.000,12.000,20.000,10.000,1.000
24.600,4,-5.0000,1.9008,-3.4275,5.000,0.548,2.500,3.000,3.000,3.000,12.000,20.000,10.000,1.000
24.600,5,-0.3185,2.9533,-5.0000,5.000,0.548,2.500,3.000,3.000,3.000,12.000,20.000,10.000,1.000
24.800,0,5.0000,3.4161,-2.4670,5.000,0.557,2.500,3.000,3.000,3.000,12.000,20.000,10.000,1.000
24.800,1,2.9531,1.8091,2.7143,5.000,0.557,2.500,3.000,3.000,3.000,12.000,20.000,10.000,1.000
24.800,2,-0.5316,3.1171,4.9775,5.000,0.557,2.500,3.000,3.000,3.000,12.000,20.000,10.000,1.000
24.800,3,-5.0000,2.0773,-0.0356,5.000,0.557,2.500,3.000,3.000,3.000,12.000,20.000,10.000,1.000
24.800,4,-5.0000,1.9086,-3.5560,5.000,0.557,2.500,3.000,3.000,3.000,12.000,20.000,10.000,1.000
24.800,5,0.3384,2.9773,-5.0000,5.000,0.557,2.500,3.000,3.000,3.000,12.000,20.000,10.000,1.000
25.000,0,5.0000,3.3825,-1.9174,5.000,0.566,2.500,3.000,3.000,3.000,12.000,20.000,10.000,1.000
25.000,1,2.9730,1.4724,2.5674,5.000,0.566,2.500,3.000,3.000,3.000,12.000,20.000,10.000,1.000
25.000,2,-0.4708,2.8786,4.8977,5.000,0.566,2.500,3.000,3.000,3.000,12.000,20.000,10.000,1.000
25.000,3,-5.0000,1.9749,-0.6371,5.000,0.566,2.500,3.000,3.000,3.000,12.000,20.000,10.000,1.000
25.000,4,-5.0000,1.9757,-3.7495,5.000,0.566,2.500,3.000,3.000,3.000,12.000,20.000,10.000,1.000
25.000,5,1.0389,3.0257,-5.0000,5.000,0.566,2.500,3.000,3.000,3.000,12.000,20.000,10.000,1.000
25.200,0,5.0000,3.3538,-1.2811,5.000,0.574,2.500,3.000,3.000,3.000,12.000,20.000,10.000,1.000
25.200,1,3.0086,1.2010,2.3813,5.000,0.574,2.500,3.000,3.000,3.000,12.000,20.000,10.000,1.000
25.200,2,-0.5358,2.7047,4.7653,5.000,0.574,2.500,3.000,3.000,3.000,12.000,20.000,10.000,1.000
25.200,3,-5.0000,1.9544,-1.1084,5.000,0.574,2.500,3.000,3.000,3.000,12.000,20.000,10.000,1.000
25.200,4,-5.0000,2.1004,-4.0077,5.000,0.574,2.500,3.000,3.000,3.000,12.000,20.000,10.000,1.000
25.200,5,1.7475,3.0961,-5.0000,5.000,0.574,2.500,3.000,3.000,3.000,12.000,20.000,10.000,1.000
25.400,0,4.9988,3.3635,-0.5881,5.000,0.583,2.500,3.000,3.000,3.000,12.000,20.000,10.000,1.000
25.400,1,3.0312,0.9545,2.2250,5.000,0.583,2.500,3.000,3.000,3.000,12.000,20.000,10.000,1.000
25.400,2,-0.7219,2.6092,4.5826,5.000,0.583,2.500,3.000,3.000,3.000,12.000,20.000,10.000,1.000
25.400,3,-5.0000,2.0102,-1.4415,5.000,0.583,2.500,3.000,3.000,3.000,12.000,20.000,10.000,1.000
25.400,4,-4.9874,2.2835,-4.3268,5.000,0.583,2.500,3.000,3.000,3.000,12.000,20.000,10.000,1.000
25.400,5,2.4140,3.1797,-5.0000,5.000,0.583,2.500,3.000,3.000,3.000,12.000,20.000,10.000,1.000
25.600,0,4.9519,3.4269,0.0883,5.000,0.592,2.500,3.000,3.000,3.000,12.000,20.000,10.000,1.000
25.600,1,3.0345,0.7235,2.1016,5.000,0.592,2.500,3.000,3.000,3.000,12.000,20.000,10.000,1.000
25.600,2,-1.0288,2.6003,4.3562,5.000,0.592,2.500,3.000,3.000,3.000,12.000,20.000,10.000,1.000
25.600,3,-5.0000,2.1345,-1.6241,5.000,0.592,2.500,3.000,3.000,3.000,12.000,20.000,10.000,1.000
25.600,4,-4.8874,2.5198,-4.7000,5.000,0.592,2.500,3.000,3.000,3.000,12.000,20.000,10.000,1.000
25.600,5,3.0489,3.2727,-5.0000,5.000,0.592,2.500,3.000,3.000,3.000,12.000,20.000,10.000,1.000
25.800,0,4.8384,3.5505,0.7300,5.000,0.601,2.500,3.000,3.000,3.000,12.000,20.000,10.000,1.000
25.800,1,2.9780,0.5152,2.0253,5.000,0.601,2.500,3.000,3.000,3.000,12.000,20.000,10.000,1.000
25.800,2,-1.4131,2.6633,4.0554,5.000,0.601,2.500,3.000,3.000,3.000,12.000,20.000,10.000,1.000
25.800,3,-5.0000,2.3190,-1.6561,5.000,0.601,2.500,3.000,3.000,3.000,12.000,20.000,10.000,1.000
25.800,4,-4.6815,2.8001,-5.0000,5.000,0.601,2.500,3.000,3.000,3.000,12.000,20.000,10.000,1.000
25.800,5,3.6355,3.3680,-5.0000,5.000,0.601,2.500,3.000,3.000,3.000,12.000,20.000,10.000,1.000
26.000,0,4.6584,3.7325,1.3235,5.000,0.609,2.500,3.000,3.000,3.000,12.000,20.000,10.000,1.000
26.000,1,2.8290,0.5000,1.9994,5.000,0.609,2.500,3.000,3.000,3.000,12.000,20.000,10.000,1.000
26.000,2,-1.8249,2.7831,3.6546,5.000,0.609,2.500,3.000,3.000,3.000,12.000,20.000,10.000,1.000
26.000,3,-5.0000,2.5538,-1.5411,5.000,0.609,2.500,3.000,3.000,3.000,12.000,20.000,10.000,1.000
26.000,4,-4.3620,3.1155,-5.0000,5.000,0.609,2.500,3.000,3.000,3.000,12.000,20.000,10.000,1.000
26.000,5,4.1601,3.4618,-4.9553,5.000,0.609,2.500,3.000,3.000,3.000,12.000,20.000,10.000,1.000
26.200,0,4.4211,3.9637,1.8566,5.000,0.618,2.500,3.000,3.000,3.000,12.000,20.000,10.000,1.000
26.200,1,2.5862,0.5000,2.0111,5.000,0.618,2.500,3.000,3.000,3.000,12.000,20.000,10.000,1.000
26.200,2,-2.2483,2.9601,3.1530,5.000,0.618,2.500,3.000,3.000,3.000,12.000,20.000,10.000,1.000
26.200,3,-5.0000,2.8275,-1.2888,5.000,0.618,2.500,3.000,3.000,3.000,12.000,20.000,10.000,1.000
26.200,4,-3.9217,3.4555,-5.0000,5.000,0.618,2.500,3.000,3.000,3.000,12.000,20.000,10.000,1.000
26.200,5,4.6101,3.5483,-4.8148,5.000,0.618,2.500,3.000,3.000,3.000,12.000,20.000,10.000,1.000
26.400,0,4.1437,4.2294,2.3254,5.000,0.627,2.500,3.000,3.000,3.000,12.000,20.000,10.000,1.000
26.400,1,2.2495,0.5000,2.0474,5.000,0.627,2.500,3.000,3.000,3.000,12.000,20.000,10.000,1.000
26.400,2,-2.6370,3.1920,2.5727,5.000,0.627,2.500,3.000,3.000,3.000,12.000,20.000,10.000,1.000
26.400,3,-5.0000,3.1233,-0.9455,5.000,0.627,2.500,3.000,3.000,3.000,12.000,20.000,10.000,1.000
26.400,4,-3.3455,3.8045,-5.0000,5.000,0.627,2.500,3.000,3.000,3.000,12.000,20.000,10.000,1.000
26.400,5,4.9791,3.6237,-4.5858,5.000,0.627,2.500,3.000,3.000,3.000,12.000,20.000,10.000,1.000
26.600,0,3.8465,4.5155,2.7279,5.000,0.635,2.500,3.000,3.000,3.000,12.000,20.000,10.000,1.000
26.600,1,1.8212,0.5000,2.0989,5.000,0.635,2.500,3.000,3.000,3.000,12.000,20.000,10.000,1.000
26.600,2,-2.9037,3.4564,1.9827,5.000,0.635,2.500,3.000,3.000,3.000,12.000,20.000,10.000,1.000
26.600,3,-5.0000,3.4195,-0.5967,5.000,0.635,2.500,3.000,3.000,3.000,12.000,20.000,10.000,1.000
26.600,4,-2.6336,4.1431,-5.0000,5.000,0.635,2.500,3.000,3.000,3.000,12.000,20.000,10.000,1.000
26.600,5,5.0000,3.6862,-4.2758,5.000,0.635,2.500,3.000,3.000,3.000,12.000,20.000,10.000,1.000
26.800,0,3.5543,4.8252,3.0800,5.000,0.500,2.500,0.863,0.000,0.377,6.659,1.000,10.000,1.000
26.800,1,1.3222,0.5000,2.1549,5.000,0.500,2.500,0.863,0.000,0.377,6.659,1.000,10.000,1.000
26.800,2,-3.0218,3.7015,1.4482,5.000,0.500,2.500,0.863,0.000,0.377,6.659,1.000,10.000,1.000
26.800,3,-5.0000,3.7038,-0.3000,5.000,0.500,2.500,0.863,0.000,0.377,6.659,1.000,10.000,1.000
26.800,4,-1.8394,4.4514,-5.0000,5.000,0.500,2.500,0.863,0.000,0.377,6.659,1.000,10.000,1.000
26.800,5,5.0000,3.7339,-3.9018,5.000,0.500,2.500,0.863,0.000,0.377,6.659,1.000,10.000,1.000
27.000,0,3.3043,5.0000,3.3933,5.000,0.500,2.500,0.000,0.000,0.200,1.319,1.000,10.000,1.000
27.000,1,0.8478,0.5000,2.2062,5.000,0.500,2.500,0.000,0.000,0.200,1.319,1.000,10.000,1.000
27.000,2,-3.0765,3.9152,0.9986,5.000,0.500,2.500,0.000,0.000,0.200,1.319,1.000,10.000,1.000
27.000,3,-5.0000,3.9689,-0.0630,5.000,0.500,2.500,0.000,0.000,0.200,1.319,1.000,10.000,1.000
27.000,4,-1.2544,4.6647,-5.0000,5.000,0.500,2.500,0.000,0.000,0.200,1.319,1.000,10.000,1.000
27.000,5,5.0000,3.7748,-3.5316,5.000,0.500,2.500,0.000,0.000,0.200,1.319,1.000,10.000,1.000
27.200,0,3.2522,5.0000,3.4597,5.000,0.500,2.500,0.000,0.000,0.200,0.500,1.000,10.000,1.000
27.200,1,0.7453,0.5000,2.2169,5.000,0.500,2.500,0.000,0.000,0.200,0.500,1.000,10.000,1.000
27.200,2,-3.0691,3.9605,0.9106,5.000,0.500,2.500,0.000,0.000,0.200,0.500,1.000,10.000,1.000
27.200,3,-5.0000,4.0312,-0.0191,5.000,0.500,2.500,0.000,0.000,0.200,0.500,1.000,10.000,1.000
27.200,4,-1.1648,4.6940,-5.0000,5.000,0.500,2.500,0.000,0.000,0.200,0.500,1.000,10.000,1.000
27.200,5,5.0000,3.7838,-3.4362,5.000,0.500,2.500,0.000,0.000,0.200,0.500,1.000,10.000,1.000
27.400,0,3.1985,5.0000,3.5206,5.000,0.500,2.500,0.000,0.000,0.200,0.500,1.000,10.000,1.000
27.400,1,0.6482,0.5000,2.2286,5.000,0.500,2.500,0.000,0.000,0.200,0.500,1.000,10.000,1.000
27.400,2,-3.0252,3.9991,0.8442,5.000,0.500,2.500,0.000,0.000,0.200,0.500,1.000,10.000,1.000
27.400,3,-5.0000,4.0790,-0.0043,5.000,0.500,2.500,0.000,0.000,0.200,0.500,1.000,10.000,1.000
27.400,4,-1.0828,4.7153,-5.0000,5.000,0.500,2.500,0.000,0.000,0.200,0.500,1.000,10.000,1.000
27.400,5,5.0000,3.7900,-3.3431,5.000,0.500,2.500,0.000,0.000,0.200,0.500,1.000,10.000,1.000
27.600,0,3.1423,5.0000,3.5783,5.000,0.500,2.500,0.000,0.000,0.200,0.500,1.000,10.000,1.000
27.600,1,0.5500,0.5000,2.2413,5.000,0.500,2.500,0.000,0.000,0.200,0.500,1.000,10.000,1.000
27.600,2,-2.9479,4.0328,0.7958,5.000,0.500,2.500,0.000,0.000,0.200,0.500,1.000,10.000,1.000
27.600,3,-5.0000,4.1144,-0.0088,5.000,0.500,2.500,0.000,0.000,0.200,0.500,1.000,10.000,1.000
27.600,4,-0.9988,4.7308,-5.0000,5.000,0.500,2.500,0.000,0.000,0.200,0.500,1.000,10.000,1.000
27.600,5,5.0000,3.7930,-3.2488,5.000,0.500,2.500,0.000,0.000,0.200,0.500,1.000,10.000,1.000
27.800,0,3.0831,5.0000,3.6283,5.000,0.500,2.500,0.000,0.000,0.200,0.500,1.000,10.000,1.000
27.800,1,0.4508,0.5039,2.2493,5.000,0.500,2.500,0.000,0.000,0.200,0.500,1.000,10.000,1.000
27.800,2,-2.8543,4.0566,0.7711,5.000,0.500,2.500,0.000,0.000,0.200,0.500,1.000,10.000,1.000
27.800,3,-5.0000,4.1392,-0.0270,5.000,0.500,2.500,0.000,0.000,0.200,0.500,1.000,10.000,1.000
27.800,4,-0.9120,4.7393,-5.0000,5.000,0.500,2.500,0.000,0.000,0.200,0.500,1.000,10.000,1.000
27.800,5,5.0000,3.7942,-3.1542,5.000,0.500,2.500,0.000,0.000,0.200,0.500,1.000,10.000,1.000
28.000,0,3.0220,5.0000,3.6716,5.000,0.500,2.500,0.000,0.000,0.200,0.500,1.000,10.000,1.000
28.000,1,0.3548,0.5133,2.2555,5.000,0.500,2.500,0.000,0.000,0.200,0.500,1.000,10.000,1.000
28.000,2,-2.7564,4.0750,0.7642,5.000,0.500,2.500,0.000,0.000,0.200,0.500,1.000,10.000,1.000
28.000,3,-5.0000,4.1565,-0.0530,5.000,0.500,2.500,0.000,0.000,0.200,0.500,1.000,10.000,1.000
28.000,4,-0.8215,4.7429,-5.0000,5.000,0.500,2.500,0.000,0.000,0.200,0.500,1.000,10.000,1.000
28.000,5,5.0000,3.7949,-3.0567,5.000,0.500,2.500,0.000,0.000,0.200,0.500,1.000,10.000,1.000
28.200,0,2.9587,5.0000,3.7107,5.000,0.500,2.500,0.000,0.000,0.200,0.500,1.000,10.000,1.000
28.200,1,0.2801,0.5026,2.2709,5.000,0.500,2.500,0.000,0.000,0.200,0.500,1.000,10.000,1.000
28.200,2,-2.6654,4.1158,0.7636,5.000,0.500,2.500,0.000,0.000,0.200,0.500,1.000,10.000,1.000
28.200,3,-5.0000,4.1688,-0.0846,5.000,0.500,2.500,0.000,0.000,0.200,0.500,1.000,10.000,1.000
28.200,4,-0.7299,4.7414,-5.0000,5.000,0.500,2.500,0.000,0.000,0.200,0.500,1.000,10.000,1.000
28.200,5,5.0000,3.7948,-2.9584,5.000,0.500,2.500,0.000,0.000,0.200,0.500,1.000,10.000,1.000
28.400,0,2.8908,5.0000,3.7465,5.000,0.500,2.500,0.000,0.000,0.200,0.500,1.000,10.000,1.000
28.400,1,0.2303,0.5000,2.2990,5.000,0.500,2.500,0.000,0.000,0.200,0.500,1.000,10.000,1.000
28.400,2,-2.5855,4.1758,0.7634,5.000,0.500,2.500,0.000,0.000,0.200,0.500,1.000,10.000,1.000
28.400,3,-5.0000,4.1767,-0.1190,5.000,0.500,2.500,0.000,0.000,0.200,0.500,1.000,10.000,1.000
28.400,4,-0.6377,4.7342,-4.9966,5.000,0.500,2.500,0.000,0.000,0.200,0.500,1.000,10.000,1.000
28.400,5,5.0000,3.7923,-2.8606,5.000,0.500,2.500,0.000,0.000,0.200,0.500,1.000,10.000,1.000
28.600,0,2.8218,5.0000,3.7752,5.000,0.500,2.500,0.000,0.000,0.200,0.500,1.000,10.000,1.000
28.600,1,0.2048,0.5000,2.3397,5.000,0.500,2.500,0.000,0.000,0.200,0.500,1.000,10.000,1.000
28.600,2,-2.5155,4.2470,0.7639,5.000,0.500,2.500,0.000,0.000,0.200,0.500,1.000,10.000,1.000
28.600,3,-5.0000,4.1814,-0.1554,5.000,0.500,2.500,0.000,0.000,0.200,0.500,1.000,10.000,1.000
28.600,4,-0.5433,4.7214,-4.9859,5.000,0.500,2.500,0.000,0.000,0.200,0.500,1.000,10.000,1.000
28.600,5,5.0000,3.7896,-2.7610,5.000,0.500,2.500,0.000,0.000,0.200,0.500,1.000,10.000,1.000
28.800,0,2.7502,5.0000,3.8030,5.000,0.500,2.500,0.000,0.000,0.200,0.500,1.000,10.000,1.000
28.800,1,0.2019,0.5000,2.3887,5.000,0.500,2.500,0.000,0.000,0.200,0.500,1.000,10.000,1.000
28.800,2,-2.4534,4.3254,0.7653,5.000,0.500,2.500,0.000,0.000,0.200,0.500,1.000,10.000,1.000
28.800,3,-5.0000,4.1827,-0.1941,5.000,0.500,2.500,0.000,0.000,0.200,0.500,1.000,10.000,1.000
28.800,4,-0.4476,4.7041,-4.9679,5.000,0.500,2.500,0.000,0.000,0.200,0.500,1.000,10.000,1.000
28.800,5,5.0000,3.7859,-2.6614,5.000,0.500,2.500,0.000,0.000,0.200,0.500,1.000,10.000,1.000
29.000,0,2.6679,4.9997,3.8301,5.000,0.500,2.500,0.000,0.000,0.200,0.500,1.000,10.000,1.000
29.000,1,0.2178,0.5000,2.4351,5.000,0.500,2.500,0.000,0.000,0.200,0.500,1.000,10.000,1.000
29.000,2,-2.3970,4.4079,0.7666,5.000,0.500,2.500,0.000,0.000,0.200,0.500,1.000,10.000,1.000
29.000,3,-5.0000,4.1802,-0.2341,5.000,0.500,2.500,0.000,0.000,0.200,0.500,1.000,10.000,1.000
29.000,4,-0.3526,4.6831,-4.9470,5.000,0.500,2.500,0.000,0.000,0.200,0.500,1.000,10.000,1.000
29.000,5,4.9962,3.7792,-2.5619,5.000,0.500,2.500,0.000,0.000,0.200,0.500,1.000,10.000,1.000
29.200,0,2.5778,4.9939,3.8559,5.000,0.500,2.500,0.000,0.000,0.200,0.500,1.000,10.000,1.000
29.200,1,0.2405,0.5000,2.4802,5.000,0.500,2.500,0.000,0.000,0.200,0.500,1.000,10.000,1.000
29.200,2,-2.3348,4.4856,0.7721,5.000,0.500,2.500,0.000,0.000,0.200,0.500,1.000,10.000,1.000
29.200,3,-5.0000,4.1744,-0.2747,5.000,0.500,2.500,0.000,0.000,0.200,0.500,1.000,10.000,1.000
29.200,4,-0.2603,4.6584,-4.9192,5.000,0.500,2.500,0.000,0.000,0.200,0.500,1.000,10.000,1.000
29.200,5,4.9841,3.7703,-2.4635,5.000,0.500,2.500,0.000,0.000,0.200,0.500,1.000,10.000,1.000
29.400,0,2.4851,4.9812,3.8769,5.000,0.500,2.500,0.000,0.000,0.200,0.500,1.000,10.000,1.000
29.400,1,0.2626,0.5000,2.5255,5.000,0.500,2.500,0.000,0.000,0.200,0.500,1.000,10.000,1.000
29.400,2,-2.2565,4.5455,0.7878,5.000,0.500,2.500,0.000,0.000,0.200,0.500,1.000,10.000,1.000
29.400,3,-5.0000,4.1652,-0.3166,5.000,0.500,2.500,0.000,0.000,0.200,0.500,1.000,10.000,1.000
29.400,4,-0.1697,4.6311,-4.8877,5.000,0.500,2.500,0.000,0.000,0.200,0.500,1.000,10.000,1.000
29.400,5,4.9689,3.7589,-2.3655,5.000,0.500,2.500,0.000,0.000,0.200,0.500,1.000,10.000,1.000
29.600,0,2.3887,4.9626,3.8933,5.000,0.500,2.500,0.000,0.000,0.200,0.500,1.000,10.000,1.000
29.600,1,0.2835,0.5000,2.5684,5.000,0.500,2.500,0.000,0.000,0.200,0.500,1.000,10.000,1.000
29.600,2,-2.1699,4.5895,0.8109,5.000,0.500,2.500,0.000,0.000,0.200,0.500,1.000,10.000,1.000
29.600,3,-5.0000,4.1539,-0.3592,5.000,0.500,2.500,0.000,0.000,0.200,0.500,1.000,10.000,1.000
29.600,4,-0.0821,4.5997,-4.8512,5.000,0.500,2.500,0.000,0.000,0.200,0.500,1.000,10.000,1.000
29.600,5,4.9523,3.7479,-2.2676,5.000,0.500,2.500,0.000,0.000,0.200,0.500,1.000,10.000,1.000
29.800,0,2.2938,4.9367,3.9091,5.000,0.500,2.500,0.000,0.000,0.200,0.500,1.000,10.000,1.000
29.800,1,0.2986,0.5000,2.6135,5.000,0.500,2.500,0.000,0.000,0.200,0.500,1.000,10.000,1.000
29.800,2,-2.0794,4.6222,0.8380,5.000,0.500,2.500,0.000,0.000,0.200,0.500,1.000,10.000,1.000
29.800,3,-5.0000,4.1410,-0.4030,5.000,0.500,2.500,0.000,0.000,0.200,0.500,1.000,10.000,1.000
29.800,4,0.0016,4.5657,-4.8095,5.000,0.500,2.500,0.000,0.000,0.200,0.500,1.000,10.000,1.000
29.800,5,4.9308,3.7360,-2.1709,5.000,0.500,2.500,0.000,0.000,0.200,0.500,1.000,10.000,1.000
30.000,0,2.2014,4.9116,3.9219,5.000,0.500,2.500,0.000,0.000,0.200,0.500,1.000,10.000,1.000
30.000,1,0.3053,0.5000,2.6568,5.000,0.500,2.500,0.000,0.000,0.200,0.500,1.000,10.000,1.000
30.000,2,-1.9873,4.6472,0.8676,5.000,0.500,2.500,0.000,0.000,0.200,0.500,1.000,10.000,1.000
30.000,3,-5.0000,4.1267,-0.4466,5.000,0.500,2.500,0.000,0.000,0.200,0.500,1.000,10.000,1.000
30.000,4,0.0827,4.5305,-4.7627,5.000,0.500,2.500,0.000,0.000,0.200,0.500,1.000,10.000,1.000
30.000,5,4.9058,3.7227,-2.0754,5.000,0.500,2.500,0.000,0.000,0.200,0.500,1.000,10.000,1.000
30.200,0,2.1215,4.9177,3.9439,5.000,0.500,2.500,0.000,0.000,0.200,0.500,1.000,10.000,1.000
30.200,1,0.2951,0.5000,2.6897,5.000,0.500,2.500,0.000,0.000,0.200,0.500,1.000,10.000,1.000
30.200,2,-1.8946,4.6671,0.8995,5.000,0.500,2.500,0.000,0.000,0.200,0.500,1.000,10.000,1.000
30.200,3,-5.0000,4.1114,-0.4911,5.000,0.500,2.500,0.000,0.000,0.200,0.500,1.000,10.000,1.000
30.200,4,0.1609,4.4937,-4.7134,5.000,0.500,2.500,0.000,0.000,0.200,0.500,1.000,10.000,1.000
30.200,5,4.8769,3.7071,-1.9812,5.000,0.500,2.500,0.000,0.000,0.200,0.500,1.000,10.000,1.000
30.400,0,2.0576,4.9566,3.9780,5.000,0.500,2.500,0.000,0.000,0.200,0.500,1.000,10.000,1.000
30.400,1,0.2748,0.5000,2.7058,5.000,0.500,2.500,0.000,0.000,0.200,0.500,1.000,10.000,1.000
30.400,2,-1.8002,4.6882,0.9232,5.000,0.500,2.500,0.000,0.000,0.200,0.500,1.000,10.000,1.000
30.400,3,-5.0000,4.0947,-0.5384,5.000,0.500,2.500,0.000,0.000,0.200,0.500,1.000,10.000,1.000
30.400,4,0.2380,4.4548,-4.6642,5.000,0.500,2.500,0.000,0.000,0.200,0.500,1.000,10.000,1.000
30.400,5,4.8447,3.6917,-1.8880,5.000,0.500,2.500,0.000,0.000,0.200,0.500,1.000,10.000,1.000
30.600,0,2.0198,5.0000,4.0320,5.000,0.500,2.500,0.000,0.000,0.200,0.500,1.000,10.000,1.000
30.600,1,0.2544,0.5000,2.7145,5.000,0.500,2.500,0.000,0.000,0.200,0.500,1.000,10.000,1.000
30.600,2,-1.7097,4.7287,0.9194,5.000,0.500,2.500,0.000,0.000,0.200,0.500,1.000,10.000,1.000
30.600,3,-5.0000,4.0768,-0.5863,5.000,0.500,2.500,0.000,0.000,0.200,0.500,1.000,10.000,1.000
30.600,4,0.3148,4.4150,-4.6140,5.000,0.500,2.500,0.000,0.000,0.200,0.500,1.000,10.000,1.000
30.600,5,4.8108,3.6771,-1.7954,5.000,0.500,2.500,0.000,0.000,0.200,0.500,1.000,10.000,1.000
30.800,0,2.0125,5.0000,4.1076,5.000,0.500,2.500,0.000,0.000,0.200,0.500,1.000,10.000,1.000
30.800,1,0.2423,0.5000,2.7292,5.000,0.500,2.500,0.000,0.000,0.200,0.500,1.000,10.000,1.000
30.800,2,-1.6322,4.7860,0.8936,5.000,0.500,2.500,0.000,0.000,0.200,0.500,1.000,10.000,1.000
30.800,3,-5.0000,4.0582,-0.6336,5.000,0.500,2.500,0.000,0.000,0.200,0.500,1.000,10.000,1.000
30.800,4,0.3893,4.3751,-4.5622,5.000,0.500,2.500,0.000,0.000,0.200,0.500,1.000,10.000,1.000
30.800,5,4.7774,3.6623,-1.7028,5.000,0.500,2.500,0.000,0.000,0.200,0.500,1.000,10.000,1.000
31.000,0,2.0324,5.0000,4.1918,5.000,0.500,2.500,0.000,0.000,0.200,0.500,1.000,10.000,1.000
31.000,1,0.2252,0.5000,2.7384,5.000,0.500,2.500,0.000,0.000,0.200,0.500,1.000,10.000,1.000
31.000,2,-1.5630,4.8414,0.8477,5.000,0.500,2.500,0.000,0.000,0.200,0.500,1.000,10.000,1.000
31.000,3,-5.0000,4.0381,-0.6794,5.000,0.500,2.500,0.000,0.000,0.200,0.500,1.000,10.000,1.000
31.000,4,0.4608,4.3344,-4.5056,5.000,0.500,2.500,0.000,0.000,0.200,0.500,1.000,10.000,1.000
31.000,5,4.7389,3.6471,-1.6119,5.000,0.500,2.500,0.000,0.000,0.200,0.500,1.000,10.000,1.000
31.200,0,2.0715,5.0000,4.2765,5.000,0.500,2.500,0.000,0.000,0.200,0.500,1.000,10.000,1.000
31.200,1,0.1991,0.5000,2.7483,5.000,0.500,2.500,0.000,0.000,0.200,0.500,1.000,10.000,1.000
31.200,2,-1.5003,4.8941,0.7903,5.000,0.500,2.500,0.000,0.000,0.200,0.500,1.000,10.000,1.000
31.200,3,-5.0000,4.0164,-0.7235,5.000,0.500,2.500,0.000,0.000,0.200,0.500,1.000,10.000,1.000
31.200,4,0.5290,4.2947,-4.4443,5.000,0.500,2.500,0.000,0.000,0.200,0.500,1.000,10.000,1.000
31.200,5,4.6996,3.6317,-1.5215,5.000,0.500,2.500,0.000,0.000,0.200,0.500,1.000,10.000,1.000
31.400,0,2.1145,5.0000,4.3593,5.000,0.500,2.500,0.000,0.000,0.200,0.500,1.000,10.000,1.000
31.400,1,0.1689,0.5000,2.7612,5.000,0.500,2.500,0.000,0.000,0.200,0.500,1.000,10.000,1.000
31.400,2,-1.4310,4.9438,0.7389,5.000,0.500,2.500,0.000,0.000,0.200,0.500,1.000,10.000,1.000
31.400,3,-5.0000,3.9937,-0.7673,5.000,0.500,2.500,0.000,0.000,0.200,0.500,1.000,10.000,1.000
31.400,4,0.5932,4.2544,-4.3792,5.000,0.500,2.500,0.000,0.000,0.200,0.500,1.000,10.000,1.000
31.400,5,4.6526,3.6165,-1.4346,5.000,0.500,2.500,0.000,0.000,0.200,0.500,1.000,10.000,1.000
31.600,0,2.1478,5.0000,4.4386,5.000,0.500,2.500,0.000,0.000,0.200,0.500,1.000,10.000,1.000
31.600,1,0.1357,0.5000,2.7739,5.000,0.500,2.500,0.000,0.000,0.200,0.500,1.000,10.000,1.000
31.600,2,-1.3464,4.9887,0.7113,5.000,0.500,2.500,0.000,0.000,0.200,0.500,1.000,10.000,1.000
31.600,3,-5.0000,3.9698,-0.8111,5.000,0.500,2.500,0.000,0.000,0.200,0.500,1.000,10.000,1.000
31.600,4,0.6534,4.2154,-4.3119,5.000,0.500,2.500,0.000,0.000,0.200,0.500,1.000,10.000,1.000
31.600,5,4.6057,3.6011,-1.3478,5.000,0.500,2.500,0.000,0.000,0.200,0.500,1.000,10.000,1.000
31.800,0,2.1732,5.0000,4.5146,5.000,0.500,2.500,0.000,0.000,0.200,0.500,1.000,10.000,1.000
31.800,1,0.0945,0.5000,2.7838,5.000,0.500,2.500,0.000,0.000,0.200,0.500,1.000,10.000,1.000
31.800,2,-1.2549,5.0000,0.7022,5.000,0.500,2.500,0.000,0.000,0.200,0.500,1.000,10.000,1.000
31.800,3,-5.0000,3.9444,-0.8540,5.000,0.500,2.500,0.000,0.000,0.200,0.500,1.000,10.000,1.000
31.800,4,0.6910,4.1794,-4.2633,5.000,0.500,2.500,0.000,0.000,0.200,0.500,1.000,10.000,1.000
31.800,5,4.5869,3.5832,-1.2517,5.000,0.500,2.500,0.000,0.000,0.200,0.500,1.000,10.000,1.000
32.000,0,2.1965,5.0000,4.5852,5.000,0.500,2.500,0.000,0.000,0.200,0.500,1.000,10.000,1.000
32.000,1,0.0470,0.5000,2.7898,5.000,0.500,2.500,0.000,0.000,0.200,0.500,1.000,10.000,1.000
32.000,2,-1.1611,5.0000,0.7065,5.000,0.500,2.500,0.000,0.000,0.200,0.500,1.000,10.000,1.000
32.000,3,-5.0000,3.9177,-0.8958,5.000,0.500,2.500,0.000,0.000,0.200,0.500,1.000,10.000,1.000
32.000,4,0.6971,4.1474,-4.2377,5.000,0.500,2.500,0.000,0.000,0.200,0.500,1.000,10.000,1.000
32.000,5,4.5975,3.5647,-1.1543,5.000,0.500,2.500,0.000,0.000,0.200,0.500,1.000,10.000,1.000
32.200,0,2.2188,4.9997,4.6474,5.000,0.500,2.500,0.000,0.000,0.200,0.500,1.000,10.000,1.000
32.200,1,-0.0096,0.5000,2.7902,5.000,0.500,2.500,0.000,0.000,0.200,0.500,1.000,10.000,1.000
32.200,2,-1.0669,5.0000,0.7196,5.000,0.500,2.500,0.000,0.000,0.200,0.500,1.000,10.000,1.000
32.200,3,-5.0000,3.8905,-0.9364,5.000,0.500,2.500,0.000,0.000,0.200,0.500,1.000,10.000,1.000
32.200,4,0.6908,4.1145,-4.2139,5.000,0.500,2.500,0.000,0.000,0.200,0.500,1.000,10.000,1.000
32.200,5,4.6116,3.5471,-1.0574,5.000,0.500,2.500,0.000,0.000,0.200,0.500,1.000,10.000,1.000
32.400,0,2.2342,4.9949,4.7058,5.000,0.500,2.500,0.000,0.000,0.200,0.500,1.000,10.000,1.000
32.400,1,-0.0765,0.5000,2.7895,5.000,0.500,2.500,0.000,0.000,0.200,0.500,1.000,10.000,1.000
32.400,2,-0.9730,5.0000,0.7396,5.000,0.500,2.500,0.000,0.000,0.200,0.500,1.000,10.000,1.000
32.400,3,-5.0000,3.8635,-0.9778,5.000,0.500,2.500,0.000,0.000,0.200,0.500,1.000,10.000,1.000
32.400,4,0.6824,4.0797,-4.1788,5.000,0.500,2.500,0.000,0.000,0.200,0.500,1.000,10.000,1.000
32.400,5,4.6181,3.5304,-0.9593,5.000,0.500,2.500,0.000,0.000,0.200,0.500,1.000,10.000,1.000
32.600,0,2.2427,4.9846,4.7608,5.000,0.500,2.500,0.000,0.000,0.200,0.500,1.000,10.000,1.000
32.600,1,-0.1501,0.5000,2.7894,5.000,0.500,2.500,0.000,0.000,0.200,0.500,1.000,10.000,1.000
32.600,2,-0.8799,5.0000,0.7631,5.000,0.500,2.500,0.000,0.000,0.200,0.500,1.000,10.000,1.000
32.600,3,-5.0000,3.8361,-1.0208,5.000,0.500,2.500,0.000,0.000,0.200,0.500,1.000,10.000,1.000
32.600,4,0.6773,4.0431,-4.1382,5.000,0.500,2.500,0.000,0.000,0.200,0.500,1.000,10.000,1.000
32.600,5,4.6147,3.5123,-0.8619,5.000,0.500,2.500,0.000,0.000,0.200,0.500,1.000,10.000,1.000
32.800,0,2.2431,4.9692,4.8099,5.000,0.500,2.500,0.000,0.000,0.200,0.500,1.000,10.000,1.000
32.800,1,-0.2210,0.5000,2.7998,5.000,0.500,2.500,0.000,0.000,0.200,0.500,1.000,10.000,1.000
32.800,2,-0.7923,5.0000,0.7788,5.000,0.500,2.500,0.000,0.000,0.200,0.500,1.000,10.000,1.000
32.800,3,-5.0000,3.8082,-1.0641,5.000,0.500,2.500,0.000,0.000,0.200,0.500,1.000,10.000,1.000
32.800,4,0.6746,4.0049,-4.0918,5.000,0.500,2.500,0.000,0.000,0.200,0.500,1.000,10.000,1.000
32.800,5,4.6026,3.4954,-0.7643,5.000,0.500,2.500,0.000,0.000,0.200,0.500,1.000,10.000,1.000
33.000,0,2.2408,4.9488,4.8588,5.000,0.500,2.500,0.000,0.000,0.200,0.500,1.000,10.000,1.000
33.000,1,-0.2746,0.5000,2.8230,5.000,0.500,2.500,0.000,0.000,0.200,0.500,1.000,10.000,1.000
33.000,2,-0.7122,5.0000,0.7875,5.000,0.500,2.500,0.000,0.000,0.200,0.500,1.000,10.000,1.000
33.000,3,-5.0000,3.7809,-1.1076,5.000,0.500,2.500,0.000,0.000,0.200,0.500,1.000,10.000,1.000
33.000,4,0.6767,3.9634,-4.0402,5.000,0.500,2.500,0.000,0.000,0.200,0.500,1.000,10.000,1.000
33.000,5,4.5825,3.4803,-0.6678,5.000,0.500,2.500,0.000,0.000,0.200,0.500,1.000,10.000,1.000
33.200,0,2.2347,4.9245,4.9022,5.000,0.500,2.500,0.000,0.000,0.200,0.500,1.000,10.000,1.000
33.200,1,-0.3118,0.5000,2.8542,5.000,0.500,2.500,0.000,0.000,0.200,0.500,1.000,10.000,1.000
33.200,2,-0.6385,5.0000,0.7907,5.000,0.500,2.500,0.000,0.000,0.200,0.500,1.000,10.000,1.000
33.200,3,-5.0000,3.7533,-1.1516,5.000,0.500,2.500,0.000,0.000,0.200,0.500,1.000,10.000,1.000
33.200,4,0.6830,3.9197,-3.9825,5.000,0.500,2.500,0.000,0.000,0.200,0.500,1.000,10.000,1.000
33.200,5,4.5558,3.4656,-0.5728,5.000,0.500,2.500,0.000,0.000,0.200,0.500,1.000,10.000,1.000
33.400,0,2.2220,4.8946,4.9426,5.000,0.500,2.500,0.000,0.000,0.200,0.500,1.000,10.000,1.000
33.400,1,-0.3370,0.5000,2.8885,5.000,0.500,2.500,0.000,0.000,0.200,0.500,1.000,10.000,1.000
33.400,2,-0.5686,5.0000,0.7892,5.000,0.500,2.500,0.000,0.000,0.200,0.500,1.000,10.000,1.000
33.400,3,-5.0000,3.7254,-1.1950,5.000,0.500,2.500,0.000,0.000,0.200,0.500,1.000,10.000,1.000
33.400,4,0.6899,3.8739,-3.9179,5.000,0.500,2.500,0.000,0.000,0.200,0.500,1.000,10.000,1.000
33.400,5,4.5265,3.4508,-0.4786,5.000,0.500,2.500,0.000,0.000,0.200,0.500,1.000,10.000,1.000
33.600,0,2.1964,4.8597,4.9865,5.000,0.500,2.500,0.000,0.000,0.200,0.500,1.000,10.000,1.000
33.600,1,-0.3547,0.5000,2.9244,5.000,0.500,2.500,0.000,0.000,0.200,0.500,1.000,10.000,1.000
33.600,2,-0.5146,5.0000,0.7888,5.000,0.500,2.500,0.000,0.000,0.200,0.500,1.000,10.000,1.000
33.600,3,-5.0000,3.6969,-1.2379,5.000,0.500,2.500,0.000,0.000,0.200,0.500,1.000,10.000,1.000
33.600,4,0.7056,3.8213,-3.8694,5.000,0.500,2.500,0.000,0.000,0.200,0.500,1.000,10.000,1.000
33.600,5,4.4937,3.4357,-0.3857,5.000,0.500,2.500,0.000,0.000,0.200,0.500,1.000,10.000,1.000
33.800,0,2.1790,4.8222,5.0000,5.000,0.500,2.500,0.000,0.000,0.200,0.500,1.000,10.000,1.000
33.800,1,-0.3680,0.5000,2.9628,5.000,0.500,2.500,0.000,0.000,0.200,0.500,1.000,10.000,1.000
33.800,2,-0.4853,5.0000,0.7935,5.000,0.500,2.500,0.000,0.000,0.200,0.500,1.000,10.000,1.000
33.800,3,-5.0000,3.6689,-1.2811,5.000,0.500,2.500,0.000,0.000,0.200,0.500,1.000,10.000,1.000
33.800,4,0.7350,3.7580,-3.8566,5.000,0.500,2.500,0.000,0.000,0.200,0.500,1.000,10.000,1.000
33.800,5,4.4575,3.4209,-0.2939,5.000,0.500,2.500,0.000,0.000,0.200,0.500,1.000,10.000,1.000
34.000,0,2.1811,4.7839,5.0000,5.000,0.500,2.500,0.000,0.000,0.200,0.500,1.000,10.000,1.000
34.000,1,-0.3819,0.5000,3.0031,5.000,0.500,2.500,0.000,0.000,0.200,0.500,1.000,10.000,1.000
34.000,2,-0.4859,5.0000,0.7904,5.000,0.500,2.500,0.000,0.000,0.200,0.500,1.000,10.000,1.000
34.000,3,-5.0000,3.6409,-1.3245,5.000,0.500,2.500,0.000,0.000,0.200,0.500,1.000,10.000,1.000
34.000,4,0.7766,3.6838,-3.8788,5.000,0.500,2.500,0.000,0.000,0.200,0.500,1.000,10.000,1.000
34.000,5,4.4209,3.4058,-0.2026,5.000,0.500,2.500,0.000,0.000,0.200,0.500,1.000,10.000,1.000
34.200,0,2.1955,4.7506,5.0000,5.000,0.500,2.500,0.000,0.000,0.200,0.500,1.000,10.000,1.000
34.200,1,-0.4018,0.5000,3.0400,5.000,0.500,2.500,0.000,0.000,0.200,0.500,1.000,10.000,1.000
34.200,2,-0.5091,5.0000,0.7695,5.000,0.500,2.500,0.000,0.000,0.200,0.500,1.000,10.000,1.000
34.200,3,-5.0000,3.6119,-1.3704,5.000,0.500,2.500,0.000,0.000,0.200,0.500,1.000,10.000,1.000
34.200,4,0.8283,3.6053,-3.9040,5.000,0.500,2.500,0.000,0.000,0.200,0.500,1.000,10.000,1.000
34.200,5,4.3850,3.3909,-0.1109,5.000,0.500,2.500,0.000,0.000,0.200,0.500,1.000,10.000,1.000
34.400,0,2.2039,4.7138,5.0000,5.000,0.500,2.500,0.000,0.000,0.200,0.500,1.000,10.000,1.000
34.400,1,-0.4237,0.5000,3.0698,5.000,0.500,2.500,0.000,0.000,0.200,0.500,1.000,10.000,1.000
34.400,2,-0.5385,5.0000,0.7385,5.000,0.500,2.500,0.000,0.000,0.200,0.500,1.000,10.000,1.000
34.400,3,-5.0000,3.5825,-1.4194,5.000,0.500,2.500,0.000,0.000,0.200,0.500,1.000,10.000,1.000
34.400,4,0.8866,3.5273,-3.9261,5.000,0.500,2.500,0.000,0.000,0.200,0.500,1.000,10.000,1.000
34.400,5,4.3496,3.3776,-0.0185,5.000,0.500,2.500,0.000,0.000,0.200,0.500,1.000,10.000,1.000
34.600,0,2.2073,4.6737,5.0000,5.000,0.500,2.500,0.000,0.000,0.200,0.500,1.000,10.000,1.000
34.600,1,-0.4424,0.5000,3.0979,5.000,0.500,2.500,0.000,0.000,0.200,0.500,1.000,10.000,1.000
34.600,2,-0.5709,5.0000,0.7004,5.000,0.500,2.500,0.000,0.000,0.200,0.500,1.000,10.000,1.000
34.600,3,-5.0000,3.5538,-1.4697,5.000,0.500,2.500,0.000,0.000,0.200,0.500,1.000,10.000,1.000
34.600,4,0.9490,3.4518,-3.9424,5.000,0.500,2.500,0.000,0.000,0.200,0.500,1.000,10.000,1.000
34.600,5,4.3164,3.3662,0.0750,5.000,0.500,2.500,0.000,0.000,0.200,0.500,1.000,10.000,1.000
34.800,0,2.2074,4.6319,5.0000,5.000,0.500,2.500,0.000,0.000,0.200,0.500,1.000,10.000,1.000
34.800,1,-0.4658,0.5000,3.1289,5.000,0.500,2.500,0.000,0.000,0.200,0.500,1.000,10.000,1.000
34.800,2,-0.6011,5.0000,0.6538,5.000,0.500,2.500,0.000,0.000,0.200,0.500,1.000,10.000,1.000
34.800,3,-5.0000,3.5258,-1.5202,5.000,0.500,2.500,0.000,0.000,0.200,0.500,1.000,10.000,1.000
34.800,4,1.0123,3.3763,-3.9506,5.000,0.500,2.500,0.000,0.000,0.200,0.500,1.000,10.000,1.000
34.800,5,4.2805,3.3554,0.1675,5.000,0.500,2.500,0.000,0.000,0.200,0.500,1.000,10.000,1.000
35.000,0,2.2012,4.5869,5.0000,5.000,0.500,2.500,0.000,0.000,0.200,0.500,1.000,10.000,1.000
35.000,1,-0.4947,0.5000,3.1533,5.000,0.500,2.500,0.000,0.000,0.200,0.500,1.000,10.000,1.000
35.000,2,-0.6296,5.0000,0.6026,5.000,0.500,2.500,0.000,0.000,0.200,0.500,1.000,10.000,1.000
35.000,3,-5.0000,3.4985,-1.5741,5.000,0.500,2.500,0.000,0.000,0.200,0.500,1.000,10.000,1.000
35.000,4,1.0777,3.3016,-3.9505,5.000,0.500,2.500,0.000,0.000,0.200,0.500,1.000,10.000,1.000
35.000,5,4.2381,3.3448,0.2572,5.000,0.500,2.500,0.000,0.000,0.200,0.500,1.000,10.000,1.000
35.200,0,2.1909,4.5389,5.0000,5.000,0.500,2.500,0.000,0.000,0.200,0.500,1.000,10.000,1.000
35.200,1,-0.5282,0.5000,3.1742,5.000,0.500,2.500,0.000,0.000,0.200,0.500,1.000,10.000,1.000
35.200,2,-0.6541,5.0000,0.5462,5.000,0.500,2.500,0.000,0.000,0.200,0.500,1.000,10.000,1.000
35.200,3,-4.9941,3.4710,-1.6291,5.000,0.500,2.500,0.000,0.000,0.200,0.500,1.000,10.000,1.000
35.200,4,1.1439,3.2283,-3.9436,5.000,0.500,2.500,0.000,0.000,0.200,0.500,1.000,10.000,1.000
35.200,5,4.1933,3.3348,0.3457,5.000,0.500,2.500,0.000,0.000,0.200,0.500,1.000,10.000,1.000
35.400,0,2.1736,4.4886,5.0000,5.000,0.500,2.500,0.000,0.000,0.200,0.500,1.000,10.000,1.000
35.400,1,-0.5654,0.5000,3.1890,5.000,0.500,2.500,0.000,0.000,0.200,0.500,1.000,10.000,1.000
35.400,2,-0.6745,5.0000,0.4868,5.000,0.500,2.500,0.000,0.000,0.200,0.500,1.000,10.000,1.000
35.400,3,-4.9814,3.4425,-1.6816,5.000,0.500,2.500,0.000,0.000,0.200,0.500,1.000,10.000,1.000
35.400,4,1.2060,3.1542,-3.9301,5.000,0.500,2.500,0.000,0.000,0.200,0.500,1.000,10.000,1.000
35.400,5,4.1428,3.3247,0.4309,5.000,0.500,2.500,0.000,0.000,0.200,0.500,1.000,10.000,1.000
35.600,0,2.1461,4.4378,5.0000,5.000,0.500,2.500,0.000,0.000,0.200,0.500,1.000,10.000,1.000
35.600,1,-0.6044,0.5000,3.1983,5.000,0.500,2.500,0.000,0.000,0.200,0.500,1.000,10.000,1.000
35.600,2,-0.6937,5.0000,0.4200,5.000,0.500,2.500,0.000,0.000,0.200,0.500,1.000,10.000,1.000
35.600,3,-4.9582,3.4134,-1.7345,5.000,0.500,2.500,0.000,0.000,0.200,0.500,1.000,10.000,1.000
35.600,4,1.2721,3.0812,-3.9142,5.000,0.500,2.500,0.000,0.000,0.200,0.500,1.000,10.000,1.000
35.600,5,4.0893,3.3159,0.5137,5.000,0.500,2.500,0.000,0.000,0.200,0.500,1.000,10.000,1.000
35.800,0,2.1067,4.3878,5.0000,5.000,0.500,2.500,0.000,0.000,0.200,0.500,1.000,10.000,1.000
35.800,1,-0.6448,0.5000,3.2048,5.000,0.500,2.500,0.000,0.000,0.200,0.500,1.000,10.000,1.000
35.800,2,-0.7125,5.0000,0.3471,5.000,0.500,2.500,0.000,0.000,0.200,0.500,1.000,10.000,1.000
35.800,3,-4.9263,3.3830,-1.7839,5.000,0.500,2.500,0.000,0.000,0.200,0.500,1.000,10.000,1.000
35.800,4,1.3398,3.0102,-3.8952,5.000,0.500,2.500,0.000,0.000,0.200,0.500,1.000,10.000,1.000
35.800,5,4.0427,3.3049,0.5876,5.000,0.500,2.500,0.000,0.000,0.200,0.500,1.000,10.000,1.000
36.000,0,2.0535,4.3484,5.0000,5.000,0.500,2.500,0.000,0.000,0.200,0.500,1.000,10.000,1.000
36.000,1,-0.6863,0.5000,3.2024,5.000,0.500,2.500,0.000,0.000,0.200,0.500,1.000,10.000,1.000
36.000,2,-0.7054,5.0000,0.2824,5.000,0.500,2.500,0.000,0.000,0.200,0.500,1.000,10.000,1.000
36.000,3,-4.9189,3.3418,-1.8447,5.000,0.500,2.500,0.000,0.000,0.200,0.500,1.000,10.000,1.000
36.000,4,1.4083,2.9422,-3.8699,5.000,0.500,2.500,0.000,0.000,0.200,0.500,1.000,10.000,1.000
36.000,5,4.0093,3.2854,0.6261,5.000,0.500,2.500,0.000,0.000,0.200,0.500,1.000,10.000,1.000
36.200,0,1.9989,4.3264,5.0000,5.000,0.500,2.500,0.000,0.000,0.200,0.500,1.000,10.000,1.000
36.200,1,-0.7273,0.5000,3.1911,5.000,0.500,2.500,0.000,0.000,0.200,0.500,1.000,10.000,1.000
36.200,2,-0.6829,5.0000,0.2224,5.000,0.500,2.500,0.000,0.000,0.200,0.500,1.000,10.000,1.000
36.200,3,-4.9220,3.2947,-1.9172,5.000,0.500,2.500,0.000,0.000,0.200,0.500,1.000,10.000,1.000
36.200,4,1.4774,2.8779,-3.8376,5.000,0.500,2.500,0.000,0.000,0.200,0.500,1.000,10.000,1.000
36.200,5,3.9908,3.2570,0.6286,5.000,0.500,2.500,0.000,0.000,0.200,0.500,1.000,10.000,1.000
36.400,0,1.9470,4.3179,5.0000,5.000,0.500,2.500,0.000,0.000,0.200,0.500,1.000,10.000,1.000
36.400,1,-0.7713,0.5000,3.1730,5.000,0.500,2.500,0.000,0.000,0.200,0.500,1.000,10.000,1.000
36.400,2,-0.6659,5.0000,0.1596,5.000,0.500,2.500,0.000,0.000,0.200,0.500,1.000,10.000,1.000
36.400,3,-4.9188,3.2478,-1.9897,5.000,0.500,2.500,0.000,0.000,0.200,0.500,1.000,10.000,1.000
36.400,4,1.5470,2.8167,-3.8009,5.000,0.500,2.500,0.000,0.000,0.200,0.500,1.000,10.000,1.000
36.400,5,3.9912,3.2182,0.5999,5.000,0.500,2.500,0.000,0.000,0.200,0.500,1.000,10.000,1.000
36.600,0,1.8960,4.3161,5.0000,5.000,0.500,2.500,0.000,0.000,0.200,0.500,1.000,10.000,1.000
36.600,1,-0.8157,0.5000,3.1529,5.000,0.500,2.500,0.000,0.000,0.200,0.500,1.000,10.000,1.000
36.600,2,-0.6548,5.0000,0.0872,5.000,0.500,2.500,0.000,0.000,0.200,0.500,1.000,10.000,1.000
36.600,3,-4.9104,3.2029,-2.0596,5.000,0.500,2.500,0.000,0.000,0.200,0.500,1.000,10.000,1.000
36.600,4,1.6144,2.7585,-3.7640,5.000,0.500,2.500,0.000,0.000,0.200,0.500,1.000,10.000,1.000
36.600,5,4.0061,3.1723,0.5515,5.000,0.500,2.500,0.000,0.000,0.200,0.500,1.000,10.000,1.000
36.800,0,1.8391,4.3134,5.0000,5.000,0.500,2.500,0.000,0.000,0.200,0.500,1.000,10.000,1.000
36.800,1,-0.8612,0.5000,3.1284,5.000,0.500,2.500,0.000,0.000,0.200,0.500,1.000,10.000,1.000
36.800,2,-0.6498,5.0000,0.0221,5.000,0.500,2.500,0.000,0.000,0.200,0.500,1.000,10.000,1.000
36.800,3,-4.8939,3.1587,-2.1249,5.000,0.500,2.500,0.000,0.000,0.200,0.500,1.000,10.000,1.000
36.800,4,1.6748,2.6920,-3.7585,5.000,0.500,2.500,0.000,0.000,0.200,0.500,1.000,10.000,1.000
36.800,5,4.0359,3.1291,0.5332,5.000,0.500,2.500,0.000,0.000,0.200,0.500,1.000,10.000,1.000
37.000,0,1.7764,4.3088,5.0000,5.000,0.500,2.500,0.000,0.000,0.200,0.500,1.000,10.000,1.000
37.000,1,-0.9080,0.5000,3.0927,5.000,0.500,2.500,0.000,0.000,0.200,0.500,1.000,10.000,1.000
37.000,2,-0.6502,5.0000,-0.0339,5.000,0.500,2.500,0.000,0.000,0.200,0.500,1.000,10.000,1.000
37.000,3,-4.8660,3.1147,-2.1869,5.000,0.500,2.500,0.000,0.000,0.200,0.500,1.000,10.000,1.000
37.000,4,1.7250,2.6162,-3.7884,5.000,0.500,2.500,0.000,0.000,0.200,0.500,1.000,10.000,1.000
37.000,5,4.0831,3.0890,0.5505,5.000,0.500,2.500,0.000,0.000,0.200,0.500,1.000,10.000,1.000
37.200,0,1.7113,4.3034,5.0000,5.000,0.500,2.500,0.000,0.000,0.200,0.500,1.000,10.000,1.000
37.200,1,-0.9545,0.5000,3.0504,5.000,0.500,2.500,0.000,0.000,0.200,0.500,1.000,10.000,1.000
37.200,2,-0.6435,5.0000,-0.0971,5.000,0.500,2.500,0.000,0.000,0.200,0.500,1.000,10.000,1.000
37.200,3,-4.8307,3.0713,-2.2478,5.000,0.500,2.500,0.000,0.000,0.200,0.500,1.000,10.000,1.000
37.200,4,1.7573,2.5396,-3.8407,5.000,0.500,2.500,0.000,0.000,0.200,0.500,1.000,10.000,1.000
37.200,5,4.1424,3.0517,0.5969,5.000,0.500,2.500,0.000,0.000,0.200,0.500,1.000,10.000,1.000
37.400,0,1.6429,4.2959,5.0000,5.000,0.500,2.500,0.000,0.000,0.200,0.500,1.000,10.000,1.000
37.400,1,-1.0010,0.5007,3.0003,5.000,0.500,2.500,0.000,0.000,0.200,0.500,1.000,10.000,1.000
37.400,2,-0.6288,5.0000,-0.1655,5.000,0.500,2.500,0.000,0.000,0.200,0.500,1.000,10.000,1.000
37.400,3,-4.7800,3.0291,-2.3055,5.000,0.500,2.500,0.000,0.000,0.200,0.500,1.000,10.000,1.000
37.400,4,1.7884,2.4642,-3.8865,5.000,0.500,2.500,0.000,0.000,0.200,0.500,1.000,10.000,1.000
37.400,5,4.1913,3.0145,0.6478,5.000,0.500,2.500,0.000,0.000,0.200,0.500,1.000,10.000,1.000
37.600,0,1.5668,4.2862,5.0000,5.000,0.500,2.500,0.000,0.000,0.200,0.500,1.000,10.000,1.000
37.600,1,-1.0511,0.5064,2.9435,5.000,0.500,2.500,0.000,0.000,0.200,0.500,1.000,10.000,1.000
37.600,2,-0.6055,5.0000,-0.2405,5.000,0.500,2.500,0.000,0.000,0.200,0.500,1.000,10.000,1.000
37.600,3,-4.7176,2.9882,-2.3642,5.000,0.500,2.500,0.000,0.000,0.200,0.500,1.000,10.000,1.000
37.600,4,1.8228,2.3893,-3.9239,5.000,0.500,2.500,0.000,0.000,0.200,0.500,1.000,10.000,1.000
37.600,5,4.2350,2.9790,0.7004,5.000,0.500,2.500,0.000,0.000,0.200,0.500,1.000,10.000,1.000
37.800,0,1.4859,4.2753,5.0000,5.000,0.500,2.500,0.000,0.000,0.200,0.500,1.000,10.000,1.000
37.800,1,-1.1021,0.5166,2.8788,5.000,0.500,2.500,0.000,0.000,0.200,0.500,1.000,10.000,1.000
37.800,2,-0.5822,5.0000,-0.3230,5.000,0.500,2.500,0.000,0.000,0.200,0.500,1.000,10.000,1.000
37.800,3,-4.6455,2.9499,-2.4216,5.000,0.500,2.500,0.000,0.000,0.200,0.500,1.000,10.000,1.000
37.800,4,1.8575,2.3163,-3.9508,5.000,0.500,2.500,0.000,0.000,0.200,0.500,1.000,10.000,1.000
37.800,5,4.2735,2.9439,0.7601,5.000,0.500,2.500,0.000,0.000,0.200,0.500,1.000,10.000,1.000
38.000,0,1.4028,4.2620,5.0000,5.000,0.500,2.500,0.000,0.000,0.200,0.500,1.000,10.000,1.000
38.000,1,-1.1519,0.5314,2.8103,5.000,0.500,2.500,0.000,0.000,0.200,0.500,1.000,10.000,1.000
38.000,2,-0.5492,5.0000,-0.4036,5.000,0.500,2.500,0.000,0.000,0.200,0.500,1.000,10.000,1.000
38.000,3,-4.5793,2.9089,-2.4803,5.000,0.500,2.500,0.000,0.000,0.200,0.500,1.000,10.000,1.000
38.000,4,1.8927,2.2452,-3.9653,5.000,0.500,2.500,0.000,0.000,0.200,0.500,1.000,10.000,1.000
38.000,5,4.2999,2.9107,0.8245,5.000,0.500,2.500,0.000,0.000,0.200,0.500,1.000,10.000,1.000
38.200,0,1.3172,4.2469,5.0000,5.000,0.500,2.500,0.000,0.000,0.200,0.500,1.000,10.000,1.000
38.200,1,-1.2005,0.5501,2.7359,5.000,0.500,2.500,0.000,0.000,0.200,0.500,1.000,10.000,1.000
38.200,2,-0.4954,5.0000,-0.4689,5.000,0.500,2.500,0.000,0.000,0.200,0.500,1.000,10.000,1.000
38.200,3,-4.5312,2.8563,-2.5466,5.000,0.500,2.500,0.000,0.000,0.200,0.500,1.000,10.000,1.000
38.200,4,1.9263,2.1751,-3.9711,5.000,0.500,2.500,0.000,0.000,0.200,0.500,1.000,10.000,1.000
38.200,5,4.3193,2.8771,0.8903,5.000,0.500,2.500,0.000,0.000,0.200,0.500,1.000,10.000,1.000
38.400,0,1.2294,4.2300,5.0000,5.000,0.500,2.500,0.000,0.000,0.200,0.500,1.000,10.000,1.000
38.400,1,-1.2484,0.5706,2.6572,5.000,0.500,2.500,0.000,0.000,0.200,0.500,1.000,10.000,1.000
38.400,2,-0.4416,5.0000,-0.5380,5.000,0.500,2.500,0.000,0.000,0.200,0.500,1.000,10.000,1.000
38.400,3,-4.4743,2.8048,-2.6093,5.000,0.500,2.500,0.000,0.000,0.200,0.500,1.000,10.000,1.000
38.400,4,1.9616,2.1078,-3.9682,5.000,0.500,2.500,0.000,0.000,0.200,0.500,1.000,10.000,1.000
38.400,5,4.3340,2.8420,0.9588,5.000,0.500,2.500,0.000,0.000,0.200,0.500,1.000,10.000,1.000
38.600,0,1.1374,4.2132,5.0000,5.000,0.500,2.500,0.000,0.000,0.200,0.500,1.000,10.000,1.000
38.600,1,-1.3020,0.5725,2.5735,5.000,0.500,2.500,0.000,0.000,0.200,0.500,1.000,10.000,1.000
38.600,2,-0.3849,5.0000,-0.6102,5.000,0.500,2.500,0.000,0.000,0.200,0.500,1.000,10.000,1.000
38.600,3,-4.4120,2.7563,-2.6698,5.000,0.500,2.500,0.000,0.000,0.200,0.500,1.000,10.000,1.000
38.600,4,1.9923,2.0417,-3.9575,5.000,0.500,2.500,0.000,0.000,0.200,0.500,1.000,10.000,1.000
38.600,5,4.3423,2.8065,1.0322,5.000,0.500,2.500,0.000,0.000,0.200,0.500,1.000,10.000,1.000
38.800,0,1.0434,4.1974,5.0000,5.000,0.500,2.500,0.000,0.000,0.200,0.500,1.000,10.000,1.000
38.800,1,-1.3546,0.5737,2.4888,5.000,0.500,2.500,0.000,0.000,0.200,0.500,1.000,10.000,1.000
38.800,2,-0.3257,5.0000,-0.6838,5.000,0.500,2.500,0.000,0.000,0.200,0.500,1.000,10.000,1.000
38.800,3,-4.3452,2.7092,-2.7263,5.000,0.500,2.500,0.000,0.000,0.200,0.500,1.000,10.000,1.000
38.800,4,2.0232,1.9771,-3.9423,5.000,0.500,2.500,0.000,0.000,0.200,0.500,1.000,10.000,1.000
38.800,5,4.3428,2.7720,1.1048,5.000,0.500,2.500,0.000,0.000,0.200,0.500,1.000,10.000,1.000
39.000,0,0.9478,4.1825,5.0000,5.000,0.500,2.500,0.000,0.000,0.200,0.500,1.000,10.000,1.000
39.000,1,-1.4063,0.5793,2.4038,5.000,0.500,2.500,0.000,0.000,0.200,0.500,1.000,10.000,1.000
39.000,2,-0.2604,5.0000,-0.7538,5.000,0.500,2.500,0.000,0.000,0.200,0.500,1.000,10.000,1.000
39.000,3,-4.2759,2.6627,-2.7793,5.000,0.500,2.500,0.000,0.000,0.200,0.500,1.000,10.000,1.000
39.000,4,2.0591,1.9125,-3.9238,5.000,0.500,2.500,0.000,0.000,0.200,0.500,1.000,10.000,1.000
39.000,5,4.3366,2.7395,1.1725,5.000,0.500,2.500,0.000,0.000,0.200,0.500,1.000,10.000,1.000
39.200,0,0.8507,4.1679,5.0000,5.000,0.500,2.500,0.000,0.000,0.200,0.500,1.000,10.000,1.000
39.200,1,-1.4532,0.5901,2.3163,5.000,0.500,2.500,0.000,0.000,0.200,0.500,1.000,10.000,1.000
39.200,2,-0.2032,5.0000,-0.8066,5.000,0.500,2.500,0.000,0.000,0.200,0.500,1.000,10.000,1.000
39.200,3,-4.2014,2.6191,-2.8289,5.000,0.500,2.500,0.000,0.000,0.200,0.500,1.000,10.000,1.000
39.200,4,2.1080,1.8301,-3.9203,5.000,0.500,2.500,0.000,0.000,0.200,0.500,1.000,10.000,1.000
39.200,5,4.3256,2.7071,1.2422,5.000,0.500,2.500,0.000,0.000,0.200,0.500,1.000,10.000,1.000
39.400,0,0.7531,4.1527,5.0000,5.000,0.500,2.500,0.000,0.000,0.200,0.500,1.000,10.000,1.000
39.400,1,-1.4956,0.6048,2.2283,5.000,0.500,2.500,0.000,0.000,0.200,0.500,1.000,10.000,1.000
39.400,2,-0.1470,5.0000,-0.8564,5.000,0.500,2.500,0.000,0.000,0.200,0.500,1.000,10.000,1.000
39.400,3,-4.1256,2.5789,-2.8728,5.000,0.500,2.500,0.000,0.000,0.200,0.500,1.000,10.000,1.000
39.400,4,2.1569,1.7463,-3.9145,5.000,0.500,2.500,0.000,0.000,0.200,0.500,1.000,10.000,1.000
39.400,5,4.3060,2.6748,1.3144,5.000,0.500,2.500,0.000,0.000,0.200,0.500,1.000,10.000,1.000
39.600,0,0.6543,4.1384,4.9975,5.000,0.500,2.500,0.000,0.000,0.200,0.500,1.000,10.000,1.000
39.600,1,-1.5362,0.6242,2.1401,5.000,0.500,2.500,0.000,0.000,0.200,0.500,1.000,10.000,1.000
39.600,2,-0.0871,5.0000,-0.9110,5.000,0.500,2.500,0.000,0.000,0.200,0.500,1.000,10.000,1.000
39.600,3,-4.0490,2.5410,-2.9086,5.000,0.500,2.500,0.000,0.000,0.200,0.500,1.000,10.000,1.000
39.600,4,2.2011,1.6653,-3.9054,5.000,0.500,2.500,0.000,0.000,0.200,0.500,1.000,10.000,1.000
39.600,5,4.2769,2.6437,1.3835,5.000,0.500,2.500,0.000,0.000,0.200,0.500,1.000,10.000,1.000
39.800,0,0.5559,4.1248,4.9885,5.000,0.500,2.500,0.000,0.000,0.200,0.500,1.000,10.000,1.000
39.800,1,-1.5753,0.6465,2.0513,5.000,0.500,2.500,0.000,0.000,0.200,0.500,1.000,10.000,1.000
39.800,2,-0.0210,5.0000,-0.9728,5.000,0.500,2.500,0.000,0.000,0.200,0.500,1.000,10.000,1.000
39.800,3,-3.9635,2.5053,-2.9385,5.000,0.500,2.500,0.000,0.000,0.200,0.500,1.000,10.000,1.000
39.800,4,2.2430,1.5852,-3.8925,5.000,0.500,2.500,0.000,0.000,0.200,0.500,1.000,10.000,1.000
39.800,5,4.2429,2.6137,1.4517,5.000,0.500,2.500,0.000,0.000,0.200,0.500,1.000,10.000,1.000
40.000,0,0.4590,4.1115,4.9762,5.000,0.500,2.500,0.000,0.000,0.200,0.500,1.000,10.000,1.000
40.000,1,-1.6130,0.6717,1.9624,5.000,0.500,2.500,0.000,0.000,0.200,0.500,1.000,10.000,1.000
40.000,2,0.0512,5.0000,-1.0376,5.000,0.500,2.500,0.000,0.000,0.200,0.500,1.000,10.000,1.000
40.000,3,-3.8734,2.4715,-2.9633,5.000,0.500,2.500,0.000,0.000,0.200,0.500,1.000,10.000,1.000
40.000,4,2.2855,1.5070,-3.8752,5.000,0.500,2.500,0.000,0.000,0.200,0.500,1.000,10.000,1.000
40.000,5,4.2083,2.5840,1.5203,5.000,0.500,2.500,0.000,0.000,0.200,0.500,1.000,10.000,1.000
40.200,0,0.3633,4.0992,4.9569,5.000,0.500,2.500,0.000,0.000,0.200,0.500,1.000,10.000,1.000
40.200,1,-1.6466,0.7011,1.8743,5.000,0.500,2.500,0.000,0.000,0.200,0.500,1.000,10.000,1.000
40.200,2,0.1258,5.0000,-1.1012,5.000,0.500,2.500,0.000,0.000,0.200,0.500,1.000,10.000,1.000
40.200,3,-3.7833,2.4386,-2.9843,5.000,0.500,2.500,0.000,0.000,0.200,0.500,1.000,10.000,1.000
40.200,4,2.3216,1.4304,-3.8482,5.000,0.500,2.500,0.000,0.000,0.200,0.500,1.000,10.000,1.000
40.200,5,4.1648,2.5561,1.5881,5.000,0.500,2.500,0.000,0.000,0.200,0.500,1.000,10.000,1.000
40.400,0,0.2689,4.0875,4.9321,5.000,0.500,2.500,0.000,0.000,0.200,0.500,1.000,10.000,1.000
40.400,1,-1.6766,0.7259,1.7829,5.000,0.500,2.500,0.000,0.000,0.200,0.500,1.000,10.000,1.000
40.400,2,0.2040,5.0000,-1.1625,5.000,0.500,2.500,0.000,0.000,0.200,0.500,1.000,10.000,1.000
40.400,3,-3.6901,2.4063,-2.9995,5.000,0.500,2.500,0.000,0.000,0.200,0.500,1.000,10.000,1.000
40.400,4,2.3585,1.3503,-3.8221,5.000,0.500,2.500,0.000,0.000,0.200,0.500,1.000,10.000,1.000
40.400,5,4.1160,2.5311,1.6564,5.000,0.500,2.500,0.000,0.000,0.200,0.500,1.000,10.000,1.000
40.600,0,0.1751,4.0789,4.9035,5.000,0.500,2.500,0.000,0.000,0.200,0.500,1.000,10.000,1.000
40.600,1,-1.7099,0.7289,1.6890,5.000,0.500,2.500,0.000,0.000,0.200,0.500,1.000,10.000,1.000
40.600,2,0.2843,5.0000,-1.2210,5.000,0.500,2.500,0.000,0.000,0.200,0.500,1.000,10.000,1.000
40.600,3,-3.5967,2.3765,-3.0128,5.000,0.500,2.500,0.000,0.000,0.200,0.500,1.000,10.000,1.000
40.600,4,2.4016,1.2617,-3.8073,5.000,0.500,2.500,0.000,0.000,0.200,0.500,1.000,10.000,1.000
40.600,5,4.0638,2.5079,1.7265,5.000,0.500,2.500,0.000,0.000,0.200,0.500,1.000,10.000,1.000
40.800,0,0.0835,4.0699,4.8645,5.000,0.500,2.500,0.000,0.000,0.200,0.500,1.000,10.000,1.000
40.800,1,-1.7446,0.7334,1.5964,5.000,0.500,2.500,0.000,0.000,0.200,0.500,1.000,10.000,1.000
40.800,2,0.3648,4.9974,-1.2756,5.000,0.500,2.500,0.000,0.000,0.200,0.500,1.000,10.000,1.000
40.800,3,-3.5029,2.3494,-3.0238,5.000,0.500,2.500,0.000,0.000,0.200,0.500,1.000,10.000,1.000
40.800,4,2.4406,1.1758,-3.7815,5.000,0.500,2.500,0.000,0.000,0.200,0.500,1.000,10.000,1.000
40.800,5,4.0042,2.4850,1.7927,5.000,0.500,2.500,0.000,0.000,0.200,0.500,1.000,10.000,1.000
41.000,0,-0.0063,4.0602,4.8222,5.000,0.500,2.500,0.000,0.000,0.200,0.500,1.000,10.000,1.000
41.000,1,-1.7788,0.7418,1.5041,5.000,0.500,2.500,0.000,0.000,0.200,0.500,1.000,10.000,1.000
41.000,2,0.4529,4.9973,-1.3219,5.000,0.500,2.500,0.000,0.000,0.200,0.500,1.000,10.000,1.000
41.000,3,-3.4067,2.3260,-3.0343,5.000,0.500,2.500,0.000,0.000,0.200,0.500,1.000,10.000,1.000
41.000,4,2.4735,1.0931,-3.7504,5.000,0.500,2.500,0.000,0.000,0.200,0.500,1.000,10.000,1.000
41.000,5,3.9328,2.4634,1.8547,5.000,0.500,2.500,0.000,0.000,0.200,0.500,1.000,10.000,1.000
41.200,0,-0.0944,4.0511,4.7779,5.000,0.500,2.500,0.000,0.000,0.200,0.500,1.000,10.000,1.000
41.200,1,-1.8075,0.7513,1.4131,5.000,0.500,2.500,0.000,0.000,0.200,0.500,1.000,10.000,1.000
41.200,2,0.5480,5.0000,-1.3476,5.000,0.500,2.500,0.000,0.000,0.200,0.500,1.000,10.000,1.000
41.200,3,-3.3105,2.3059,-3.0417,5.000,0.500,2.500,0.000,0.000,0.200,0.500,1.000,10.000,1.000
41.200,4,2.5003,1.0133,-3.7143,5.000,0.500,2.500,0.000,0.000,0.200,0.500,1.000,10.000,1.000
41.200,5,3.8568,2.4432,1.9140,5.000,0.500,2.500,0.000,0.000,0.200,0.500,1.000,10.000,1.000
41.400,0,-0.1810,4.0420,4.7301,5.000,0.500,2.500,0.000,0.000,0.200,0.500,1.000,10.000,1.000
41.400,1,-1.8248,0.7490,1.3493,5.000,0.500,2.500,0.000,0.000,0.200,0.500,1.000,10.000,1.000
41.400,2,0.6439,5.0000,-1.3667,5.000,0.500,2.500,0.000,0.000,0.200,0.500,1.000,10.000,1.000
41.400,3,-3.2240,2.2975,-3.0787,5.000,0.500,2.500,0.000,0.000,0.200,0.500,1.000,10.000,1.000
41.400,4,2.5279,0.9357,-3.6745,5.000,0.500,2.500,0.000,0.000,0.200,0.500,1.000,10.000,1.000
41.400,5,3.7785,2.4243,1.9705,5.000,0.500,2.500,0.000,0.000,0.200,0.500,1.000,10.000,1.000
41.600,0,-0.2613,4.0467,4.6903,5.000,0.500,2.500,0.000,0.000,0.200,0.500,1.000,10.000,1.000
41.600,1,-1.8390,0.7147,1.2989,5.000,0.500,2.500,0.000,0.000,0.200,0.500,1.000,10.000,1.000
41.600,2,0.7412,5.0000,-1.3836,5.000,0.500,2.500,0.000,0.000,0.200,0.500,1.000,10.000,1.000
41.600,3,-3.1529,2.3028,-3.1475,5.000,0.500,2.500,0.000,0.000,0.200,0.500,1.000,10.000,1.000
41.600,4,2.5581,0.8607,-3.6224,5.000,0.500,2.500,0.000,0.000,0.200,0.500,1.000,10.000,1.000
41.600,5,3.6973,2.4067,2.0224,5.000,0.500,2.500,0.000,0.000,0.200,0.500,1.000,10.000,1.000
41.800,0,-0.3370,4.0533,4.6469,5.000,0.500,2.500,0.000,0.000,0.200,0.500,1.000,10.000,1.000
41.800,1,-1.8412,0.6646,1.2790,5.000,0.500,2.500,0.000,0.000,0.200,0.500,1.000,10.000,1.000
41.800,2,0.8396,5.0000,-1.3984,5.000,0.500,2.500,0.000,0.000,0.200,0.500,1.000,10.000,1.000
41.800,3,-3.1043,2.3203,-3.2328,5.000,0.500,2.500,0.000,0.000,0.200,0.500,1.000,10.000,1.000
41.800,4,2.5864,0.7883,-3.5629,5.000,0.500,2.500,0.000,0.000,0.200,0.500,1.000,10.000,1.000
41.800,5,3.6119,2.3896,2.0665,5.000,0.500,2.500,0.000,0.000,0.200,0.500,1.000,10.000,1.000
42.000,0,-0.4250,4.0661,4.6102,5.000,0.500,2.500,0.000,0.000,0.200,0.500,1.000,10.000,1.000
42.000,1,-1.8314,0.6037,1.2804,5.000,0.500,2.500,0.000,0.000,0.200,0.500,1.000,10.000,1.000
42.000,2,0.9389,4.9998,-1.4065,5.000,0.500,2.500,0.000,0.000,0.200,0.500,1.000,10.000,1.000
42.000,3,-3.0692,2.3440,-3.3225,5.000,0.500,2.500,0.000,0.000,0.200,0.500,1.000,10.000,1.000
42.000,4,2.6075,0.7187,-3.5002,5.000,0.500,2.500,0.000,0.000,0.200,0.500,1.000,10.000,1.000
42.000,5,3.5352,2.3687,2.0971,5.000,0.500,2.500,0.000,0.000,0.200,0.500,1.000,10.000,1.000
42.200,0,-0.5201,4.0857,4.5894,5.000,0.500,2.500,0.000,0.000,0.200,0.500,1.000,10.000,1.000
42.200,1,-1.8213,0.5425,1.2739,5.000,0.500,2.500,0.000,0.000,0.200,0.500,1.000,10.000,1.000
42.200,2,1.0385,4.9949,-1.4118,5.000,0.500,2.500,0.000,0.000,0.200,0.500,1.000,10.000,1.000
42.200,3,-3.0300,2.3680,-3.4044,5.000,0.500,2.500,0.000,0.000,0.200,0.500,1.000,10.000,1.000
42.200,4,2.6267,0.6526,-3.4293,5.000,0.500,2.500,0.000,0.000,0.200,0.500,1.000,10.000,1.000
42.200,5,3.4773,2.3393,2.1097,5.000,0.500,2.500,0.000,0.000,0.200,0.500,1.000,10.000,1.000
42.400,0,-0.6113,4.1040,4.5636,5.000,0.500,2.500,0.000,0.000,0.200,0.500,1.000,10.000,1.000
42.400,1,-1.8060,0.5000,1.2614,5.000,0.500,2.500,0.000,0.000,0.200,0.500,1.000,10.000,1.000
42.400,2,1.1367,4.9853,-1.4145,5.000,0.500,2.500,0.000,0.000,0.200,0.500,1.000,10.000,1.000
42.400,3,-2.9872,2.3939,-3.4745,5.000,0.500,2.500,0.000,0.000,0.200,0.500,1.000,10.000,1.000
42.400,4,2.6444,0.5903,-3.3552,5.000,0.500,2.500,0.000,0.000,0.200,0.500,1.000,10.000,1.000
42.400,5,3.4102,2.3091,2.1226,5.000,0.500,2.500,0.000,0.000,0.200,0.500,1.000,10.000,1.000
42.600,0,-0.7008,4.1219,4.5311,5.000,0.500,2.500,0.000,0.000,0.200,0.500,1.000,10.000,1.000
42.600,1,-1.7856,0.5000,1.2412,5.000,0.500,2.500,0.000,0.000,0.200,0.500,1.000,10.000,1.000
42.600,2,1.2225,4.9893,-1.4386,5.000,0.500,2.500,0.000,0.000,0.200,0.500,1.000,10.000,1.000
42.600,3,-2.9426,2.4225,-3.5351,5.000,0.500,2.500,0.000,0.000,0.200,0.500,1.000,10.000,1.000
42.600,4,2.6549,0.5312,-3.2777,5.000,0.500,2.500,0.000,0.000,0.200,0.500,1.000,10.000,1.000
42.600,5,3.3513,2.2619,2.1594,5.000,0.500,2.500,0.000,0.000,0.200,0.500,1.000,10.000,1.000
42.800,0,-0.7880,4.1432,4.4923,5.000,0.500,2.500,0.000,0.000,0.200,0.500,1.000,10.000,1.000
42.800,1,-1.7610,0.5000,1.2122,5.000,0.500,2.500,0.000,0.000,0.200,0.500,1.000,10.000,1.000
42.800,2,1.3014,5.0000,-1.4796,5.000,0.500,2.500,0.000,0.000,0.200,0.500,1.000,10.000,1.000
42.800,3,-2.8941,2.4533,-3.5890,5.000,0.500,2.500,0.000,0.000,0.200,0.500,1.000,10.000,1.000
42.800,4,2.6535,0.5000,-3.1939,5.000,0.500,2.500,0.000,0.000,0.200,0.500,1.000,10.000,1.000
42.800,5,3.2994,2.2012,2.2143,5.000,0.500,2.500,0.000,0.000,0.200,0.500,1.000,10.000,1.000
43.000,0,-0.8684,4.1801,4.4630,5.000,0.500,2.500,0.000,0.000,0.200,0.500,1.000,10.000,1.000
43.000,1,-1.7379,0.5000,1.1676,5.000,0.500,2.500,0.000,0.000,0.200,0.500,1.000,10.000,1.000
43.000,2,1.3778,5.0000,-1.5114,5.000,0.500,2.500,0.000,0.000,0.200,0.500,1.000,10.000,1.000
43.000,3,-2.8461,2.4865,-3.6402,5.000,0.500,2.500,0.000,0.000,0.200,0.500,1.000,10.000,1.000
43.000,4,2.6520,0.5000,-3.1206,5.000,0.500,2.500,0.000,0.000,0.200,0.500,1.000,10.000,1.000
43.000,5,3.2415,2.1425,2.2687,5.000,0.500,2.500,0.000,0.000,0.200,0.500,1.000,10.000,1.000
43.200,0,-0.9513,4.2162,4.4298,5.000,0.500,2.500,0.000,0.000,0.200,0.500,1.000,10.000,1.000
43.200,1,-1.7103,0.5000,1.1152,5.000,0.500,2.500,0.000,0.000,0.200,0.500,1.000,10.000,1.000
43.200,2,1.4423,5.0000,-1.5289,5.000,0.500,2.500,0.000,0.000,0.200,0.500,1.000,10.000,1.000
43.200,3,-2.7945,2.5212,-3.6831,5.000,0.500,2.500,0.000,0.000,0.200,0.500,1.000,10.000,1.000
43.200,4,2.6604,0.5000,-3.0716,5.000,0.500,2.500,0.000,0.000,0.200,0.500,1.000,10.000,1.000
43.200,5,3.1755,2.0868,2.3175,5.000,0.500,2.500,0.000,0.000,0.200,0.500,1.000,10.000,1.000
43.400,0,-1.0366,4.2507,4.3926,5.000,0.500,2.500,0.000,0.000,0.200,0.500,1.000,10.000,1.000
43.400,1,-1.6807,0.5000,1.0597,5.000,0.500,2.500,0.000,0.000,0.200,0.500,1.000,10.000,1.000
43.400,2,1.4926,5.0000,-1.5309,5.000,0.500,2.500,0.000,0.000,0.200,0.500,1.000,10.000,1.000
43.400,3,-2.7395,2.5571,-3.7197,5.000,0.500,2.500,0.000,0.000,0.200,0.500,1.000,10.000,1.000
43.400,4,2.6733,0.5000,-3.0444,5.000,0.500,2.500,0.000,0.000,0.200,0.500,1.000,10.000,1.000
43.400,5,3.1025,2.0359,2.3625,5.000,0.500,2.500,0.000,0.000,0.200,0.500,1.000,10.000,1.000
43.600,0,-1.1177,4.2823,4.3465,5.000,0.500,2.500,0.000,0.000,0.200,0.500,1.000,10.000,1.000
43.600,1,-1.6449,0.5000,1.0006,5.000,0.500,2.500,0.000,0.000,0.200,0.500,1.000,10.000,1.000
43.600,2,1.5227,5.0000,-1.5198,5.000,0.500,2.500,0.000,0.000,0.200,0.500,1.000,10.000,1.000
43.600,3,-2.6802,2.5944,-3.7470,5.000,0.500,2.500,0.000,0.000,0.200,0.500,1.000,10.000,1.000
43.600,4,2.6891,0.5000,-3.0335,5.000,0.500,2.500,0.000,0.000,0.200,0.500,1.000,10.000,1.000
43.600,5,3.0282,1.9876,2.4033,5.000,0.500,2.500,0.000,0.000,0.200,0.500,1.000,10.000,1.000
43.800,0,-1.1955,4.3114,4.2923,5.000,0.500,2.500,0.000,0.000,0.200,0.500,1.000,10.000,1.000
43.800,1,-1.6015,0.5000,0.9410,5.000,0.500,2.500,0.000,0.000,0.200,0.500,1.000,10.000,1.000
43.800,2,1.5360,5.0000,-1.5003,5.000,0.500,2.500,0.000,0.000,0.200,0.500,1.000,10.000,1.000
43.800,3,-2.6216,2.6332,-3.7643,5.000,0.500,2.500,0.000,0.000,0.200,0.500,1.000,10.000,1.000
43.800,4,2.7076,0.5000,-3.0339,5.000,0.500,2.500,0.000,0.000,0.200,0.500,1.000,10.000,1.000
43.800,5,2.9496,1.9417,2.4424,5.000,0.500,2.500,0.000,0.000,0.200,0.500,1.000,10.000,1.000
44.000,0,-1.2683,4.3379,4.2298,5.000,0.500,2.500,0.000,0.000,0.200,0.500,1.000,10.000,1.000
44.000,1,-1.5730,0.5000,0.8768,5.000,0.500,2.500,0.000,0.000,0.200,0.500,1.000,10.000,1.000
44.000,2,1.5383,5.0000,-1.4757,5.000,0.500,2.500,0.000,0.000,0.200,0.500,1.000,10.000,1.000
44.000,3,-2.5617,2.6725,-3.7728,5.000,0.500,2.500,0.000,0.000,0.200,0.500,1.000,10.000,1.000
44.000,4,2.7271,0.5000,-3.0433,5.000,0.500,2.500,0.000,0.000,0.200,0.500,1.000,10.000,1.000
44.000,5,2.8851,1.9029,2.4853,5.000,0.500,2.500,0.000,0.000,0.200,0.500,1.000,10.000,1.000
44.200,0,-1.3369,4.3621,4.1617,5.000,0.500,2.500,0.000,0.000,0.200,0.500,1.000,10.000,1.000
44.200,1,-1.5793,0.5000,0.7974,5.000,0.500,2.500,0.000,0.000,0.200,0.500,1.000,10.000,1.000
44.200,2,1.5326,5.0000,-1.4478,5.000,0.500,2.500,0.000,0.000,0.200,0.500,1.000,10.000,1.000
44.200,3,-2.4947,2.7124,-3.7744,5.000,0.500,2.500,0.000,0.000,0.200,0.500,1.000,10.000,1.000
44.200,4,2.7471,0.5000,-3.0597,5.000,0.500,2.500,0.000,0.000,0.200,0.500,1.000,10.000,1.000
44.200,5,2.8560,1.8778,2.5397,5.000,0.500,2.500,0.000,0.000,0.200,0.500,1.000,10.000,1.000
44.400,0,-1.4012,4.3832,4.0891,5.000,0.500,2.500,0.000,0.000,0.200,0.500,1.000,10.000,1.000
44.400,1,-1.6118,0.5000,0.7180,5.000,0.500,2.500,0.000,0.000,0.200,0.500,1.000,10.000,1.000
44.400,2,1.5234,5.0000,-1.4167,5.000,0.500,2.500,0.000,0.000,0.200,0.500,1.000,10.000,1.000
44.400,3,-2.4206,2.7528,-3.7721,5.000,0.500,2.500,0.000,0.000,0.200,0.500,1.000,10.000,1.000
44.400,4,2.7671,0.5000,-3.0798,5.000,0.500,2.500,0.000,0.000,0.200,0.500,1.000,10.000,1.000
44.400,5,2.8563,1.8636,2.6047,5.000,0.500,2.500,0.000,0.000,0.200,0.500,1.000,10.000,1.000
44.600,0,-1.4613,4.4005,4.0114,5.000,0.500,2.500,0.000,0.000,0.200,0.500,1.000,10.000,1.000
44.600,1,-1.6464,0.5000,0.6398,5.000,0.500,2.500,0.000,0.000,0.200,0.500,1.000,10.000,1.000
44.600,2,1.5114,5.0000,-1.3826,5.000,0.500,2.500,0.000,0.000,0.200,0.500,1.000,10.000,1.000
44.600,3,-2.3440,2.7933,-3.7637,5.000,0.500,2.500,0.000,0.000,0.200,0.500,1.000,10.000,1.000
44.600,4,2.7889,0.5000,-3.1034,5.000,0.500,2.500,0.000,0.000,0.200,0.500,1.000,10.000,1.000
44.600,5,2.8530,1.8538,2.6666,5.000,0.500,2.500,0.000,0.000,0.200,0.500,1.000,10.000,1.000
44.800,0,-1.5156,4.4143,3.9286,5.000,0.500,2.500,0.000,0.000,0.200,0.500,1.000,10.000,1.000
44.800,1,-1.6728,0.5000,0.5697,5.000,0.500,2.500,0.000,0.000,0.200,0.500,1.000,10.000,1.000
44.800,2,1.4984,5.0000,-1.3438,5.000,0.500,2.500,0.000,0.000,0.200,0.500,1.000,10.000,1.000
44.800,3,-2.2699,2.8391,-3.7652,5.000,0.500,2.500,0.000,0.000,0.200,0.500,1.000,10.000,1.000
44.800,4,2.8120,0.5000,-3.1278,5.000,0.500,2.500,0.000,0.000,0.200,0.500,1.000,10.000,1.000
44.800,5,2.8452,1.8455,2.7247,5.000,0.500,2.500,0.000,0.000,0.200,0.500,1.000,10.000,1.000
45.000,0,-1.5630,4.4255,3.8433,5.000,0.500,2.500,0.000,0.000,0.200,0.500,1.000,10.000,1.000
45.000,1,-1.6898,0.5000,0.5334,5.000,0.500,2.500,0.000,0.000,0.200,0.500,1.000,10.000,1.000
45.000,2,1.5093,5.0000,-1.2943,5.000,0.500,2.500,0.000,0.000,0.200,0.500,1.000,10.000,1.000
45.000,3,-2.2156,2.8887,-3.7997,5.000,0.500,2.500,0.000,0.000,0.200,0.500,1.000,10.000,1.000
45.000,4,2.8282,0.5000,-3.1489,5.000,0.500,2.500,0.000,0.000,0.200,0.500,1.000,10.000,1.000
45.000,5,2.8304,1.8384,2.7830,5.000,0.500,2.500,0.000,0.000,0.200,0.500,1.000,10.000,1.000
45.200,0,-1.6060,4.4349,3.7546,5.000,0.500,2.500,0.000,0.000,0.200,0.500,1.000,10.000,1.000
45.200,1,-1.7001,0.5000,0.5257,5.000,0.500,2.500,0.000,0.000,0.200,0.500,1.000,10.000,1.000
45.200,2,1.5425,5.0000,-1.2382,5.000,0.500,2.500,0.000,0.000,0.200,0.500,1.000,10.000,1.000
45.200,3,-2.1853,2.9370,-3.8637,5.000,0.500,2.500,0.000,0.000,0.200,0.500,1.000,10.000,1.000
45.200,4,2.8388,0.5000,-3.1689,5.000,0.500,2.500,0.000,0.000,0.200,0.500,1.000,10.000,1.000
45.200,5,2.8105,1.8333,2.8393,5.000,0.500,2.500,0.000,0.000,0.200,0.500,1.000,10.000,1.000
45.400,0,-1.6432,4.4420,3.6640,5.000,0.500,2.500,0.000,0.000,0.200,0.500,1.000,10.000,1.000
45.400,1,-1.7085,0.5000,0.5185,5.000,0.500,2.500,0.000,0.000,0.200,0.500,1.000,10.000,1.000
45.400,2,1.5856,5.0000,-1.1822,5.000,0.500,2.500,0.000,0.000,0.200,0.500,1.000,10.000,1.000
45.400,3,-2.1647,2.9808,-3.9270,5.000,0.500,2.500,0.000,0.000,0.200,0.500,1.000,10.000,1.000
45.400,4,2.8446,0.5000,-3.1905,5.000,0.500,2.500,0.000,0.000,0.200,0.500,1.000,10.000,1.000
45.400,5,2.7842,1.8316,2.8885,5.000,0.500,2.500,0.000,0.000,0.200,0.500,1.000,10.000,1.000
45.600,0,-1.6763,4.4464,3.5700,5.000,0.500,2.500,0.000,0.000,0.200,0.500,1.000,10.000,1.000
45.600,1,-1.7108,0.5000,0.5098,5.000,0.500,2.500,0.000,0.000,0.200,0.500,1.000,10.000,1.000
45.600,2,1.6328,5.0000,-1.1216,5.000,0.500,2.500,0.000,0.000,0.200,0.500,1.000,10.000,1.000
45.600,3,-2.1404,3.0254,-3.9852,5.000,0.500,2.500,0.000,0.000,0.200,0.500,1.000,10.000,1.000
45.600,4,2.8474,0.5000,-3.2127,5.000,0.500,2.500,0.000,0.000,0.200,0.500,1.000,10.000,1.000
45.600,5,2.7506,1.8332,2.9312,5.000,0.500,2.500,0.000,0.000,0.200,0.500,1.000,10.000,1.000
45.800,0,-1.7060,4.4697,3.4896,5.000,0.500,2.500,0.000,0.000,0.200,0.500,1.000,10.000,1.000
45.800,1,-1.7083,0.5000,0.4822,5.000,0.500,2.500,0.000,0.000,0.200,0.500,1.000,10.000,1.000
45.800,2,1.6784,5.0000,-1.0545,5.000,0.500,2.500,0.000,0.000,0.200,0.500,1.000,10.000,1.000
45.800,3,-2.1071,3.0703,-4.0339,5.000,0.500,2.500,0.000,0.000,0.200,0.500,1.000,10.000,1.000
45.800,4,2.8419,0.5000,-3.2284,5.000,0.500,2.500,0.000,0.000,0.200,0.500,1.000,10.000,1.000
45.800,5,2.7123,1.8378,2.9703,5.000,0.500,2.500,0.000,0.000,0.200,0.500,1.000,10.000,1.000
46.000,0,-1.7330,4.5243,3.4306,5.000,0.500,2.500,0.000,0.000,0.200,0.500,1.000,10.000,1.000
46.000,1,-1.7036,0.5000,0.4415,5.000,0.500,2.500,0.000,0.000,0.200,0.500,1.000,10.000,1.000
46.000,2,1.7208,5.0000,-0.9851,5.000,0.500,2.500,0.000,0.000,0.200,0.500,1.000,10.000,1.000
46.000,3,-2.0667,3.1166,-4.0741,5.000,0.500,2.500,0.000,0.000,0.200,0.500,1.000,10.000,1.000
46.000,4,2.8289,0.5000,-3.2373,5.000,0.500,2.500,0.000,0.000,0.200,0.500,1.000,10.000,1.000
46.000,5,2.6661,1.8442,3.0053,5.000,0.500,2.500,0.000,0.000,0.200,0.500,1.000,10.000,1.000
46.200,0,-1.7599,4.5850,3.3726,5.000,0.500,2.500,0.000,0.000,0.200,0.500,1.000,10.000,1.000
46.200,1,-1.6922,0.5000,0.3975,5.000,0.500,2.500,0.000,0.000,0.200,0.500,1.000,10.000,1.000
46.200,2,1.7581,5.0000,-0.9088,5.000,0.500,2.500,0.000,0.000,0.200,0.500,1.000,10.000,1.000
46.200,3,-2.0250,3.1638,-4.1044,5.000,0.500,2.500,0.000,0.000,0.200,0.500,1.000,10.000,1.000
46.200,4,2.8130,0.5000,-3.2406,5.000,0.500,2.500,0.000,0.000,0.200,0.500,1.000,10.000,1.000
46.200,5,2.6141,1.8539,3.0356,5.000,0.500,2.500,0.000,0.000,0.200,0.500,1.000,10.000,1.000
46.400,0,-1.7826,4.6438,3.3069,5.000,0.500,2.500,0.000,0.000,0.200,0.500,1.000,10.000,1.000
46.400,1,-1.6733,0.5000,0.3524,5.000,0.500,2.500,0.000,0.000,0.200,0.500,1.000,10.000,1.000
46.400,2,1.7959,5.0000,-0.8284,5.000,0.500,2.500,0.000,0.000,0.200,0.500,1.000,10.000,1.000
46.400,3,-1.9806,3.2109,-4.1268,5.000,0.500,2.500,0.000,0.000,0.200,0.500,1.000,10.000,1.000
46.400,4,2.7876,0.5000,-3.2447,5.000,0.500,2.500,0.000,0.000,0.200,0.500,1.000,10.000,1.000
46.400,5,2.5587,1.8661,3.0631,5.000,0.500,2.500,0.000,0.000,0.200,0.500,1.000,10.000,1.000
46.600,0,-1.8018,4.7007,3.2342,5.000,0.500,2.500,0.000,0.000,0.200,0.500,1.000,10.000,1.000
46.600,1,-1.6484,0.5000,0.3041,5.000,0.500,2.500,0.000,0.000,0.200,0.500,1.000,10.000,1.000
46.600,2,1.8312,5.0000,-0.7437,5.000,0.500,2.500,0.000,0.000,0.200,0.500,1.000,10.000,1.000
46.600,3,-1.9366,3.2584,-4.1378,5.000,0.500,2.500,0.000,0.000,0.200,0.500,1.000,10.000,1.000
46.600,4,2.7527,0.5000,-3.2487,5.000,0.500,2.500,0.000,0.000,0.200,0.500,1.000,10.000,1.000
46.600,5,2.5020,1.8793,3.0914,5.000,0.500,2.500,0.000,0.000,0.200,0.500,1.000,10.000,1.000
46.800,0,-1.8190,4.7565,3.1565,5.000,0.500,2.500,0.000,0.000,0.200,0.500,1.000,10.000,1.000
46.800,1,-1.6193,0.5000,0.2586,5.000,0.500,2.500,0.000,0.000,0.200,0.500,1.000,10.000,1.000
46.800,2,1.8612,5.0000,-0.6779,5.000,0.500,2.500,0.000,0.000,0.200,0.500,1.000,10.000,1.000
46.800,3,-1.8945,3.3075,-4.1357,5.000,0.500,2.500,0.000,0.000,0.200,0.500,1.000,10.000,1.000
46.800,4,2.7130,0.5000,-3.2478,5.000,0.500,2.500,0.000,0.000,0.200,0.500,1.000,10.000,1.000
46.800,5,2.4488,1.8722,3.1411,5.000,0.500,2.500,0.000,0.000,0.200,0.500,1.000,10.000,1.000
47.000,0,-1.8326,4.8089,3.0763,5.000,0.500,2.500,0.000,0.000,0.200,0.500,1.000,10.000,1.000
47.000,1,-1.5834,0.5000,0.2151,5.000,0.500,2.500,0.000,0.000,0.200,0.500,1.000,10.000,1.000
47.000,2,1.8854,5.0000,-0.6422,5.000,0.500,2.500,0.000,0.000,0.200,0.500,1.000,10.000,1.000
47.000,3,-1.8541,3.3573,-4.1252,5.000,0.500,2.500,0.000,0.000,0.200,0.500,1.000,10.000,1.000
47.000,4,2.6694,0.5000,-3.2436,5.000,0.500,2.500,0.000,0.000,0.200,0.500,1.000,10.000,1.000
47.000,5,2.4000,1.8414,3.2178,5.000,0.500,2.500,0.000,0.000,0.200,0.500,1.000,10.000,1.000
47.200,0,-1.8394,4.8587,2.9925,5.000,0.500,2.500,0.000,0.000,0.200,0.500,1.000,10.000,1.000
47.200,1,-1.5421,0.5000,0.1710,5.000,0.500,2.500,0.000,0.000,0.200,0.500,1.000,10.000,1.000
47.200,2,1.9024,5.0000,-0.6117,5.000,0.500,2.500,0.000,0.000,0.200,0.500,1.000,10.000,1.000
47.200,3,-1.8121,3.4062,-4.1032,5.000,0.500,2.500,0.000,0.000,0.200,0.500,1.000,10.000,1.000
47.200,4,2.6177,0.5000,-3.2351,5.000,0.500,2.500,0.000,0.000,0.200,0.500,1.000,10.000,1.000
47.200,5,2.3506,1.8068,3.2953,5.000,0.500,2.500,0.000,0.000,0.200,0.500,1.000,10.000,1.000
47.400,0,-1.8409,4.9035,2.9033,5.000,0.500,2.500,0.000,0.000,0.200,0.500,1.000,10.000,1.000
47.400,1,-1.4910,0.5000,0.1250,5.000,0.500,2.500,0.000,0.000,0.200,0.500,1.000,10.000,1.000
47.400,2,1.9156,5.0000,-0.5732,5.000,0.500,2.500,0.000,0.000,0.200,0.500,1.000,10.000,1.000
47.400,3,-1.7692,3.4537,-4.0697,5.000,0.500,2.500,0.000,0.000,0.200,0.500,1.000,10.000,1.000
47.400,4,2.5637,0.5000,-3.2250,5.000,0.500,2.500,0.000,0.000,0.200,0.500,1.000,10.000,1.000
47.400,5,2.2960,1.7756,3.3618,5.000,0.500,2.500,0.000,0.000,0.200,0.500,1.000,10.000,1.000
47.600,0,-1.8348,4.9417,2.8113,5.000,0.500,2.500,0.000,0.000,0.200,0.500,1.000,10.000,1.000
47.600,1,-1.4382,0.5000,0.0788,5.000,0.500,2.500,0.000,0.000,0.200,0.500,1.000,10.000,1.000
47.600,2,1.9280,5.0000,-0.5251,5.000,0.500,2.500,0.000,0.000,0.200,0.500,1.000,10.000,1.000
47.600,3,-1.7285,3.5014,-4.0306,5.000,0.500,2.500,0.000,0.000,0.200,0.500,1.000,10.000,1.000
47.600,4,2.5002,0.5000,-3.2151,5.000,0.500,2.500,0.000,0.000,0.200,0.500,1.000,10.000,1.000
47.600,5,2.2373,1.7486,3.4175,5.000,0.500,2.500,0.000,0.000,0.200,0.500,1.000,10.000,1.000
47.800,0,-1.8322,4.9754,2.7235,5.000,0.500,2.500,0.000,0.000,0.200,0.500,1.000,10.000,1.000
47.800,1,-1.3783,0.5000,0.0312,5.000,0.500,2.500,0.000,0.000,0.200,0.500,1.000,10.000,1.000
47.800,2,1.9477,5.0000,-0.4830,5.000,0.500,2.500,0.000,0.000,0.200,0.500,1.000,10.000,1.000
47.800,3,-1.6901,3.5474,-3.9851,5.000,0.500,2.500,0.000,0.000,0.200,0.500,1.000,10.000,1.000
47.800,4,2.4319,0.5000,-3.2017,5.000,0.500,2.500,0.000,0.000,0.200,0.500,1.000,10.000,1.000
47.800,5,2.1798,1.7233,3.4661,5.000,0.500,2.500,0.000,0.000,0.200,0.500,1.000,10.000,1.000
48.000,0,-1.8586,5.0000,2.6601,5.000,0.500,2.500,0.000,0.000,0.200,0.500,1.000,10.000,1.000
48.000,1,-1.3319,0.5000,0.0012,5.000,0.500,2.500,0.000,0.000,0.200,0.500,1.000,10.000,1.000
48.000,2,1.9978,5.0000,-0.4652,5.000,0.500,2.500,0.000,0.000,0.200,0.500,1.000,10.000,1.000
48.000,3,-1.6529,3.5929,-3.9355,5.000,0.500,2.500,0.000,0.000,0.200,0.500,1.000,10.000,1.000
48.000,4,2.3798,0.5000,-3.1995,5.000,0.500,2.500,0.000,0.000,0.200,0.500,1.000,10.000,1.000
48.000,5,2.1223,1.7012,3.5127,5.000,0.500,2.500,0.000,0.000,0.200,0.500,1.000,10.000,1.000
48.200,0,-1.9111,5.0000,2.6179,5.000,0.500,2.500,0.000,0.000,0.200,0.500,1.000,10.000,1.000
48.200,1,-1.3133,0.5000,-0.0007,5.000,0.500,2.500,0.000,0.000,0.200,0.500,1.000,10.000,1.000
48.200,2,2.0723,5.0000,-0.4682,5.000,0.500,2.500,0.000,0.000,0.200,0.500,1.000,10.000,1.000
48.200,3,-1.6130,3.6388,-3.8762,5.000,0.500,2.500,0.000,0.000,0.200,0.500,1.000,10.000,1.000
48.200,4,2.3561,0.5000,-3.2250,5.000,0.500,2.500,0.000,0.000,0.200,0.500,1.000,10.000,1.000
48.200,5,2.0629,1.6817,3.5544,5.000,0.500,2.500,0.000,0.000,0.200,0.500,1.000,10.000,1.000
48.400,0,-1.9608,5.0000,2.5708,5.000,0.500,2.500,0.000,0.000,0.200,0.500,1.000,10.000,1.000
48.400,1,-1.3144,0.5000,0.0297,5.000,0.500,2.500,0.000,0.000,0.200,0.500,1.000,10.000,1.000
48.400,2,2.1437,5.0000,-0.4700,5.000,0.500,2.500,0.000,0.000,0.200,0.500,1.000,10.000,1.000
48.400,3,-1.5777,3.6973,-3.8249,5.000,0.500,2.500,0.000,0.000,0.200,0.500,1.000,10.000,1.000
48.400,4,2.3608,0.5000,-3.2781,5.000,0.500,2.500,0.000,0.000,0.200,0.500,1.000,10.000,1.000
48.400,5,1.9964,1.6653,3.5884,5.000,0.500,2.500,0.000,0.000,0.200,0.500,1.000,10.000,1.000
48.600,0,-2.0057,5.0000,2.5182,5.000,0.500,2.500,0.000,0.000,0.200,0.500,1.000,10.000,1.000
48.600,1,-1.3454,0.5000,0.0694,5.000,0.500,2.500,0.000,0.000,0.200,0.500,1.000,10.000,1.000
48.600,2,2.2068,5.0000,-0.4695,5.000,0.500,2.500,0.000,0.000,0.200,0.500,1.000,10.000,1.000
48.600,3,-1.5447,3.7573,-3.7706,5.000,0.500,2.500,0.000,0.000,0.200,0.500,1.000,10.000,1.000
48.600,4,2.3882,0.5000,-3.3543,5.000,0.500,2.500,0.000,0.000,0.200,0.500,1.000,10.000,1.000
48.600,5,1.9453,1.6562,3.6292,5.000,0.500,2.500,0.000,0.000,0.200,0.500,1.000,10.000,1.000
48.800,0,-2.0437,5.0000,2.4640,5.000,0.500,2.500,0.000,0.000,0.200,0.500,1.000,10.000,1.000
48.800,1,-1.3990,0.5000,0.0891,5.000,0.500,2.500,0.000,0.000,0.200,0.500,1.000,10.000,1.000
48.800,2,2.2668,5.0000,-0.4610,5.000,0.500,2.500,0.000,0.000,0.200,0.500,1.000,10.000,1.000
48.800,3,-1.5122,3.8159,-3.7059,5.000,0.500,2.500,0.000,0.000,0.200,0.500,1.000,10.000,1.000
48.800,4,2.4128,0.5000,-3.4296,5.000,0.500,2.500,0.000,0.000,0.200,0.500,1.000,10.000,1.000
48.800,5,1.9145,1.6575,3.6903,5.000,0.500,2.500,0.000,0.000,0.200,0.500,1.000,10.000,1.000
49.000,0,-2.0774,5.0000,2.4050,5.000,0.500,2.500,0.000,0.000,0.200,0.500,1.000,10.000,1.000
49.000,1,-1.4511,0.5000,0.1113,5.000,0.500,2.500,0.000,0.000,0.200,0.500,1.000,10.000,1.000
49.000,2,2.3215,5.0000,-0.4456,5.000,0.500,2.500,0.000,0.000,0.200,0.500,1.000,10.000,1.000
49.000,3,-1.4861,3.8733,-3.6329,5.000,0.500,2.500,0.000,0.000,0.200,0.500,1.000,10.000,1.000
49.000,4,2.4312,0.5009,-3.5077,5.000,0.500,2.500,0.000,0.000,0.200,0.500,1.000,10.000,1.000
49.000,5,1.8828,1.6634,3.7464,5.000,0.500,2.500,0.000,0.000,0.200,0.500,1.000,10.000,1.000
49.200,0,-2.1038,5.0000,2.3418,5.000,0.500,2.500,0.000,0.000,0.200,0.500,1.000,10.000,1.000
49.200,1,-1.4952,0.5000,0.1373,5.000,0.500,2.500,0.000,0.000,0.200,0.500,1.000,10.000,1.000
49.200,2,2.3722,5.0000,-0.4219,5.000,0.500,2.500,0.000,0.000,0.200,0.500,1.000,10.000,1.000
49.200,3,-1.4660,3.9288,-3.5528,5.000,0.500,2.500,0.000,0.000,0.200,0.500,1.000,10.000,1.000
49.200,4,2.4434,0.5055,-3.5885,5.000,0.500,2.500,0.000,0.000,0.200,0.500,1.000,10.000,1.000
49.200,5,1.8506,1.6724,3.7917,5.000,0.500,2.500,0.000,0.000,0.200,0.500,1.000,10.000,1.000
49.400,0,-2.1251,5.0000,2.2758,5.000,0.500,2.500,0.000,0.000,0.200,0.500,1.000,10.000,1.000
49.400,1,-1.5346,0.5000,0.1670,5.000,0.500,2.500,0.000,0.000,0.200,0.500,1.000,10.000,1.000
49.400,2,2.4234,5.0000,-0.3921,5.000,0.500,2.500,0.000,0.000,0.200,0.500,1.000,10.000,1.000
49.400,3,-1.4468,3.9809,-3.4698,5.000,0.500,2.500,0.000,0.000,0.200,0.500,1.000,10.000,1.000
49.400,4,2.4479,0.5148,-3.6692,5.000,0.500,2.500,0.000,0.000,0.200,0.500,1.000,10.000,1.000
49.400,5,1.8142,1.6842,3.8337,5.000,0.500,2.500,0.000,0.000,0.200,0.500,1.000,10.000,1.000
49.600,0,-2.1426,5.0000,2.2140,5.000,0.500,2.500,0.000,0.000,0.200,0.500,1.000,10.000,1.000
49.600,1,-1.5693,0.5000,0.1884,5.000,0.500,2.500,0.000,0.000,0.200,0.500,1.000,10.000,1.000
49.600,2,2.4738,5.0000,-0.3561,5.000,0.500,2.500,0.000,0.000,0.200,0.500,1.000,10.000,1.000
49.600,3,-1.4287,4.0299,-3.3850,5.000,0.500,2.500,0.000,0.000,0.200,0.500,1.000,10.000,1.000
49.600,4,2.4510,0.5304,-3.7450,5.000,0.500,2.500,0.000,0.000,0.200,0.500,1.000,10.000,1.000
49.600,5,1.7728,1.7002,3.8666,5.000,0.500,2.500,0.000,0.000,0.200,0.500,1.000,10.000,1.000
49.800,0,-2.1621,5.0000,2.1667,5.000,0.500,2.500,0.000,0.000,0.200,0.500,1.000,10.000,1.000
49.800,1,-1.5950,0.5000,0.1930,5.000,0.500,2.500,0.000,0.000,0.200,0.500,1.000,10.000,1.000
49.800,2,2.5189,5.0000,-0.3124,5.000,0.500,2.500,0.000,0.000,0.200,0.500,1.000,10.000,1.000
49.800,3,-1.4140,4.0754,-3.2974,5.000,0.500,2.500,0.000,0.000,0.200,0.500,1.000,10.000,1.000
49.800,4,2.4512,0.5521,-3.8161,5.000,0.500,2.500,0.000,0.000,0.200,0.500,1.000,10.000,1.000
49.800,5,1.7252,1.7184,3.8959,5.000,0.500,2.500,0.000,0.000,0.200,0.500,1.000,10.000,1.000
50.000,0,-2.1829,5.0000,2.1360,5.000,0.500,2.500,0.000,0.000,0.200,0.500,1.000,10.000,1.000
50.000,1,-1.6121,0.5000,0.1953,5.000,0.500,2.500,0.000,0.000,0.200,0.500,1.000,10.000,1.000
50.000,2,2.5583,5.0000,-0.2621,5.000,0.500,2.500,0.000,0.000,0.200,0.500,1.000,10.000,1.000
50.000,3,-1.4002,4.1344,-3.2227,5.000,0.500,2.500,0.000,0.000,0.200,0.500,1.000,10.000,1.000
50.000,4,2.4457,0.5784,-3.8859,5.000,0.500,2.500,0.000,0.000,0.200,0.500,1.000,10.000,1.000
50.000,5,1.6758,1.7387,3.9164,5.000,0.500,2.500,0.000,0.000,0.200,0.500,1.000,10.000,1.000
50.200,0,-2.1996,5.0000,2.1259,5.000,0.500,2.500,0.000,0.000,0.200,0.500,1.000,10.000,1.000
50.200,1,-1.6205,0.5000,0.1993,5.000,0.500,2.500,0.000,0.000,0.200,0.500,1.000,10.000,1.000
50.200,2,2.5900,5.0000,-0.2076,5.000,0.500,2.500,0.000,0.000,0.200,0.500,1.000,10.000,1.000
50.200,3,-1.3873,4.2146,-3.1656,5.000,0.500,2.500,0.000,0.000,0.200,0.500,1.000,10.000,1.000
50.200,4,2.4327,0.6104,-3.9521,5.000,0.500,2.500,0.000,0.000,0.200,0.500,1.000,10.000,1.000
50.200,5,1.6244,1.7632,3.9287,5.000,0.500,2.500,0.000,0.000,0.200,0.500,1.000,10.000,1.000
50.400,0,-2.2132,5.0000,2.1305,5.000,0.500,2.500,0.000,0.000,0.200,0.500,1.000,10.000,1.000
50.400,1,-1.6198,0.5000,0.1904,5.000,0.500,2.500,0.000,0.000,0.200,0.500,1.000,10.000,1.000
50.400,2,2.6136,5.0000,-0.1461,5.000,0.500,2.500,0.000,0.000,0.200,0.500,1.000,10.000,1.000
50.400,3,-1.3781,4.2914,-3.1034,5.000,0.500,2.500,0.000,0.000,0.200,0.500,1.000,10.000,1.000
50.400,4,2.4153,0.6480,-4.0150,5.000,0.500,2.500,0.000,0.000,0.200,0.500,1.000,10.000,1.000
50.400,5,1.5741,1.7901,3.9394,5.000,0.500,2.500,0.000,0.000,0.200,0.500,1.000,10.000,1.000
50.600,0,-2.2245,5.0000,2.1463,5.000,0.500,2.500,0.000,0.000,0.200,0.500,1.000,10.000,1.000
50.600,1,-1.6136,0.5000,0.1725,5.000,0.500,2.500,0.000,0.000,0.200,0.500,1.000,10.000,1.000
50.600,2,2.6327,5.0000,-0.0782,5.000,0.500,2.500,0.000,0.000,0.200,0.500,1.000,10.000,1.000
50.600,3,-1.3696,4.3653,-3.0379,5.000,0.500,2.500,0.000,0.000,0.200,0.500,1.000,10.000,1.000
50.600,4,2.3929,0.6908,-4.0727,5.000,0.500,2.500,0.000,0.000,0.200,0.500,1.000,10.000,1.000
50.600,5,1.5231,1.8182,3.9459,5.000,0.500,2.500,0.000,0.000,0.200,0.500,1.000,10.000,1.000
50.800,0,-2.2337,5.0000,2.1712,5.000,0.500,2.500,0.000,0.000,0.200,0.500,1.000,10.000,1.000
50.800,1,-1.6037,0.5000,0.1479,5.000,0.500,2.500,0.000,0.000,0.200,0.500,1.000,10.000,1.000
50.800,2,2.6461,5.0000,-0.0100,5.000,0.500,2.500,0.000,0.000,0.200,0.500,1.000,10.000,1.000
50.800,3,-1.3616,4.4361,-2.9697,5.000,0.500,2.500,0.000,0.000,0.200,0.500,1.000,10.000,1.000
50.800,4,2.3659,0.7387,-4.1248,5.000,0.500,2.500,0.000,0.000,0.200,0.500,1.000,10.000,1.000
50.800,5,1.4709,1.8491,3.9470,5.000,0.500,2.500,0.000,0.000,0.200,0.500,1.000,10.000,1.000
51.000,0,-2.2414,5.0000,2.2019,5.000,0.500,2.500,0.000,0.000,0.200,0.500,1.000,10.000,1.000
51.000,1,-1.5911,0.5000,0.1187,5.000,0.500,2.500,0.000,0.000,0.200,0.500,1.000,10.000,1.000
51.000,2,2.6525,5.0000,0.0547,5.000,0.500,2.500,0.000,0.000,0.200,0.500,1.000,10.000,1.000
51.000,3,-1.3584,4.5023,-2.8980,5.000,0.500,2.500,0.000,0.000,0.200,0.500,1.000,10.000,1.000
51.000,4,2.3349,0.7928,-4.1714,5.000,0.500,2.500,0.000,0.000,0.200,0.500,1.000,10.000,1.000
51.000,5,1.4198,1.8813,3.9402,5.000,0.500,2.500,0.000,0.000,0.200,0.500,1.000,10.000,1.000
51.200,0,-2.2450,5.0000,2.2331,5.000,0.500,2.500,0.000,0.000,0.200,0.500,1.000,10.000,1.000
51.200,1,-1.5774,0.5000,0.0907,5.000,0.500,2.500,0.000,0.000,0.200,0.500,1.000,10.000,1.000
51.200,2,2.6541,5.0000,0.1280,5.000,0.500,2.500,0.000,0.000,0.200,0.500,1.000,10.000,1.000
51.200,3,-1.3575,4.5640,-2.8208,5.000,0.500,2.500,0.000,0.000,0.200,0.500,1.000,10.000,1.000
51.200,4,2.3003,0.8525,-4.2124,5.000,0.500,2.500,0.000,0.000,0.200,0.500,1.000,10.000,1.000
51.200,5,1.3690,1.9142,3.9270,5.000,0.500,2.500,0.000,0.000,0.200,0.500,1.000,10.000,1.000
51.400,0,-2.2489,5.0000,2.2638,5.000,0.500,2.500,0.000,0.000,0.200,0.500,1.000,10.000,1.000
51.400,1,-1.5609,0.5000,0.0723,5.000,0.500,2.500,0.000,0.000,0.200,0.500,1.000,10.000,1.000
51.400,2,2.6747,5.0000,0.2150,5.000,0.500,2.500,0.000,0.000,0.200,0.500,1.000,10.000,1.000
51.400,3,-1.3620,4.6294,-2.7473,5.000,0.500,2.500,0.000,0.000,0.200,0.500,1.000,10.000,1.000
51.400,4,2.2671,0.9179,-4.2514,5.000,0.500,2.500,0.000,0.000,0.200,0.500,1.000,10.000,1.000
51.400,5,1.3178,1.9473,3.9086,5.000,0.500,2.500,0.000,0.000,0.200,0.500,1.000,10.000,1.000
51.600,0,-2.2711,5.0000,2.2812,5.000,0.500,2.500,0.000,0.000,0.200,0.500,1.000,8.112,1.000
51.600,1,-1.5454,0.5000,0.0538,5.000,0.500,2.500,0.000,0.000,0.200,0.500,1.000,8.112,1.000
51.600,2,2.7033,5.0000,0.2799,5.000,0.500,2.500,0.000,0.000,0.200,0.500,1.000,8.112,1.000
51.600,3,-1.3747,4.6953,-2.6787,5.000,0.500,2.500,0.000,0.000,0.200,0.500,1.000,8.112,1.000
51.600,4,2.2293,0.9889,-4.2879,5.000,0.500,2.500,0.000,0.000,0.200,0.500,1.000,8.112,1.000
51.600,5,1.2774,1.9610,3.9083,5.000,0.500,2.500,0.000,0.000,0.200,0.500,1.000,8.112,1.000
51.800,0,-2.3106,5.0000,2.2817,5.000,0.500,2.500,0.000,0.000,0.200,0.500,1.000,2.447,1.000
51.800,1,-1.5425,0.5000,0.0167,5.000,0.500,2.500,0.000,0.000,0.200,0.500,1.000,2.447,1.000
51.800,2,2.7398,5.0000,0.3144,5.000,0.500,2.500,0.000,0.000,0.200,0.500,1.000,2.447,1.000
51.800,3,-1.3912,4.7549,-2.6125,5.000,0.500,2.500,0.000,0.000,0.200,0.500,1.000,2.447,1.000
51.800,4,2.1855,1.0634,-4.3221,5.000,0.500,2.500,0.000,0.000,0.200,0.500,1.000,2.447,1.000
51.800,5,1.2532,1.9517,3.9344,5.000,0.500,2.500,0.000,0.000,0.200,0.500,1.000,2.447,1.000
52.000,0,-2.3619,5.0000,2.2941,5.000,0.500,2.500,0.000,0.000,0.200,0.500,1.000,0.500,1.000
52.000,1,-1.5372,0.5000,-0.0157,5.000,0.500,2.500,0.000,0.000,0.200,0.500,1.000,0.500,1.000
52.000,2,2.7851,5.0000,0.3201,5.000,0.500,2.500,0.000,0.000,0.200,0.500,1.000,0.500,1.000
52.000,3,-1.4010,4.8097,-2.5746,5.000,0.500,2.500,0.000,0.000,0.200,0.500,1.000,0.500,1.000
52.000,4,2.1366,1.1359,-4.3522,5.000,0.500,2.500,0.000,0.000,0.200,0.500,1.000,0.500,1.000
52.000,5,1.2379,1.9137,3.9799,5.000,0.500,2.500,0.000,0.000,0.200,0.500,1.000,0.500,1.000
52.200,0,-2.4128,5.0000,2.3385,5.000,0.500,2.500,0.000,0.000,0.200,0.500,1.000,0.500,1.000
52.200,1,-1.5263,0.5000,-0.0389,5.000,0.500,2.500,0.000,0.000,0.200,0.500,1.000,0.500,1.000
52.200,2,2.8297,5.0000,0.3191,5.000,0.500,2.500,0.000,0.000,0.200,0.500,1.000,0.500,1.000
52.200,3,-1.4037,4.8598,-2.5736,5.000,0.500,2.500,0.000,0.000,0.200,0.500,1.000,0.500,1.000
52.200,4,2.0775,1.2029,-4.3785,5.000,0.500,2.500,0.000,0.000,0.200,0.500,1.000,0.500,1.000
52.200,5,1.2224,1.8690,4.0225,5.000,0.500,2.500,0.000,0.000,0.200,0.500,1.000,0.500,1.000
52.400,0,-2.4582,5.0000,2.3931,5.000,0.500,2.500,0.000,0.000,0.200,0.500,1.000,0.500,1.000
52.400,1,-1.5095,0.5000,-0.0540,5.000,0.500,2.500,0.000,0.000,0.200,0.500,1.000,0.500,1.000
52.400,2,2.8741,5.0000,0.3197,5.000,0.500,2.500,0.000,0.000,0.200,0.500,1.000,0.500,1.000
52.400,3,-1.4084,4.9034,-2.5816,5.000,0.500,2.500,0.000,0.000,0.200,0.500,1.000,0.500,1.000
52.400,4,2.0083,1.2657,-4.3920,5.000,0.500,2.500,0.000,0.000,0.200,0.500,1.000,0.500,1.000
52.400,5,1.2079,1.8234,4.0604,5.000,0.500,2.500,0.000,0.000,0.200,0.500,1.000,0.500,1.000
52.600,0,-2.4984,5.0000,2.4484,5.000,0.500,2.500,0.000,0.000,0.200,0.500,1.000,0.500,1.000
52.600,1,-1.4928,0.5000,-0.0645,5.000,0.500,2.500,0.000,0.000,0.200,0.500,1.000,0.500,1.000
52.600,2,2.9108,5.0000,0.3211,5.000,0.500,2.500,0.000,0.000,0.200,0.500,1.000,0.500,1.000
52.600,3,-1.4138,4.9399,-2.5875,5.000,0.500,2.500,0.000,0.000,0.200,0.500,1.000,0.500,1.000
52.600,4,1.9333,1.3237,-4.3959,5.000,0.500,2.500,0.000,0.000,0.200,0.500,1.000,0.500,1.000
52.600,5,1.1973,1.7741,4.0960,5.000,0.500,2.500,0.000,0.000,0.200,0.500,1.000,0.500,1.000
52.800,0,-2.5318,5.0000,2.4990,5.000,0.500,2.500,0.000,0.000,0.200,0.500,1.000,0.500,1.000
52.800,1,-1.4750,0.5000,-0.0653,5.000,0.500,2.500,0.000,0.000,0.200,0.500,1.000,0.500,1.000
52.800,2,2.9405,5.0000,0.3223,5.000,0.500,2.500,0.000,0.000,0.200,0.500,1.000,0.500,1.000
52.800,3,-1.4183,4.9680,-2.5882,5.000,0.500,2.500,0.000,0.000,0.200,0.500,1.000,0.500,1.000
52.800,4,1.8520,1.3761,-4.3944,5.000,0.500,2.500,0.000,0.000,0.200,0.500,1.000,0.500,1.000
52.800,5,1.1902,1.7207,4.1250,5.000,0.500,2.500,0.000,0.000,0.200,0.500,1.000,0.500,1.000
53.000,0,-2.5645,5.0000,2.5489,5.000,0.500,2.500,0.000,0.000,0.200,0.500,1.000,0.500,1.000
53.000,1,-1.4553,0.5000,-0.0563,5.000,0.500,2.500,0.000,0.000,0.200,0.500,1.000,0.500,1.000
53.000,2,2.9639,5.0000,0.3235,5.000,0.500,2.500,0.000,0.000,0.200,0.500,1.000,0.500,1.000
53.000,3,-1.4282,4.9869,-2.5867,5.000,0.500,2.500,0.000,0.000,0.200,0.500,1.000,0.500,1.000
53.000,4,1.7644,1.4224,-4.3897,5.000,0.500,2.500,0.000,0.000,0.200,0.500,1.000,0.500,1.000
53.000,5,1.1840,1.6641,4.1450,5.000,0.500,2.500,0.000,0.000,0.200,0.500,1.000,0.500,1.000
53.200,0,-2.5917,5.0000,2.5965,5.000,0.500,2.500,0.000,0.000,0.200,0.500,1.000,0.500,1.000
53.200,1,-1.4259,0.5000,-0.0338,5.000,0.500,2.500,0.000,0.000,0.200,0.500,1.000,0.500,1.000
53.200,2,2.9811,5.0000,0.3206,5.000,0.500,2.500,0.000,0.000,0.200,0.500,1.000,0.500,1.000
53.200,3,-1.4417,4.9982,-2.5850,5.000,0.500,2.500,0.000,0.000,0.200,0.500,1.000,0.500,1.000
53.200,4,1.6747,1.4620,-4.3770,5.000,0.500,2.500,0.000,0.000,0.200,0.500,1.000,0.500,1.000
53.200,5,1.1811,1.6037,4.1581,5.000,0.500,2.500,0.000,0.000,0.200,0.500,1.000,0.500,1.000
53.400,0,-2.6134,5.0000,2.6441,5.000,0.500,2.500,0.000,0.000,0.200,0.500,1.000,0.500,1.000
53.400,1,-1.3950,0.5000,-0.0059,5.000,0.500,2.500,0.000,0.000,0.200,0.500,1.000,0.500,1.000
53.400,2,2.9975,5.0000,0.3199,5.000,0.500,2.500,0.000,0.000,0.200,0.500,1.000,0.500,1.000
53.400,3,-1.4610,5.0000,-2.5783,5.000,0.500,2.500,0.000,0.000,0.200,0.500,1.000,0.500,1.000
53.400,4,1.5844,1.4936,-4.3589,5.000,0.500,2.500,0.000,0.000,0.200,0.500,1.000,0.500,1.000
53.400,5,1.1800,1.5410,4.1698,5.000,0.500,2.500,0.000,0.000,0.200,0.500,1.000,0.500,1.000
53.600,0,-2.6301,5.0000,2.6877,5.000,0.500,2.500,0.000,0.000,0.200,0.500,1.000,0.500,1.000
53.600,1,-1.3690,0.5000,0.0181,5.000,0.500,2.500,0.000,0.000,0.200,0.500,1.000,0.500,1.000
53.600,2,3.0083,5.0000,0.3152,5.000,0.500,2.500,0.000,0.000,0.200,0.500,1.000,0.500,1.000
53.600,3,-1.5009,5.0000,-2.5592,5.000,0.500,2.500,0.000,0.000,0.200,0.500,1.000,0.500,1.000
53.600,4,1.5126,1.4996,-4.3483,5.000,0.500,2.500,0.000,0.000,0.200,0.500,1.000,0.500,1.000
53.600,5,1.1880,1.4792,4.1853,5.000,0.500,2.500,0.000,0.000,0.200,0.500,1.000,0.500,1.000
53.800,0,-2.6431,5.0000,2.7300,5.000,0.500,2.500,0.000,0.000,0.200,0.500,1.000,0.500,1.000
53.800,1,-1.3636,0.5000,0.0163,5.000,0.500,2.500,0.000,0.000,0.200,0.500,1.000,0.500,1.000
53.800,2,3.0113,5.0000,0.3019,5.000,0.500,2.500,0.000,0.000,0.200,0.500,1.000,0.500,1.000
53.800,3,-1.5646,5.0000,-2.5261,5.000,0.500,2.500,0.000,0.000,0.200,0.500,1.000,0.500,1.000
53.800,4,1.4639,1.4759,-4.3498,5.000,0.500,2.500,0.000,0.000,0.200,0.500,1.000,0.500,1.000
53.800,5,1.2149,1.4230,4.2277,5.000,0.500,2.500,0.000,0.000,0.200,0.500,1.000,0.500,1.000
54.000,0,-2.6484,5.0000,2.7708,5.000,0.500,2.500,0.000,0.000,0.200,0.500,1.000,0.500,1.000
54.000,1,-1.3672,0.5000,0.0186,5.000,0.500,2.500,0.000,0.000,0.200,0.500,1.000,0.500,1.000
54.000,2,3.0062,5.0000,0.2849,5.000,0.500,2.500,0.000,0.000,0.200,0.500,1.000,0.500,1.000
54.000,3,-1.6359,5.0000,-2.4899,5.000,0.500,2.500,0.000,0.000,0.200,0.500,1.000,0.500,1.000
54.000,4,1.4255,1.4329,-4.3527,5.000,0.500,2.500,0.000,0.000,0.200,0.500,1.000,0.500,1.000
54.000,5,1.2463,1.3643,4.2717,5.000,0.500,2.500,0.000,0.000,0.200,0.500,1.000,0.500,1.000
54.200,0,-2.6472,4.9996,2.8096,5.000,0.500,2.500,0.000,0.000,0.200,0.500,1.000,0.500,1.000
54.200,1,-1.3692,0.5000,0.0268,5.000,0.500,2.500,0.000,0.000,0.200,0.500,1.000,0.500,1.000
54.200,2,2.9975,5.0000,0.2658,5.000,0.500,2.500,0.000,0.000,0.200,0.500,1.000,0.500,1.000
54.200,3,-1.7065,5.0000,-2.4531,5.000,0.500,2.500,0.000,0.000,0.200,0.500,1.000,0.500,1.000
54.200,4,1.3856,1.3831,-4.3488,5.000,0.500,2.500,0.000,0.000,0.200,0.500,1.000,0.500,1.000
54.200,5,1.2785,1.3033,4.3091,5.000,0.500,2.500,0.000,0.000,0.200,0.500,1.000,0.500,1.000
54.400,0,-2.6403,4.9950,2.8507,5.000,0.500,2.500,0.000,0.000,0.200,0.500,1.000,0.500,1.000
54.400,1,-1.3761,0.5000,0.0417,5.000,0.500,2.500,0.000,0.000,0.200,0.500,1.000,0.500,1.000
54.400,2,2.9812,4.9986,0.2495,5.000,0.500,2.500,0.000,0.000,0.200,0.500,1.000,0.500,1.000
54.400,3,-1.7803,5.0000,-2.4192,5.000,0.500,2.500,0.000,0.000,0.200,0.500,1.000,0.500,1.000
54.400,4,1.3487,1.3286,-4.3363,5.000,0.500,2.500,0.000,0.000,0.200,0.500,1.000,0.500,1.000
54.400,5,1.3146,1.2395,4.3334,5.000,0.500,2.500,0.000,0.000,0.200,0.500,1.000,0.500,1.000
54.600,0,-2.6311,4.9829,2.8884,5.000,0.500,2.500,0.000,0.000,0.200,0.500,1.000,0.500,1.000
54.600,1,-1.3857,0.5000,0.0593,5.000,0.500,2.500,0.000,0.000,0.200,0.500,1.000,0.500,1.000
54.600,2,2.9554,4.9908,0.2339,5.000,0.500,2.500,0.000,0.000,0.200,0.500,1.000,0.500,1.000
54.600,3,-1.8489,5.0000,-2.3854,5.000,0.500,2.500,0.000,0.000,0.200,0.500,1.000,0.500,1.000
54.600,4,1.3170,1.2686,-4.3138,5.000,0.500,2.500,0.000,0.000,0.200,0.500,1.000,0.500,1.000
54.600,5,1.3556,1.1741,4.3458,5.000,0.500,2.500,0.000,0.000,0.200,0.500,1.000,0.500,1.000
54.800,0,-2.6214,4.9637,2.9263,5.000,0.500,2.500,0.000,0.000,0.200,0.500,1.000,0.500,1.000
54.800,1,-1.3934,0.5000,0.0810,5.000,0.500,2.500,0.000,0.000,0.200,0.500,1.000,0.500,1.000
54.800,2,2.9220,4.9767,0.2183,5.000,0.500,2.500,0.000,0.000,0.200,0.500,1.000,0.500,1.000
54.800,3,-1.9139,5.0000,-2.3565,5.000,0.500,2.500,0.000,0.000,0.200,0.500,1.000,0.500,1.000
54.800,4,1.2882,1.2033,-4.2812,5.000,0.500,2.500,0.000,0.000,0.200,0.500,1.000,0.500,1.000
54.800,5,1.3954,1.1049,4.3482,5.000,0.500,2.500,0.000,0.000,0.200,0.500,1.000,0.500,1.000
55.000,0,-2.6042,4.9374,2.9623,5.000,0.500,2.500,0.000,0.000,0.200,0.500,1.000,0.500,1.000
55.000,1,-1.4011,0.5000,0.1098,5.000,0.500,2.500,0.000,0.000,0.200,0.500,1.000,0.500,1.000
55.000,2,2.8820,4.9564,0.2009,5.000,0.500,2.500,0.000,0.000,0.200,0.500,1.000,0.500,1.000
55.000,3,-1.9775,5.0000,-2.3275,5.000,0.500,2.500,0.000,0.000,0.200,0.500,1.000,0.500,1.000
55.000,4,1.2624,1.1341,-4.2412,5.000,0.500,2.500,0.000,0.000,0.200,0.500,1.000,0.500,1.000
55.000,5,1.4339,1.0323,4.3430,5.000,0.500,2.500,0.000,0.000,0.200,0.500,1.000,0.500,1.000
55.200,0,-2.5843,4.9034,2.9960,5.000,0.500,2.500,0.000,0.000,0.200,0.500,1.000,0.500,1.000
55.200,1,-1.4072,0.5000,0.1449,5.000,0.500,2.500,0.000,0.000,0.200,0.500,1.000,0.500,1.000
55.200,2,2.8382,4.9287,0.1854,5.000,0.500,2.500,0.000,0.000,0.200,0.500,1.000,0.500,1.000
55.200,3,-2.0463,5.0000,-2.3013,5.000,0.500,2.500,0.000,0.000,0.200,0.500,1.000,0.500,1.000
55.200,4,1.2394,1.0597,-4.1954,5.000,0.500,2.500,0.000,0.000,0.200,0.500,1.000,0.500,1.000
55.200,5,1.4729,0.9554,4.3300,5.000,0.500,2.500,0.000,0.000,0.200,0.500,1.000,0.500,1.000
55.400,0,-2.5661,4.8616,3.0299,5.000,0.500,2.500,0.000,0.000,0.200,0.500,1.000,0.500,1.000
55.400,1,-1.4118,0.5000,0.1883,5.000,0.500,2.500,0.000,0.000,0.200,0.500,1.000,0.500,1.000
55.400,2,2.7896,4.8952,0.1687,5.000,0.500,2.500,0.000,0.000,0.200,0.500,1.000,0.500,1.000
55.400,3,-2.1160,5.0000,-2.2708,5.000,0.500,2.500,0.000,0.000,0.200,0.500,1.000,0.500,1.000
55.400,4,1.2204,0.9808,-4.1450,5.000,0.500,2.500,0.000,0.000,0.200,0.500,1.000,0.500,1.000
55.400,5,1.5178,0.8765,4.3108,5.000,0.500,2.500,0.000,0.000,0.200,0.500,1.000,0.500,1.000
55.600,0,-2.5487,4.8119,3.0615,5.000,0.500,2.500,0.000,0.000,0.200,0.500,1.000,0.500,1.000
55.600,1,-1.4184,0.5000,0.2351,5.000,0.500,2.500,0.000,0.000,0.200,0.500,1.000,0.500,1.000
55.600,2,2.7349,4.8564,0.1494,5.000,0.500,2.500,0.000,0.000,0.200,0.500,1.000,0.500,1.000
55.600,3,-2.1833,4.9959,-2.2433,5.000,0.500,2.500,0.000,0.000,0.200,0.500,1.000,0.500,1.000
55.600,4,1.2070,0.8995,-4.0884,5.000,0.500,2.500,0.000,0.000,0.200,0.500,1.000,0.500,1.000
55.600,5,1.5633,0.7949,4.2862,5.000,0.500,2.500,0.000,0.000,0.200,0.500,1.000,0.500,1.000
55.800,0,-2.5255,4.7543,3.0975,5.000,0.500,2.500,0.000,0.000,0.200,0.500,1.000,0.500,1.000
55.800,1,-1.4279,0.5000,0.2866,5.000,0.500,2.500,0.000,0.000,0.200,0.500,1.000,0.500,1.000
55.800,2,2.6752,4.8110,0.1290,5.000,0.500,2.500,0.000,0.000,0.200,0.500,1.000,0.500,1.000
55.800,3,-2.2542,4.9859,-2.2141,5.000,0.500,2.500,0.000,0.000,0.200,0.500,1.000,0.500,1.000
55.800,4,1.1963,0.8214,-4.0272,5.000,0.500,2.500,0.000,0.000,0.200,0.500,1.000,0.500,1.000
55.800,5,1.6099,0.7136,4.2526,5.000,0.500,2.500,0.000,0.000,0.200,0.500,1.000,0.500,1.000
56.000,0,-2.4973,4.6898,3.1385,5.000,0.500,2.500,0.000,0.000,0.200,0.500,1.000,0.500,1.000
56.000,1,-1.4496,0.5000,0.3246,5.000,0.500,2.500,0.000,0.000,0.200,0.500,1.000,0.500,1.000
56.000,2,2.6151,4.7597,0.1082,5.000,0.500,2.500,0.000,0.000,0.200,0.500,1.000,0.500,1.000
56.000,3,-2.3190,4.9704,-2.1823,5.000,0.500,2.500,0.000,0.000,0.200,0.500,1.000,0.500,1.000
56.000,4,1.1934,0.7431,-3.9662,5.000,0.500,2.500,0.000,0.000,0.200,0.500,1.000,0.500,1.000
56.000,5,1.6696,0.6367,4.2326,5.000,0.500,2.500,0.000,0.000,0.200,0.500,1.000,0.500,1.000
56.200,0,-2.4713,4.6179,3.1844,5.000,0.500,2.500,0.000,0.000,0.200,0.500,1.000,0.500,1.000
56.200,1,-1.4874,0.5000,0.3500,5.000,0.500,2.500,0.000,0.000,0.200,0.500,1.000,0.500,1.000
56.200,2,2.5477,4.7032,0.0881,5.000,0.500,2.500,0.000,0.000,0.200,0.500,1.000,0.500,1.000
56.200,3,-2.3770,4.9474,-2.1505,5.000,0.500,2.500,0.000,0.000,0.200,0.500,1.000,0.500,1.000
56.200,4,1.1908,0.6641,-3.9055,5.000,0.500,2.500,0.000,0.000,0.200,0.500,1.000,0.500,1.000
56.200,5,1.7362,0.5645,4.2272,5.000,0.500,2.500,0.000,0.000,0.200,0.500,1.000,0.500,1.000
56.400,0,-2.4424,4.5393,3.2286,5.000,0.500,2.500,0.000,0.000,0.200,0.500,1.000,0.500,1.000
56.400,1,-1.5278,0.5000,0.3796,5.000,0.500,2.500,0.000,0.000,0.200,0.500,1.000,0.500,1.000
56.400,2,2.4719,4.6423,0.0694,5.000,0.500,2.500,0.000,0.000,0.200,0.500,1.000,0.500,1.000
56.400,3,-2.4300,4.9177,-2.1204,5.000,0.500,2.500,0.000,0.000,0.200,0.500,1.000,0.500,1.000
56.400,4,1.1912,0.5879,-3.8409,5.000,0.500,2.500,0.000,0.000,0.200,0.500,1.000,0.500,1.000
56.400,5,1.8029,0.5000,4.2200,5.000,0.500,2.500,0.000,0.000,0.200,0.500,1.000,0.500,1.000
56.600,0,-2.4096,4.4628,3.2788,5.000,0.500,2.500,0.000,0.000,0.200,0.500,1.000,0.500,1.000
56.600,1,-1.5638,0.5000,0.4083,5.000,0.500,2.500,0.000,0.000,0.200,0.500,1.000,0.500,1.000
56.600,2,2.3954,4.5806,0.0516,5.000,0.500,2.500,0.000,0.000,0.200,0.500,1.000,0.500,1.000
56.600,3,-2.4799,4.8800,-2.0982,5.000,0.500,2.500,0.000,0.000,0.200,0.500,1.000,0.500,1.000
56.600,4,1.1969,0.5157,-3.7720,5.000,0.500,2.500,0.000,0.000,0.200,0.500,1.000,0.500,1.000
56.600,5,1.8717,0.5000,4.2108,5.000,0.500,2.500,0.000,0.000,0.200,0.500,1.000,0.500,1.000
56.800,0,-2.3824,4.4145,3.3509,5.000,0.500,2.500,0.000,0.000,0.200,0.500,1.000,0.500,1.000
56.800,1,-1.5908,0.5000,0.4193,5.000,0.500,2.500,0.000,0.000,0.200,0.500,1.000,0.500,1.000
56.800,2,2.3220,4.5154,0.0363,5.000,0.500,2.500,0.000,0.000,0.200,0.500,1.000,0.500,1.000
56.800,3,-2.5242,4.8335,-2.0773,5.000,0.500,2.500,0.000,0.000,0.200,0.500,1.000,0.500,1.000
56.800,4,1.2109,0.5000,-3.7064,5.000,0.500,2.500,0.000,0.000,0.200,0.500,1.000,0.500,1.000
56.800,5,1.9384,0.5000,4.1910,5.000,0.500,2.500,0.000,0.000,0.200,0.500,1.000,0.500,1.000
57.000,0,-2.3601,4.3967,3.4449,5.000,0.500,2.500,0.000,0.000,0.200,0.500,1.000,0.500,1.000
57.000,1,-1.6226,0.5000,0.4322,5.000,0.500,2.500,0.000,0.000,0.200,0.500,1.000,0.500,1.000
57.000,2,2.2486,4.4496,0.0202,5.000,0.500,2.500,0.000,0.000,0.200,0.500,1.000,0.500,1.000
57.000,3,-2.5628,4.7800,-2.0546,5.000,0.500,2.500,0.000,0.000,0.200,0.500,1.000,0.500,1.000
57.000,4,1.2469,0.5000,-3.6683,5.000,0.500,2.500,0.000,0.000,0.200,0.500,1.000,0.500,1.000
57.000,5,2.0009,0.5000,4.1639,5.000,0.500,2.500,0.000,0.000,0.200,0.500,1.000,0.500,1.000
57.200,0,-2.3456,4.4012,3.5433,5.000,0.500,2.500,0.000,0.000,0.200,0.500,1.000,0.500,1.000
57.200,1,-1.6514,0.5000,0.4367,5.000,0.500,2.500,0.000,0.000,0.200,0.500,1.000,0.500,1.000
57.200,2,2.1763,4.3829,0.0054,5.000,0.500,2.500,0.000,0.000,0.200,0.500,1.000,0.500,1.000
57.200,3,-2.5985,4.7232,-2.0331,5.000,0.500,2.500,0.000,0.000,0.200,0.500,1.000,0.500,1.000
57.200,4,1.2948,0.5000,-3.6337,5.000,0.500,2.500,0.000,0.000,0.200,0.500,1.000,0.500,1.000
57.200,5,2.0617,0.5000,4.1326,5.000,0.500,2.500,0.000,0.000,0.200,0.500,1.000,0.500,1.000
57.400,0,-2.3325,4.3990,3.6398,5.000,0.500,2.500,0.000,0.000,0.200,0.500,1.000,0.500,1.000
57.400,1,-1.6704,0.5000,0.4529,5.000,0.500,2.500,0.000,0.000,0.200,0.500,1.000,0.500,1.000
57.400,2,2.1058,4.3137,-0.0093,5.000,0.500,2.500,0.000,0.000,0.200,0.500,1.000,0.500,1.000
57.400,3,-2.6388,4.6912,-2.0282,5.000,0.500,2.500,0.000,0.000,0.200,0.500,1.000,0.500,1.000
57.400,4,1.3483,0.5000,-3.5957,5.000,0.500,2.500,0.000,0.000,0.200,0.500,1.000,0.500,1.000
57.400,5,2.1227,0.5000,4.0999,5.000,0.500,2.500,0.000,0.000,0.200,0.500,1.000,0.500,1.000
57.600,0,-2.3228,4.3889,3.7309,5.000,0.500,2.500,0.000,0.000,0.200,0.500,1.000,0.500,1.000
57.600,1,-1.6800,0.5000,0.4815,5.000,0.500,2.500,0.000,0.000,0.200,0.500,1.000,0.500,1.000
57.600,2,2.0361,4.2445,-0.0280,5.000,0.500,2.500,0.000,0.000,0.200,0.500,1.000,0.500,1.000
57.600,3,-2.6849,4.6922,-2.0442,5.000,0.500,2.500,0.000,0.000,0.200,0.500,1.000,0.500,1.000
57.600,4,1.4091,0.5000,-3.5550,5.000,0.500,2.500,0.000,0.000,0.200,0.500,1.000,0.500,1.000
57.600,5,2.1842,0.5000,4.0654,5.000,0.500,2.500,0.000,0.000,0.200,0.500,1.000,0.500,1.000
57.800,0,-2.3156,4.3718,3.8231,5.000,0.500,2.500,0.000,0.000,0.200,0.500,1.000,0.500,1.000
57.800,1,-1.6878,0.5000,0.5155,5.000,0.500,2.500,0.000,0.000,0.200,0.500,1.000,0.500,1.000
57.800,2,1.9682,4.1751,-0.0514,5.000,0.500,2.500,0.000,0.000,0.200,0.500,1.000,0.500,1.000
57.800,3,-2.7312,4.7083,-2.0692,5.000,0.500,2.500,0.000,0.000,0.200,0.500,1.000,0.500,1.000
57.800,4,1.4695,0.5000,-3.5099,5.000,0.500,2.500,0.000,0.000,0.200,0.500,1.000,0.500,1.000
57.800,5,2.2422,0.5000,4.0279,5.000,0.500,2.500,0.000,0.000,0.200,0.500,1.000,0.500,1.000
58.000,0,-2.3045,4.3460,3.9141,5.000,0.500,2.500,0.000,0.000,0.200,0.500,1.000,0.500,1.000
58.000,1,-1.7028,0.5000,0.5489,5.000,0.500,2.500,0.000,0.000,0.200,0.500,1.000,0.500,1.000
58.000,2,1.9028,4.1072,-0.0764,5.000,0.500,2.500,0.000,0.000,0.200,0.500,1.000,0.500,1.000
58.000,3,-2.7758,4.7178,-2.0898,5.000,0.500,2.500,0.000,0.000,0.200,0.500,1.000,0.500,1.000
58.000,4,1.5284,0.5000,-3.4621,5.000,0.500,2.500,0.000,0.000,0.200,0.500,1.000,0.500,1.000
58.000,5,2.2987,0.5000,3.9854,5.000,0.500,2.500,0.000,0.000,0.200,0.500,1.000,0.500,1.000
58.200,0,-2.2906,4.3125,4.0059,5.000,0.500,2.500,0.000,0.000,0.200,0.500,1.000,0.500,1.000
58.200,1,-1.7267,0.5000,0.5806,5.000,0.500,2.500,0.000,0.000,0.200,0.500,1.000,0.500,1.000
58.200,2,1.8418,4.0609,-0.0807,5.000,0.500,2.500,0.000,0.000,0.200,0.500,1.000,0.500,1.000
58.200,3,-2.8188,4.7213,-2.1084,5.000,0.500,2.500,0.000,0.000,0.200,0.500,1.000,0.500,1.000
58.200,4,1.5808,0.5000,-3.4391,5.000,0.500,2.500,0.000,0.000,0.200,0.500,1.000,0.500,1.000
58.200,5,2.3482,0.5000,3.9383,5.000,0.500,2.500,0.000,0.000,0.200,0.500,1.000,0.500,1.000
58.400,0,-2.2757,4.2715,4.0957,5.000,0.500,2.500,0.000,0.000,0.200,0.500,1.000,0.500,1.000
58.400,1,-1.7561,0.5000,0.6083,5.000,0.500,2.500,0.000,0.000,0.200,0.500,1.000,0.500,1.000
58.400,2,1.7819,4.0426,-0.0572,5.000,0.500,2.500,0.000,0.000,0.200,0.500,1.000,0.500,1.000
58.400,3,-2.8556,4.7177,-2.1240,5.000,0.500,2.500,0.000,0.000,0.200,0.500,1.000,0.500,1.000
58.400,4,1.6231,0.5000,-3.4436,5.000,0.500,2.500,0.000,0.000,0.200,0.500,1.000,0.500,1.000
58.400,5,2.3908,0.5000,3.8885,5.000,0.500,2.500,0.000,0.000,0.200,0.500,1.000,0.500,1.000
58.600,0,-2.2591,4.2246,4.1818,5.000,0.500,2.500,0.000,0.000,0.200,0.500,1.000,0.500,1.000
58.600,1,-1.7929,0.5000,0.6319,5.000,0.500,2.500,0.000,0.000,0.200,0.500,1.000,0.500,1.000
58.600,2,1.7209,4.0528,-0.0063,5.000,0.500,2.500,0.000,0.000,0.200,0.500,1.000,0.500,1.000
58.600,3,-2.8834,4.7063,-2.1390,5.000,0.500,2.500,0.000,0.000,0.200,0.500,1.000,0.500,1.000
58.600,4,1.6546,0.5000,-3.4683,5.000,0.500,2.500,0.000,0.000,0.200,0.500,1.000,0.500,1.000
58.600,5,2.4293,0.5000,3.8341,5.000,0.500,2.500,0.000,0.000,0.200,0.500,1.000,0.500,1.000
58.800,0,-2.2379,4.1722,4.2640,5.000,0.500,2.500,0.000,0.000,0.200,0.500,1.000,0.500,1.000
58.800,1,-1.8326,0.5000,0.6513,5.000,0.500,2.500,0.000,0.000,0.200,0.500,1.000,0.500,1.000
58.800,2,1.6604,4.0825,0.0655,5.000,0.500,2.500,0.000,0.000,0.200,0.500,1.000,0.500,1.000
58.800,3,-2.9035,4.6886,-2.1567,5.000,0.500,2.500,0.000,0.000,0.200,0.500,1.000,0.500,1.000
58.800,4,1.6804,0.5000,-3.5017,5.000,0.500,2.500,0.000,0.000,0.200,0.500,1.000,0.500,1.000
58.800,5,2.4614,0.5000,3.7766,5.000,0.500,2.500,0.000,0.000,0.200,0.500,1.000,0.500,1.000
59.000,0,-2.2194,4.1158,4.3431,5.000,0.500,2.500,0.000,0.000,0.200,0.500,1.000,0.500,1.000
59.000,1,-1.8790,0.5000,0.6636,5.000,0.500,2.500,0.000,0.000,0.200,0.500,1.000,0.500,1.000
59.000,2,1.5993,4.1064,0.1355,5.000,0.500,2.500,0.000,0.000,0.200,0.500,1.000,0.500,1.000
59.000,3,-2.9163,4.6646,-2.1752,5.000,0.500,2.500,0.000,0.000,0.200,0.500,1.000,0.500,1.000
59.000,4,1.7074,0.5000,-3.5279,5.000,0.500,2.500,0.000,0.000,0.200,0.500,1.000,0.500,1.000
59.000,5,2.4858,0.5000,3.7183,5.000,0.500,2.500,0.000,0.000,0.200,0.500,1.000,0.500,1.000
59.200,0,-2.2057,4.0525,4.4176,5.000,0.500,2.500,0.000,0.000,0.200,0.500,1.000,0.500,1.000
59.200,1,-1.9299,0.5000,0.6704,5.000,0.500,2.500,0.000,0.000,0.200,0.500,1.000,0.500,1.000
59.200,2,1.5348,4.1232,0.2003,5.000,0.500,2.500,0.000,0.000,0.200,0.500,1.000,0.500,1.000
59.200,3,-2.9235,4.6342,-2.1982,5.000,0.500,2.500,0.000,0.000,0.200,0.500,1.000,0.500,1.000
59.200,4,1.7342,0.5000,-3.5409,5.000,0.500,2.500,0.000,0.000,0.200,0.500,1.000,0.500,1.000
59.200,5,2.5010,0.5000,3.6566,5.000,0.500,2.500,0.000,0.000,0.200,0.500,1.000,0.500,1.000
59.400,0,-2.1937,3.9854,4.4897,5.000,0.500,2.500,0.000,0.000,0.200,0.500,1.000,0.500,1.000
59.400,1,-1.9843,0.5000,0.6773,5.000,0.500,2.500,0.000,0.000,0.200,0.500,1.000,0.500,1.000
59.400,2,1.4639,4.1323,0.2642,5.000,0.500,2.500,0.000,0.000,0.200,0.500,1.000,0.500,1.000
59.400,3,-2.9303,4.5980,-2.2228,5.000,0.500,2.500,0.000,0.000,0.200,0.500,1.000,0.500,1.000
59.400,4,1.7677,0.5000,-3.5448,5.000,0.500,2.500,0.000,0.000,0.200,0.500,1.000,0.500,1.000
59.400,5,2.5138,0.5000,3.5947,5.000,0.500,2.500,0.000,0.000,0.200,0.500,1.000,0.500,1.000
59.600,0,-2.1882,3.9131,4.5571,5.000,0.500,2.500,0.000,0.000,0.200,0.500,1.000,0.500,1.000
59.600,1,-2.0384,0.5000,0.6788,5.000,0.500,2.500,0.000,0.000,0.200,0.500,1.000,0.500,1.000
59.600,2,1.3885,4.1372,0.3284,5.000,0.500,2.500,0.000,0.000,0.200,0.500,1.000,0.500,1.000
59.600,3,-2.9312,4.5560,-2.2464,5.000,0.500,2.500,0.000,0.000,0.200,0.500,1.000,0.500,1.000
59.600,4,1.8097,0.5000,-3.5398,5.000,0.500,2.500,0.000,0.000,0.200,0.500,1.000,0.500,1.000
59.600,5,2.5228,0.5000,3.5349,5.000,0.500,2.500,0.000,0.000,0.200,0.500,1.000,0.500,1.000
59.800,0,-2.1847,3.8370,4.6218,5.000,0.500,2.500,0.000,0.000,0.200,0.500,1.000,0.500,1.000
59.800,1,-2.0920,0.5000,0.6751,5.000,0.500,2.500,0.000,0.000,0.200,0.500,1.000,0.500,1.000
59.800,2,1.3033,4.1607,0.3699,5.000,0.500,2.500,0.000,0.000,0.200,0.500,1.000,0.500,1.000
59.800,3,-2.9264,4.5071,-2.2720,5.000,0.500,2.500,0.000,0.000,0.200,0.500,1.000,0.500,1.000
59.800,4,1.8534,0.5000,-3.5275,5.000,0.500,2.500,0.000,0.000,0.200,0.500,1.000,0.500,1.000
59.800,5,2.5339,0.5000,3.5013,5.000,0.500,2.500,0.000,0.000,0.200,0.500,1.000,0.500,1.000
60.000,0,-2.1859,3.7580,4.6826,5.000,0.500,2.500,0.000,0.000,0.200,0.500,1.000,0.500,1.000
60.000,1,-2.1477,0.5000,0.6681,5.000,0.500,2.500,0.000,0.000,0.200,0.500,1.000,0.500,1.000
60.000,2,1.2285,4.2103,0.3952,5.000,0.500,2.500,0.000,0.000,0.200,0.500,1.000,0.500,1.000
60.000,3,-2.9394,4.4553,-2.3097,5.000,0.500,2.500,0.000,0.000,0.200,0.500,1.000,0.500,1.000
60.000,4,1.8990,0.5000,-3.5088,5.000,0.500,2.500,0.000,0.000,0.200,0.500,1.000,0.500,1.000
60.000,5,2.5486,0.5000,3.4955,5.000,0.500,2.500,0.000,0.000,0.200,0.500,1.000,0.500,1.000
60.200,0,-2.1916,3.6774,4.7415,5.000,0.500,2.500,0.000,0.000,0.200,0.500,1.000,0.500,1.000
60.200,1,-2.2057,0.5000,0.6557,5.000,0.500,2.500,0.000,0.000,0.200,0.500,1.000,0.500,1.000
60.200,2,1.1842,4.2655,0.4299,5.000,0.500,2.500,0.000,0.000,0.200,0.500,1.000,0.500,1.000
60.200,3,-2.9840,4.4040,-2.3694,5.000,0.500,2.500,0.000,0.000,0.200,0.500,1.000,0.500,1.000
60.200,4,1.9452,0.5000,-3.4874,5.000,0.500,2.500,0.000,0.000,0.200,0.500,1.000,0.500,1.000
60.200,5,2.5591,0.5000,3.4928,5.000,0.500,2.500,0.000,0.000,0.200,0.500,1.000,0.500,1.000
60.400,0,-2.1979,3.5935,4.7952,5.000,0.500,2.500,0.000,0.000,0.200,0.500,1.000,0.500,1.000
60.400,1,-2.2607,0.5000,0.6369,5.000,0.500,2.500,0.000,0.000,0.200,0.500,1.000,0.500,1.000
60.400,2,1.1452,4.3139,0.4679,5.000,0.500,2.500,0.000,0.000,0.200,0.500,1.000,0.500,1.000
60.400,3,-3.0365,4.3669,-2.4449,5.000,0.500,2.500,0.000,0.000,0.200,0.500,1.000,0.500,1.000
60.400,4,1.9865,0.5000,-3.4620,5.000,0.500,2.500,0.000,0.000,0.200,0.500,1.000,0.500,1.000
60.400,5,2.5599,0.5000,3.4883,5.000,0.500,2.500,0.000,0.000,0.200,0.500,1.000,0.500,1.000
60.600,0,-2.2018,3.5062,4.8434,5.000,0.500,2.500,0.000,0.000,0.200,0.500,1.000,0.500,1.000
60.600,1,-2.3137,0.5000,0.6096,5.000,0.500,2.500,0.000,0.000,0.200,0.500,1.000,0.500,1.000
60.600,2,1.1025,4.3564,0.4989,5.000,0.500,2.500,0.000,0.000,0.200,0.500,1.000,0.500,1.000
60.600,3,-3.0819,4.3249,-2.5223,5.000,0.500,2.500,0.000,0.000,0.200,0.500,1.000,0.500,1.000
60.600,4,2.0283,0.5000,-3.4300,5.000,0.500,2.500,0.000,0.000,0.200,0.500,1.000,0.500,1.000
60.600,5,2.5514,0.5000,3.4854,5.000,0.500,2.500,0.000,0.000,0.200,0.500,1.000,0.500,1.000
60.800,0,-2.2025,3.4148,4.8838,5.000,0.500,2.500,0.000,0.000,0.200,0.500,1.000,0.500,1.000
60.800,1,-2.3678,0.5000,0.5759,5.000,0.500,2.500,0.000,0.000,0.200,0.500,1.000,0.500,1.000
60.800,2,1.0540,4.3912,0.5254,5.000,0.500,2.500,0.000,0.000,0.200,0.500,1.000,0.500,1.000
60.800,3,-3.1247,4.2891,-2.6049,5.000,0.500,2.500,0.000,0.000,0.200,0.500,1.000,0.500,1.000
60.800,4,2.0681,0.5000,-3.3900,5.000,0.500,2.500,0.000,0.000,0.200,0.500,1.000,0.500,1.000
60.800,5,2.5331,0.5000,3.4817,5.000,0.500,2.500,0.000,0.000,0.200,0.500,1.000,0.500,1.000
61.000,0,-2.2020,3.3199,4.9146,5.000,0.500,2.500,0.000,0.000,0.200,0.500,1.000,0.500,1.000
61.000,1,-2.4206,0.5000,0.5335,5.000,0.500,2.500,0.000,0.000,0.200,0.500,1.000,0.500,1.000
61.000,2,1.0067,4.4190,0.5500,5.000,0.500,2.500,0.000,0.000,0.200,0.500,1.000,0.500,1.000
61.000,3,-3.1649,4.2549,-2.6870,5.000,0.500,2.500,0.000,0.000,0.200,0.500,1.000,0.500,1.000
61.000,4,2.1033,0.5000,-3.3396,5.000,0.500,2.500,0.000,0.000,0.200,0.500,1.000,0.500,1.000
61.000,5,2.5056,0.5000,3.4759,5.000,0.500,2.500,0.000,0.000,0.200,0.500,1.000,0.500,1.000
61.200,0,-2.2080,3.2235,4.9403,5.000,0.500,2.500,0.000,0.000,0.200,0.500,1.000,0.500,1.000
61.200,1,-2.4722,0.5000,0.4858,5.000,0.500,2.500,0.000,0.000,0.200,0.500,1.000,0.500,1.000
61.200,2,0.9551,4.4406,0.5675,5.000,0.500,2.500,0.000,0.000,0.200,0.500,1.000,0.500,1.000
61.200,3,-3.2018,4.2291,-2.7747,5.000,0.500,2.500,0.000,0.000,0.200,0.500,1.000,0.500,1.000
61.200,4,2.1381,0.5000,-3.2815,5.000,0.500,2.500,0.000,0.000,0.200,0.500,1.000,0.500,1.000
61.200,5,2.4745,0.5000,3.4681,5.000,0.500,2.500,0.000,0.000,0.200,0.500,1.000,0.500,1.000
61.400,0,-2.2194,3.1250,4.9527,5.000,0.500,2.500,0.000,0.000,0.200,0.500,1.000,0.500,1.000
61.400,1,-2.5220,0.5000,0.4353,5.000,0.500,2.500,0.000,0.000,0.200,0.500,1.000,0.500,1.000
61.400,2,0.9014,4.4552,0.5778,5.000,0.500,2.500,0.000,0.000,0.200,0.500,1.000,0.500,1.000
61.400,3,-3.2316,4.1982,-2.8611,5.000,0.500,2.500,0.000,0.000,0.200,0.500,1.000,0.500,1.000
61.400,4,2.1742,0.5000,-3.2183,5.000,0.500,2.500,0.000,0.000,0.200,0.500,1.000,0.500,1.000
61.400,5,2.4396,0.5000,3.4581,5.000,0.500,2.500,0.000,0.000,0.200,0.500,1.000,0.500,1.000
61.600,0,-2.2338,3.0261,4.9556,5.000,0.500,2.500,0.000,0.000,0.200,0.500,1.000,0.500,1.000
61.600,1,-2.5697,0.5000,0.3785,5.000,0.500,2.500,0.000,0.000,0.200,0.500,1.000,0.500,1.000
61.600,2,0.8456,4.4629,0.5835,5.000,0.500,2.500,0.000,0.000,0.200,0.500,1.000,0.500,1.000
61.600,3,-3.2583,4.1749,-2.9502,5.000,0.500,2.500,0.000,0.000,0.200,0.500,1.000,0.500,1.000
61.600,4,2.2096,0.5000,-3.1515,5.000,0.500,2.500,0.000,0.000,0.200,0.500,1.000,0.500,1.000
61.600,5,2.3989,0.5000,3.4488,5.000,0.500,2.500,0.000,0.000,0.200,0.500,1.000,0.500,1.000
61.800,0,-2.2462,2.9269,4.9548,5.000,0.500,2.500,0.000,0.000,0.200,0.500,1.000,0.500,1.000
61.800,1,-2.6172,0.5000,0.3191,5.000,0.500,2.500,0.000,0.000,0.200,0.500,1.000,0.500,1.000
61.800,2,0.7921,4.4637,0.5837,5.000,0.500,2.500,0.000,0.000,0.200,0.500,1.000,0.500,1.000
61.800,3,-3.2817,4.1557,-3.0429,5.000,0.500,2.500,0.000,0.000,0.200,0.500,1.000,0.500,1.000
61.800,4,2.2432,0.5000,-3.0830,5.000,0.500,2.500,0.000,0.000,0.200,0.500,1.000,0.500,1.000
61.800,5,2.3547,0.5000,3.4369,5.000,0.500,2.500,0.000,0.000,0.200,0.500,1.000,0.500,1.000
62.000,0,-2.2554,2.8279,4.9455,5.000,0.500,2.500,0.000,0.000,0.200,0.500,1.000,0.500,1.000
62.000,1,-2.6620,0.5000,0.2572,5.000,0.500,2.500,0.000,0.000,0.200,0.500,1.000,0.500,1.000
62.000,2,0.7365,4.4568,0.5817,5.000,0.500,2.500,0.000,0.000,0.200,0.500,1.000,0.500,1.000
62.000,3,-3.2925,4.1313,-3.1363,5.000,0.500,2.500,0.000,0.000,0.200,0.500,1.000,0.500,1.000
62.000,4,2.2794,0.5000,-3.0108,5.000,0.500,2.500,0.000,0.000,0.200,0.500,1.000,0.500,1.000
62.000,5,2.3034,0.5000,3.4284,5.000,0.500,2.500,0.000,0.000,0.200,0.500,1.000,0.500,1.000
62.200,0,-2.2591,2.7288,4.9325,5.000,0.500,2.500,0.000,0.000,0.200,0.500,1.000,0.500,1.000
62.200,1,-2.7035,0.5000,0.1922,5.000,0.500,2.500,0.000,0.000,0.200,0.500,1.000,0.500,1.000
62.200,2,0.6826,4.4428,0.5736,5.000,0.500,2.500,0.000,0.000,0.200,0.500,1.000,0.500,1.000
62.200,3,-3.3007,4.1034,-3.2270,5.000,0.500,2.500,0.000,0.000,0.200,0.500,1.000,0.500,1.000
62.200,4,2.3164,0.5000,-2.9371,5.000,0.500,2.500,0.000,0.000,0.200,0.500,1.000,0.500,1.000
62.200,5,2.2487,0.5000,3.4205,5.000,0.500,2.500,0.000,0.000,0.200,0.500,1.000,0.500,1.000
62.400,0,-2.2612,2.6305,4.9146,5.000,0.500,2.500,0.000,0.000,0.200,0.500,1.000,0.500,1.000
62.400,1,-2.7391,0.5000,0.1224,5.000,0.500,2.500,0.000,0.000,0.200,0.500,1.000,0.500,1.000
62.400,2,0.6327,4.4222,0.5628,5.000,0.500,2.500,0.000,0.000,0.200,0.500,1.000,0.500,1.000
62.400,3,-3.3088,4.0867,-3.3235,5.000,0.500,2.500,0.000,0.000,0.200,0.500,1.000,0.500,1.000
62.400,4,2.3491,0.5000,-2.8580,5.000,0.500,2.500,0.000,0.000,0.200,0.500,1.000,0.500,1.000
62.400,5,2.1889,0.5000,3.4101,5.000,0.500,2.500,0.000,0.000,0.200,0.500,1.000,0.500,1.000
62.600,0,-2.2608,2.5324,4.8951,5.000,0.500,2.500,0.000,0.000,0.200,0.500,1.000,0.500,1.000
62.600,1,-2.7703,0.5000,0.0526,5.000,0.500,2.500,0.000,0.000,0.200,0.500,1.000,0.500,1.000
62.600,2,0.5791,4.3938,0.5541,5.000,0.500,2.500,0.000,0.000,0.200,0.500,1.000,0.500,1.000
62.600,3,-3.3129,4.0663,-3.4199,5.000,0.500,2.500,0.000,0.000,0.200,0.500,1.000,0.500,1.000
62.600,4,2.3799,0.5000,-2.7758,5.000,0.500,2.500,0.000,0.000,0.200,0.500,1.000,0.500,1.000
62.600,5,2.1247,0.5000,3.3957,5.000,0.500,2.500,0.000,0.000,0.200,0.500,1.000,0.500,1.000
62.800,0,-2.2634,2.4366,4.8704,5.000,0.500,2.500,0.000,0.000,0.200,0.500,1.000,0.500,1.000
62.800,1,-2.7986,0.5000,-0.0207,5.000,0.500,2.500,0.000,0.000,0.200,0.500,1.000,0.500,1.000
62.800,2,0.5279,4.3586,0.5423,5.000,0.500,2.500,0.000,0.000,0.200,0.500,1.000,0.500,1.000
62.800,3,-3.3138,4.0436,-3.5166,5.000,0.500,2.500,0.000,0.000,0.200,0.500,1.000,0.500,1.000
62.800,4,2.4079,0.5000,-2.6941,5.000,0.500,2.500,0.000,0.000,0.200,0.500,1.000,0.500,1.000
62.800,5,2.0615,0.5000,3.3762,5.000,0.500,2.500,0.000,0.000,0.200,0.500,1.000,0.500,1.000
63.000,0,-2.2944,2.3528,4.8531,5.000,0.500,2.500,0.000,0.000,0.200,0.500,1.000,0.500,1.000
63.000,1,-2.8218,0.5000,-0.0965,5.000,0.500,2.500,0.000,0.000,0.200,0.500,1.000,0.500,1.000
63.000,2,0.4777,4.3172,0.5273,5.000,0.500,2.500,0.000,0.000,0.200,0.500,1.000,0.500,1.000
63.000,3,-3.3131,4.0294,-3.6136,5.000,0.500,2.500,0.000,0.000,0.200,0.500,1.000,0.500,1.000
63.000,4,2.4265,0.5000,-2.6077,5.000,0.500,2.500,0.000,0.000,0.200,0.500,1.000,0.500,1.000
63.000,5,2.0275,0.5000,3.3473,5.000,0.500,2.500,0.000,0.000,0.200,0.500,1.000,0.500,1.000
63.200,0,-2.3606,2.2834,4.8453,5.000,0.500,2.500,0.000,0.000,0.200,0.500,1.000,0.500,1.000
63.200,1,-2.8376,0.5000,-0.1740,5.000,0.500,2.500,0.000,0.000,0.200,0.500,1.000,0.500,1.000
63.200,2,0.4191,4.2958,0.4932,5.000,0.500,2.500,0.000,0.000,0.200,0.500,1.000,0.500,1.000
63.200,3,-3.3064,4.0112,-3.7089,5.000,0.500,2.500,0.000,0.000,0.200,0.500,1.000,0.500,1.000
63.200,4,2.4367,0.5000,-2.5183,5.000,0.500,2.500,0.000,0.000,0.200,0.500,1.000,0.500,1.000
63.200,5,2.0231,0.5000,3.3242,5.000,0.500,2.500,0.000,0.000,0.200,0.500,1.000,0.500,1.000
63.400,0,-2.4454,2.2317,4.8459,5.000,0.500,2.500,0.000,0.000,0.200,0.500,1.000,0.500,1.000
63.400,1,-2.8482,0.5000,-0.2555,5.000,0.500,2.500,0.000,0.000,0.200,0.500,1.000,0.500,1.000
63.400,2,0.3525,4.2866,0.4473,5.000,0.500,2.500,0.000,0.000,0.200,0.500,1.000,0.500,1.000
63.400,3,-3.2979,3.9996,-3.8073,5.000,0.500,2.500,0.000,0.000,0.200,0.500,1.000,0.500,1.000
63.400,4,2.4428,0.5000,-2.4274,5.000,0.500,2.500,0.000,0.000,0.200,0.500,1.000,0.500,1.000
63.400,5,2.0405,0.5000,3.2994,5.000,0.500,2.500,0.000,0.000,0.200,0.500,1.000,0.500,1.000
63.600,0,-2.5300,2.1792,4.8440,5.000,0.500,2.500,0.000,0.000,0.200,0.500,1.000,0.500,1.000
63.600,1,-2.8604,0.5000,-0.3349,5.000,0.500,2.500,0.000,0.000,0.200,0.500,1.000,0.500,1.000
63.600,2,0.2959,4.2820,0.4039,5.000,0.500,2.500,0.000,0.000,0.200,0.500,1.000,0.500,1.000
63.600,3,-3.2830,3.9834,-3.9032,5.000,0.500,2.500,0.000,0.000,0.200,0.500,1.000,0.500,1.000
63.600,4,2.4469,0.5000,-2.3352,5.000,0.500,2.500,0.000,0.000,0.200,0.500,1.000,0.500,1.000
63.600,5,2.0539,0.5000,3.2702,5.000,0.500,2.500,0.000,0.000,0.200,0.500,1.000,0.500,1.000
63.800,0,-2.6128,2.1248,4.8365,5.000,0.500,2.500,0.000,0.000,0.200,0.500,1.000,0.500,1.000
63.800,1,-2.8880,0.5000,-0.4015,5.000,0.500,2.500,0.000,0.000,0.200,0.500,1.000,0.500,1.000
63.800,2,0.2653,4.3053,0.3651,5.000,0.500,2.500,0.000,0.000,0.200,0.500,1.000,0.500,1.000
63.800,3,-3.2595,3.9647,-3.9971,5.000,0.500,2.500,0.000,0.000,0.200,0.500,1.000,0.500,1.000
63.800,4,2.4460,0.5000,-2.2420,5.000,0.500,2.500,0.000,0.000,0.200,0.500,1.000,0.500,1.000
63.800,5,2.0583,0.5000,3.2361,5.000,0.500,2.500,0.000,0.000,0.200,0.500,1.000,0.500,1.000
64.000,0,-2.6943,2.0689,4.8302,5.000,0.500,2.500,0.000,0.000,0.200,0.500,1.000,0.500,1.000
64.000,1,-2.9167,0.5000,-0.4641,5.000,0.500,2.500,0.000,0.000,0.200,0.500,1.000,0.500,1.000
64.000,2,0.2478,4.3339,0.3263,5.000,0.500,2.500,0.000,0.000,0.200,0.500,1.000,0.500,1.000
64.000,3,-3.2290,3.9422,-4.0889,5.000,0.500,2.500,0.000,0.000,0.200,0.500,1.000,0.500,1.000
64.000,4,2.4447,0.5000,-2.1478,5.000,0.500,2.500,0.000,0.000,0.200,0.500,1.000,0.500,1.000
64.000,5,2.0530,0.5000,3.2033,5.000,0.500,2.500,0.000,0.000,0.200,0.500,1.000,0.500,1.000
64.200,0,-2.7737,2.0109,4.8206,5.000,0.500,2.500,0.000,0.000,0.200,0.500,1.000,0.500,1.000
64.200,1,-2.9402,0.5000,-0.5292,5.000,0.500,2.500,0.000,0.000,0.200,0.500,1.000,0.500,1.000
64.200,2,0.2362,4.3549,0.2858,5.000,0.500,2.500,0.000,0.000,0.200,0.500,1.000,0.500,1.000
64.200,3,-3.1946,3.9163,-4.1778,5.000,0.500,2.500,0.000,0.000,0.200,0.500,1.000,0.500,1.000
64.200,4,2.4438,0.5000,-2.0529,5.000,0.500,2.500,0.000,0.000,0.200,0.500,1.000,0.500,1.000
64.200,5,2.0419,0.5000,3.1655,5.000,0.500,2.500,0.000,0.000,0.200,0.500,1.000,0.500,1.000
64.400,0,-2.8485,1.9491,4.8025,5.000,0.500,2.500,0.000,0.000,0.200,0.500,1.000,0.500,1.000
64.400,1,-2.9571,0.5000,-0.5959,5.000,0.500,2.500,0.000,0.000,0.200,0.500,1.000,0.500,1.000
64.400,2,0.2260,4.3763,0.2473,5.000,0.500,2.500,0.000,0.000,0.200,0.500,1.000,0.500,1.000
64.400,3,-3.1595,3.8967,-4.2686,5.000,0.500,2.500,0.000,0.000,0.200,0.500,1.000,0.500,1.000
64.400,4,2.4415,0.5000,-1.9607,5.000,0.500,2.500,0.000,0.000,0.200,0.500,1.000,0.500,1.000
64.400,5,2.0242,0.5000,3.1271,5.000,0.500,2.500,0.000,0.000,0.200,0.500,1.000,0.500,1.000
64.600,0,-2.9214,1.8861,4.7771,5.000,0.500,2.500,0.000,0.000,0.200,0.500,1.000,0.500,1.000
64.600,1,-2.9716,0.5000,-0.6627,5.000,0.500,2.500,0.000,0.000,0.200,0.500,1.000,0.500,1.000
64.600,2,0.1995,4.4252,0.2257,5.000,0.500,2.500,0.000,0.000,0.200,0.500,1.000,0.500,1.000
64.600,3,-3.1183,3.8768,-4.3533,5.000,0.500,2.500,0.000,0.000,0.200,0.500,1.000,0.500,1.000
64.600,4,2.4531,0.5000,-1.8856,5.000,0.500,2.500,0.000,0.000,0.200,0.500,1.000,0.500,1.000
64.600,5,1.9979,0.5000,3.0887,5.000,0.500,2.500,0.000,0.000,0.200,0.500,1.000,0.500,1.000
64.800,0,-2.9925,1.8218,4.7510,5.000,0.500,2.500,0.000,0.000,0.200,0.500,1.000,0.500,1.000
64.800,1,-2.9762,0.5000,-0.7319,5.000,0.500,2.500,0.000,0.000,0.200,0.500,1.000,0.500,1.000
64.800,2,0.1636,4.4908,0.2111,5.000,0.500,2.500,0.000,0.000,0.200,0.500,1.000,0.500,1.000
64.800,3,-3.0739,3.8607,-4.4411,5.000,0.500,2.500,0.000,0.000,0.200,0.500,1.000,0.500,1.000
64.800,4,2.4729,0.5000,-1.8425,5.000,0.500,2.500,0.000,0.000,0.200,0.500,1.000,0.500,1.000
64.800,5,1.9649,0.5000,3.0747,5.000,0.500,2.500,0.000,0.000,0.200,0.500,1.000,0.500,1.000
65.000,0,-3.0615,1.7558,4.7219,5.000,0.500,2.500,0.000,0.000,0.200,0.500,1.000,0.500,1.000
65.000,1,-2.9720,0.5000,-0.8026,5.000,0.500,2.500,0.000,0.000,0.200,0.500,1.000,0.500,1.000
65.000,2,0.1378,4.5506,0.1929,5.000,0.500,2.500,0.000,0.000,0.200,0.500,1.000,0.500,1.000
65.000,3,-3.0281,3.8425,-4.5261,5.000,0.500,2.500,0.000,0.000,0.200,0.500,1.000,0.500,1.000
65.000,4,2.4967,0.5000,-1.8387,5.000,0.500,2.500,0.000,0.000,0.200,0.500,1.000,0.500,1.000
65.000,5,1.9259,0.5000,3.0994,5.000,0.500,2.500,0.000,0.000,0.200,0.500,1.000,0.500,1.000
65.200,0,-3.1281,1.6888,4.6896,5.000,0.500,2.500,0.000,0.000,0.200,0.500,1.000,0.500,1.000
65.200,1,-2.9605,0.5000,-0.8729,5.000,0.500,2.500,0.000,0.000,0.200,0.500,1.000,0.500,1.000
65.200,2,0.1206,4.6019,0.1734,5.000,0.500,2.500,0.000,0.000,0.200,0.500,1.000,0.500,1.000
65.200,3,-2.9801,3.8297,-4.6116,5.000,0.500,2.500,0.000,0.000,0.200,0.500,1.000,0.500,1.000
65.200,4,2.5235,0.5000,-1.8657,5.000,0.500,2.500,0.000,0.000,0.200,0.500,1.000,0.500,1.000
65.200,5,1.8856,0.5000,3.1495,5.000,0.500,2.500,0.000,0.000,0.200,0.500,1.000,0.500,1.000
65.400,0,-3.1894,1.6195,4.6542,5.000,0.500,2.500,0.000,0.000,0.200,0.500,1.000,0.500,1.000
65.400,1,-2.9452,0.5000,-0.9448,5.000,0.500,2.500,0.000,0.000,0.200,0.500,1.000,0.500,1.000
65.400,2,0.1105,4.6463,0.1528,5.000,0.500,2.500,0.000,0.000,0.200,0.500,1.000,0.500,1.000
65.400,3,-2.9290,3.8152,-4.6930,5.000,0.500,2.500,0.000,0.000,0.200,0.500,1.000,0.500,1.000
65.400,4,2.5432,0.5000,-1.8900,5.000,0.500,2.500,0.000,0.000,0.200,0.500,1.000,0.500,1.000
65.400,5,1.8393,0.5000,3.1964,5.000,0.500,2.500,0.000,0.000,0.200,0.500,1.000,0.500,1.000
65.600,0,-3.2462,1.5488,4.6127,5.000,0.500,2.500,0.000,0.000,0.200,0.500,1.000,0.500,1.000
65.600,1,-2.9270,0.5000,-1.0172,5.000,0.500,2.500,0.000,0.000,0.200,0.500,1.000,0.500,1.000
65.600,2,0.1061,4.6832,0.1304,5.000,0.500,2.500,0.000,0.000,0.200,0.500,1.000,0.500,1.000
65.600,3,-2.8767,3.8061,-4.7766,5.000,0.500,2.500,0.000,0.000,0.200,0.500,1.000,0.500,1.000
65.600,4,2.5582,0.5000,-1.9101,5.000,0.500,2.500,0.000,0.000,0.200,0.500,1.000,0.500,1.000
65.600,5,1.7884,0.5000,3.2394,5.000,0.500,2.500,0.000,0.000,0.200,0.500,1.000,0.500,1.000
65.800,0,-3.3009,1.4814,4.5635,5.000,0.500,2.500,0.000,0.000,0.200,0.500,1.000,0.500,1.000
65.800,1,-2.9070,0.5000,-1.0892,5.000,0.500,2.500,0.000,0.000,0.200,0.500,1.000,0.500,1.000
65.800,2,0.1046,4.7123,0.1095,5.000,0.500,2.500,0.000,0.000,0.200,0.500,1.000,0.500,1.000
65.800,3,-2.8142,3.7969,-4.8534,5.000,0.500,2.500,0.000,0.000,0.200,0.500,1.000,0.500,1.000
65.800,4,2.5648,0.5000,-1.9253,5.000,0.500,2.500,0.000,0.000,0.200,0.500,1.000,0.500,1.000
65.800,5,1.7358,0.5000,3.2829,5.000,0.500,2.500,0.000,0.000,0.200,0.500,1.000,0.500,1.000
66.000,0,-3.3522,1.4173,4.5068,5.000,0.500,2.500,0.000,0.000,0.200,0.500,1.000,0.500,1.000
66.000,1,-2.8782,0.5000,-1.1583,5.000,0.500,2.500,0.000,0.000,0.200,0.500,1.000,0.500,1.000
66.000,2,0.1007,4.7334,0.0871,5.000,0.500,2.500,0.000,0.000,0.200,0.500,1.000,0.500,1.000
66.000,3,-2.7485,3.7922,-4.9271,5.000,0.500,2.500,0.000,0.000,0.200,0.500,1.000,0.500,1.000
66.000,4,2.5637,0.5000,-1.9373,5.000,0.500,2.500,0.000,0.000,0.200,0.500,1.000,0.500,1.000
66.000,5,1.6788,0.5000,3.3231,5.000,0.500,2.500,0.000,0.000,0.200,0.500,1.000,0.500,1.000
66.200,0,-3.4019,1.3557,4.4459,5.000,0.500,2.500,0.000,0.000,0.200,0.500,1.000,0.500,1.000
66.200,1,-2.8412,0.5000,-1.2255,5.000,0.500,2.500,0.000,0.000,0.200,0.500,1.000,0.500,1.000
66.200,2,0.0957,4.7463,0.0660,5.000,0.500,2.500,0.000,0.000,0.200,0.500,1.000,0.500,1.000
66.200,3,-2.6822,3.7872,-4.9970,5.000,0.500,2.500,0.000,0.000,0.200,0.500,1.000,0.500,1.000
66.200,4,2.5592,0.5000,-1.9441,5.000,0.500,2.500,0.000,0.000,0.200,0.500,1.000,0.500,1.000
66.200,5,1.6157,0.5000,3.3594,5.000,0.500,2.500,0.000,0.000,0.200,0.500,1.000,0.500,1.000
66.400,0,-3.4449,1.2943,4.3813,5.000,0.500,2.500,0.000,0.000,0.200,0.500,1.000,0.500,1.000
66.400,1,-2.8012,0.5000,-1.2830,5.000,0.500,2.500,0.000,0.000,0.200,0.500,1.000,0.500,1.000
66.400,2,0.0906,4.7511,0.0462,5.000,0.500,2.500,0.000,0.000,0.200,0.500,1.000,0.500,1.000
66.400,3,-2.6199,3.7970,-5.0000,5.000,0.500,2.500,0.000,0.000,0.200,0.500,1.000,0.500,1.000
66.400,4,2.5491,0.5000,-1.9454,5.000,0.500,2.500,0.000,0.000,0.200,0.500,1.000,0.500,1.000
66.400,5,1.5517,0.5000,3.3903,5.000,0.500,2.500,0.000,0.000,0.200,0.500,1.000,0.500,1.000
66.600,0,-3.4838,1.2345,4.3113,5.000,0.500,2.500,0.000,0.000,0.200,0.500,1.000,0.500,1.000
66.600,1,-2.7636,0.5000,-1.3084,5.000,0.500,2.500,0.000,0.000,0.200,0.500,1.000,0.500,1.000
66.600,2,0.0863,4.7498,0.0244,5.000,0.500,2.500,0.000,0.000,0.200,0.500,1.000,0.500,1.000
66.600,3,-2.5713,3.8266,-5.0000,5.000,0.500,2.500,0.000,0.000,0.200,0.500,1.000,0.500,1.000
66.600,4,2.5337,0.5000,-1.9416,5.000,0.500,2.500,0.000,0.000,0.200,0.500,1.000,0.500,1.000
66.600,5,1.4809,0.5000,3.4108,5.000,0.500,2.500,0.000,0.000,0.200,0.500,1.000,0.500,1.000
66.800,0,-3.5218,1.1776,4.2388,5.000,0.500,2.500,0.000,0.000,0.200,0.500,1.000,0.500,1.000
66.800,1,-2.7317,0.5000,-1.3033,5.000,0.500,2.500,0.000,0.000,0.200,0.500,1.000,0.500,1.000
66.800,2,0.0826,4.7400,0.0023,5.000,0.500,2.500,0.000,0.000,0.200,0.500,1.000,0.500,1.000
66.800,3,-2.5345,3.8695,-5.0000,5.000,0.500,2.500,0.000,0.000,0.200,0.500,1.000,0.500,1.000
66.800,4,2.5115,0.5000,-1.9363,5.000,0.500,2.500,0.000,0.000,0.200,0.500,1.000,0.500,1.000
66.800,5,1.4089,0.5000,3.4271,5.000,0.500,2.500,0.000,0.000,0.200,0.500,1.000,0.500,1.000
67.000,0,-3.5570,1.1225,4.1638,5.000,0.500,2.500,0.000,0.000,0.200,0.500,1.000,0.500,1.000
67.000,1,-2.6981,0.5000,-1.2860,5.000,0.500,2.500,0.000,0.000,0.200,0.500,1.000,0.500,1.000
67.000,2,0.0768,4.7223,-0.0201,5.000,0.500,2.500,0.000,0.000,0.200,0.500,1.000,0.500,1.000
67.000,3,-2.5001,3.9138,-5.0000,5.000,0.500,2.500,0.000,0.000,0.200,0.500,1.000,0.500,1.000
67.000,4,2.4874,0.5000,-1.9217,5.000,0.500,2.500,0.000,0.000,0.200,0.500,1.000,0.500,1.000
67.000,5,1.3368,0.5000,3.4383,5.000,0.500,2.500,0.000,0.000,0.200,0.500,1.000,0.500,1.000
67.200,0,-3.6138,1.0758,4.0967,5.000,0.500,2.500,0.000,0.000,0.200,0.500,1.000,0.500,1.000
67.200,1,-2.6604,0.5000,-1.2709,5.000,0.500,2.500,0.000,0.000,0.200,0.500,1.000,0.500,1.000
67.200,2,0.0784,4.6971,-0.0443,5.000,0.500,2.500,0.000,0.000,0.200,0.500,1.000,0.500,1.000
67.200,3,-2.4633,3.9543,-5.0000,5.000,0.500,2.500,0.000,0.000,0.200,0.500,1.000,0.500,1.000
67.200,4,2.4600,0.5000,-1.9017,5.000,0.500,2.500,0.000,0.000,0.200,0.500,1.000,0.500,1.000
67.200,5,1.2933,0.5000,3.4416,5.000,0.500,2.500,0.000,0.000,0.200,0.500,1.000,0.500,1.000
67.400,0,-3.6895,1.0398,4.0431,5.000,0.500,2.500,0.000,0.000,0.200,0.500,1.000,0.500,1.000
67.400,1,-2.6159,0.5000,-1.2574,5.000,0.500,2.500,0.000,0.000,0.200,0.500,1.000,0.500,1.000
67.400,2,0.0853,4.6645,-0.0683,5.000,0.500,2.500,0.000,0.000,0.200,0.500,1.000,0.500,1.000
67.400,3,-2.4276,3.9900,-5.0000,5.000,0.500,2.500,0.000,0.000,0.200,0.500,1.000,0.500,1.000
67.400,4,2.4255,0.5000,-1.8716,5.000,0.500,2.500,0.000,0.000,0.200,0.500,1.000,0.500,1.000
67.400,5,1.2766,0.5000,3.4379,5.000,0.500,2.500,0.000,0.000,0.200,0.500,1.000,0.500,1.000
67.600,0,-3.7603,1.0033,3.9840,5.000,0.500,2.500,0.000,0.000,0.200,0.500,1.000,0.500,1.000
67.600,1,-2.5695,0.5000,-1.2468,5.000,0.500,2.500,0.000,0.000,0.200,0.500,1.000,0.500,1.000
67.600,2,0.0922,4.6244,-0.0915,5.000,0.500,2.500,0.000,0.000,0.200,0.500,1.000,0.500,1.000
67.600,3,-2.3932,4.0207,-5.0000,5.000,0.500,2.500,0.000,0.000,0.200,0.500,1.000,0.500,1.000
67.600,4,2.3884,0.5000,-1.8351,5.000,0.500,2.500,0.000,0.000,0.200,0.500,1.000,0.500,1.000
67.600,5,1.2563,0.5000,3.4303,5.000,0.500,2.500,0.000,0.000,0.200,0.500,1.000,0.500,1.000
67.800,0,-3.8263,0.9678,3.9181,5.000,0.500,2.500,0.000,0.000,0.200,0.500,1.000,0.500,1.000
67.800,1,-2.5471,0.5000,-1.2355,5.000,0.500,2.500,0.000,0.000,0.200,0.500,1.000,0.500,1.000
67.800,2,0.0959,4.5838,-0.1118,5.000,0.500,2.500,0.000,0.000,0.200,0.500,1.000,0.500,1.000
67.800,3,-2.3568,4.0470,-5.0000,5.000,0.500,2.500,0.000,0.000,0.200,0.500,1.000,0.500,1.000
67.800,4,2.3754,0.5000,-1.7962,5.000,0.500,2.500,0.000,0.000,0.200,0.500,1.000,0.500,1.000
67.800,5,1.2268,0.5000,3.4181,5.000,0.500,2.500,0.000,0.000,0.200,0.500,1.000,0.500,1.000
68.000,0,-3.8911,0.9332,3.8516,5.000,0.500,2.500,0.000,0.000,0.200,0.500,1.000,0.500,1.000
68.000,1,-2.5593,0.5000,-1.2260,5.000,0.500,2.500,0.000,0.000,0.200,0.500,1.000,0.500,1.000
68.000,2,0.0974,4.5742,-0.1180,5.000,0.500,2.500,0.000,0.000,0.200,0.500,1.000,0.500,1.000
68.000,3,-2.3180,4.0697,-5.0000,5.000,0.500,2.500,0.000,0.000,0.200,0.500,1.000,0.500,1.000
68.000,4,2.3940,0.5000,-1.7679,5.000,0.500,2.500,0.000,0.000,0.200,0.500,1.000,0.500,1.000
68.000,5,1.1890,0.5000,3.4033,5.000,0.500,2.500,0.000,0.000,0.200,0.500,1.000,0.500,1.000
68.200,0,-3.9525,0.8984,3.7813,5.000,0.500,2.500,0.000,0.000,0.200,0.500,1.000,0.500,1.000
68.200,1,-2.5929,0.5000,-1.2204,5.000,0.500,2.500,0.000,0.000,0.200,0.500,1.000,0.500,1.000
68.200,2,0.0979,4.6003,-0.1094,5.000,0.500,2.500,0.000,0.000,0.200,0.500,1.000,0.500,1.000
68.200,3,-2.2803,4.0877,-5.0000,5.000,0.500,2.500,0.000,0.000,0.200,0.500,1.000,0.500,1.000
68.200,4,2.4313,0.5000,-1.7542,5.000,0.500,2.500,0.000,0.000,0.200,0.500,1.000,0.500,1.000
68.200,5,1.1424,0.5000,3.3856,5.000,0.500,2.500,0.000,0.000,0.200,0.500,1.000,0.500,1.000
68.400,0,-4.0063,0.8652,3.7047,5.000,0.500,2.500,0.000,0.000,0.200,0.500,1.000,0.500,1.000
68.400,1,-2.6244,0.5000,-1.2137,5.000,0.500,2.500,0.000,0.000,0.200,0.500,1.000,0.500,1.000
68.400,2,0.0936,4.6396,-0.0934,5.000,0.500,2.500,0.000,0.000,0.200,0.500,1.000,0.500,1.000
68.400,3,-2.2416,4.1016,-5.0000,5.000,0.500,2.500,0.000,0.000,0.200,0.500,1.000,0.500,1.000
68.400,4,2.4674,0.5000,-1.7443,5.000,0.500,2.500,0.000,0.000,0.200,0.500,1.000,0.500,1.000
68.400,5,1.0886,0.5000,3.3644,5.000,0.500,2.500,0.000,0.000,0.200,0.500,1.000,0.500,1.000
68.600,0,-4.0526,0.8314,3.6230,5.000,0.500,2.500,0.000,0.000,0.200,0.500,1.000,0.500,1.000
68.600,1,-2.6477,0.5000,-1.2080,5.000,0.500,2.500,0.000,0.000,0.200,0.500,1.000,0.500,1.000
68.600,2,0.0956,4.6711,-0.0777,5.000,0.500,2.500,0.000,0.000,0.200,0.500,1.000,0.500,1.000
68.600,3,-2.2001,4.1126,-5.0000,5.000,0.500,2.500,0.000,0.000,0.200,0.500,1.000,0.500,1.000
68.600,4,2.5019,0.5000,-1.7278,5.000,0.500,2.500,0.000,0.000,0.200,0.500,1.000,0.500,1.000
68.600,5,1.0294,0.5000,3.3388,5.000,0.500,2.500,0.000,0.000,0.200,0.500,1.000,0.500,1.000
68.800,0,-4.0939,0.7972,3.5424,5.000,0.500,2.500,0.000,0.000,0.200,0.500,1.000,0.500,1.000
68.800,1,-2.6598,0.5000,-1.2091,5.000,0.500,2.500,0.000,0.000,0.200,0.500,1.000,0.500,1.000
68.800,2,0.0992,4.6945,-0.0595,5.000,0.500,2.500,0.000,0.000,0.200,0.500,1.000,0.500,1.000
68.800,3,-2.1560,4.1184,-5.0000,5.000,0.500,2.500,0.000,0.000,0.200,0.500,1.000,0.500,1.000
68.800,4,2.5315,0.5000,-1.7055,5.000,0.500,2.500,0.000,0.000,0.200,0.500,1.000,0.500,1.000
68.800,5,0.9692,0.5000,3.3046,5.000,0.500,2.500,0.000,0.000,0.200,0.500,1.000,0.500,1.000
69.000,0,-4.1429,0.7648,3.4940,5.000,0.500,2.500,0.000,0.000,0.200,0.500,1.000,0.500,1.000
69.000,1,-2.6583,0.5000,-1.2433,5.000,0.500,2.500,0.000,0.000,0.200,0.500,1.000,0.500,1.000
69.000,2,0.1043,4.7096,-0.0382,5.000,0.500,2.500,0.000,0.000,0.200,0.500,1.000,0.500,1.000
69.000,3,-2.1098,4.1190,-5.0000,5.000,0.500,2.500,0.000,0.000,0.200,0.500,1.000,0.500,1.000
69.000,4,2.5536,0.5000,-1.6799,5.000,0.500,2.500,0.000,0.000,0.200,0.500,1.000,0.500,1.000
69.000,5,0.9103,0.5000,3.2640,5.000,0.500,2.500,0.000,0.000,0.200,0.500,1.000,0.500,1.000
69.200,0,-4.2007,0.7340,3.4788,5.000,0.500,2.500,0.000,0.000,0.200,0.500,1.000,0.500,1.000
69.200,1,-2.6436,0.5000,-1.3020,5.000,0.500,2.500,0.000,0.000,0.200,0.500,1.000,0.500,1.000
69.200,2,0.1173,4.7159,-0.0108,5.000,0.500,2.500,0.000,0.000,0.200,0.500,1.000,0.500,1.000
69.200,3,-2.0574,4.1155,-5.0000,5.000,0.500,2.500,0.000,0.000,0.200,0.500,1.000,0.500,1.000
69.200,4,2.5674,0.5000,-1.6518,5.000,0.500,2.500,0.000,0.000,0.200,0.500,1.000,0.500,1.000
69.200,5,0.8511,0.5000,3.2205,5.000,0.500,2.500,0.000,0.000,0.200,0.500,1.000,0.500,1.000
69.400,0,-4.2514,0.7033,3.4639,5.000,0.500,2.500,0.000,0.000,0.200,0.500,1.000,0.500,1.000
69.400,1,-2.6195,0.5000,-1.3653,5.000,0.500,2.500,0.000,0.000,0.200,0.500,1.000,0.500,1.000
69.400,2,0.1269,4.7150,0.0217,5.000,0.500,2.500,0.000,0.000,0.200,0.500,1.000,0.500,1.000
69.400,3,-2.0036,4.1083,-4.9981,5.000,0.500,2.500,0.000,0.000,0.200,0.500,1.000,0.500,1.000
69.400,4,2.5737,0.5000,-1.6241,5.000,0.500,2.500,0.000,0.000,0.200,0.500,1.000,0.500,1.000
69.400,5,0.7920,0.5000,3.1740,5.000,0.500,2.500,0.000,0.000,0.200,0.500,1.000,0.500,1.000
69.600,0,-4.2958,0.6723,3.4411,5.000,0.500,2.500,0.000,0.000,0.200,0.500,1.000,0.500,1.000
69.600,1,-2.5932,0.5000,-1.4316,5.000,0.500,2.500,0.000,0.000,0.200,0.500,1.000,0.500,1.000
69.600,2,0.1392,4.7055,0.0561,5.000,0.500,2.500,0.000,0.000,0.200,0.500,1.000,0.500,1.000
69.600,3,-1.9497,4.0969,-4.9896,5.000,0.500,2.500,0.000,0.000,0.200,0.500,1.000,0.500,1.000
69.600,4,2.5744,0.5000,-1.5946,5.000,0.500,2.500,0.000,0.000,0.200,0.500,1.000,0.500,1.000
69.600,5,0.7318,0.5000,3.1245,5.000,0.500,2.500,0.000,0.000,0.200,0.500,1.000,0.500,1.000
69.800,0,-4.3319,0.6410,3.4132,5.000,0.500,2.500,0.000,0.000,0.200,0.500,1.000,0.500,1.000
69.800,1,-2.5600,0.5000,-1.4979,5.000,0.500,2.500,0.000,0.000,0.200,0.500,1.000,0.500,1.000
69.800,2,0.1591,4.6894,0.0971,5.000,0.500,2.500,0.000,0.000,0.200,0.500,1.000,0.500,1.000
69.800,3,-1.8954,4.0817,-4.9756,5.000,0.500,2.500,0.000,0.000,0.200,0.500,1.000,0.500,1.000
69.800,4,2.5736,0.5000,-1.5642,5.000,0.500,2.500,0.000,0.000,0.200,0.500,1.000,0.500,1.000
69.800,5,0.6673,0.5000,3.0762,5.000,0.500,2.500,0.000,0.000,0.200,0.500,1.000,0.500,1.000
70.000,0,-4.3723,0.6089,3.3830,5.000,0.500,2.500,0.000,0.000,0.200,0.500,1.000,0.500,1.000
70.000,1,-2.5207,0.5000,-1.5574,5.000,0.500,2.500,0.000,0.000,0.200,0.500,1.000,0.500,1.000
70.000,2,0.1794,4.6660,0.1389,5.000,0.500,2.500,0.000,0.000,0.200,0.500,1.000,0.500,1.000
70.000,3,-1.8434,4.0655,-4.9620,5.000,0.500,2.500,0.000,0.000,0.200,0.500,1.000,0.500,1.000
70.000,4,2.5717,0.5000,-1.5400,5.000,0.500,2.500,0.000,0.000,0.200,0.500,1.000,0.500,1.000
70.000,5,0.6008,0.5000,3.0368,5.000,0.500,2.500,0.000,0.000,0.200,0.500,1.000,0.500,1.000
70.200,0,-4.4476,0.5775,3.3531,5.000,0.500,2.500,0.000,0.000,0.200,0.500,1.000,0.500,1.000
70.200,1,-2.4826,0.5000,-1.5894,5.000,0.500,2.500,0.000,0.000,0.200,0.500,1.000,0.500,1.000
70.200,2,0.1991,4.6360,0.1825,5.000,0.500,2.500,0.000,0.000,0.200,0.500,1.000,0.500,1.000
70.200,3,-1.7874,4.0740,-4.9723,5.000,0.500,2.500,0.000,0.000,0.200,0.500,1.000,0.500,1.000
70.200,4,2.5831,0.5000,-1.5501,5.000,0.500,2.500,0.000,0.000,0.200,0.500,1.000,0.500,1.000
70.200,5,0.5499,0.5000,3.0278,5.000,0.500,2.500,0.000,0.000,0.200,0.500,1.000,0.500,1.000
70.400,0,-4.5285,0.5470,3.3213,5.000,0.500,2.500,0.000,0.000,0.200,0.500,1.000,0.500,1.000
70.400,1,-2.4534,0.5000,-1.5935,5.000,0.500,2.500,0.000,0.000,0.200,0.500,1.000,0.500,1.000
70.400,2,0.2195,4.6035,0.2248,5.000,0.500,2.500,0.000,0.000,0.200,0.500,1.000,0.500,1.000
70.400,3,-1.7264,4.1096,-5.0000,5.000,0.500,2.500,0.000,0.000,0.200,0.500,1.000,0.500,1.000
70.400,4,2.5965,0.5000,-1.5688,5.000,0.500,2.500,0.000,0.000,0.200,0.500,1.000,0.500,1.000
70.400,5,0.4955,0.5000,3.0298,5.000,0.500,2.500,0.000,0.000,0.200,0.500,1.000,0.500,1.000
70.600,0,-4.6010,0.5162,3.2857,5.000,0.500,2.500,0.000,0.000,0.200,0.500,1.000,0.500,1.000
70.600,1,-2.4272,0.5000,-1.5907,5.000,0.500,2.500,0.000,0.000,0.200,0.500,1.000,0.500,1.000
70.600,2,0.2411,4.5980,0.2493,5.000,0.500,2.500,0.000,0.000,0.200,0.500,1.000,0.500,1.000
70.600,3,-1.6617,4.1487,-5.0000,5.000,0.500,2.500,0.000,0.000,0.200,0.500,1.000,0.500,1.000
70.600,4,2.6042,0.5000,-1.5843,5.000,0.500,2.500,0.000,0.000,0.200,0.500,1.000,0.500,1.000
70.600,5,0.4463,0.5000,3.0483,5.000,0.500,2.500,0.000,0.000,0.200,0.500,1.000,0.500,1.000
70.800,0,-4.6713,0.5000,3.2512,5.000,0.500,2.500,0.000,0.000,0.200,0.500,1.000,0.500,1.000
70.800,1,-2.3972,0.5000,-1.5859,5.000,0.500,2.500,0.000,0.000,0.200,0.500,1.000,0.500,1.000
70.800,2,0.2608,4.6240,0.2498,5.000,0.500,2.500,0.000,0.000,0.200,0.500,1.000,0.500,1.000
70.800,3,-1.5975,4.1826,-5.0000,5.000,0.500,2.500,0.000,0.000,0.200,0.500,1.000,0.500,1.000
70.800,4,2.6052,0.5000,-1.5980,5.000,0.500,2.500,0.000,0.000,0.200,0.500,1.000,0.500,1.000
70.800,5,0.4103,0.5000,3.0771,5.000,0.500,2.500,0.000,0.000,0.200,0.500,1.000,0.500,1.000
71.000,0,-4.7354,0.5000,3.2071,5.000,0.500,2.500,0.000,0.000,0.200,0.500,1.000,0.500,1.000
71.000,1,-2.3802,0.5000,-1.5790,5.000,0.500,2.500,0.000,0.000,0.200,0.500,1.000,0.500,1.000
71.000,2,0.2832,4.6619,0.2412,5.000,0.500,2.500,0.000,0.000,0.200,0.500,1.000,0.500,1.000
71.000,3,-1.5305,4.2114,-5.0000,5.000,0.500,2.500,0.000,0.000,0.200,0.500,1.000,0.500,1.000
71.000,4,2.6256,0.5000,-1.6092,5.000,0.500,2.500,0.000,0.000,0.200,0.500,1.000,0.500,1.000
71.000,5,0.3785,0.5000,3.1046,5.000,0.500,2.500,0.000,0.000,0.200,0.500,1.000,0.500,1.000
71.200,0,-4.7991,0.5000,3.1559,5.000,0.500,2.500,0.000,0.000,0.200,0.500,1.000,0.500,1.000
71.200,1,-2.3742,0.5000,-1.5698,5.000,0.500,2.500,0.000,0.000,0.200,0.500,1.000,0.500,1.000
71.200,2,0.3063,4.6919,0.2355,5.000,0.500,2.500,0.000,0.000,0.200,0.500,1.000,0.500,1.000
71.200,3,-1.4624,4.2354,-5.0000,5.000,0.500,2.500,0.000,0.000,0.200,0.500,1.000,0.500,1.000
71.200,4,2.6493,0.5000,-1.6213,5.000,0.500,2.500,0.000,0.000,0.200,0.500,1.000,0.500,1.000
71.200,5,0.3476,0.5000,3.1224,5.000,0.500,2.500,0.000,0.000,0.200,0.500,1.000,0.500,1.000
71.400,0,-4.8603,0.5000,3.1048,5.000,0.500,2.500,0.000,0.000,0.200,0.500,1.000,0.500,1.000
71.400,1,-2.3577,0.5000,-1.5539,5.000,0.500,2.500,0.000,0.000,0.200,0.500,1.000,0.500,1.000
71.400,2,0.3269,4.7148,0.2272,5.000,0.500,2.500,0.000,0.000,0.200,0.500,1.000,0.500,1.000
71.400,3,-1.3910,4.2545,-5.0000,5.000,0.500,2.500,0.000,0.000,0.200,0.500,1.000,0.500,1.000
71.400,4,2.6636,0.5000,-1.6316,5.000,0.500,2.500,0.000,0.000,0.200,0.500,1.000,0.500,1.000
71.400,5,0.3173,0.5000,3.1314,5.000,0.500,2.500,0.000,0.000,0.200,0.500,1.000,0.500,1.000
71.600,0,-4.9164,0.5000,3.0484,5.000,0.500,2.500,0.000,0.000,0.200,0.500,1.000,0.500,1.000
71.600,1,-2.3316,0.5000,-1.5285,5.000,0.500,2.500,0.000,0.000,0.200,0.500,1.000,0.500,1.000
71.600,2,0.3505,4.7299,0.2149,5.000,0.500,2.500,0.000,0.000,0.200,0.500,1.000,0.500,1.000
71.600,3,-1.3224,4.2694,-5.0000,5.000,0.500,2.500,0.000,0.000,0.200,0.500,1.000,0.500,1.000
71.600,4,2.6675,0.5000,-1.6394,5.000,0.500,2.500,0.000,0.000,0.200,0.500,1.000,0.500,1.000
71.600,5,0.2837,0.5000,3.1302,5.000,0.500,2.500,0.000,0.000,0.200,0.500,1.000,0.500,1.000
71.800,0,-4.9662,0.5000,2.9879,5.000,0.500,2.500,0.000,0.000,0.200,0.500,1.000,0.500,1.000
71.800,1,-2.3200,0.5000,-1.4983,5.000,0.500,2.500,0.000,0.000,0.200,0.500,1.000,0.500,1.000
71.800,2,0.3785,4.7368,0.2022,5.000,0.500,2.500,0.000,0.000,0.200,0.500,1.000,0.500,1.000
71.800,3,-1.2557,4.2779,-5.0000,5.000,0.500,2.500,0.000,0.000,0.200,0.500,1.000,0.500,1.000
71.800,4,2.6850,0.5000,-1.6434,5.000,0.500,2.500,0.000,0.000,0.200,0.500,1.000,0.500,1.000
71.800,5,0.2447,0.5000,3.1239,5.000,0.500,2.500,0.000,0.000,0.200,0.500,1.000,0.500,1.000
72.000,0,-5.0000,0.5000,2.9239,5.000,0.500,2.500,0.000,0.000,0.200,0.500,1.000,0.500,1.000
72.000,1,-2.3123,0.5000,-1.4659,5.000,0.500,2.500,0.000,0.000,0.200,0.500,1.000,0.500,1.000
72.000,2,0.4103,4.7346,0.1924,5.000,0.500,2.500,0.000,0.000,0.200,0.500,1.000,0.500,1.000
72.000,3,-1.1957,4.2812,-5.0000,5.000,0.500,2.500,0.000,0.000,0.200,0.500,1.000,0.500,1.000
72.000,4,2.7134,0.5000,-1.6424,5.000,0.500,2.500,0.000,0.000,0.200,0.500,1.000,0.500,1.000
72.000,5,0.2025,0.5000,3.1088,5.000,0.500,2.500,0.000,0.000,0.200,0.500,1.000,0.500,1.000
72.200,0,-5.0000,0.5000,2.8530,5.000,0.500,2.500,0.000,0.000,0.200,0.500,1.000,0.500,1.000
72.200,1,-2.3021,0.5000,-1.4328,5.000,0.500,2.500,0.000,0.000,0.200,0.500,1.000,0.500,1.000
72.200,2,0.4430,4.7241,0.1873,5.000,0.500,2.500,0.000,0.000,0.200,0.500,1.000,0.500,1.000
72.200,3,-1.1375,4.2796,-5.0000,5.000,0.500,2.500,0.000,0.000,0.200,0.500,1.000,0.500,1.000
72.200,4,2.7387,0.5000,-1.6347,5.000,0.500,2.500,0.000,0.000,0.200,0.500,1.000,0.500,1.000
72.200,5,0.1639,0.5000,3.0894,5.000,0.500,2.500,0.000,0.000,0.200,0.500,1.000,0.500,1.000
72.400,0,-5.0000,0.5000,2.7761,5.000,0.500,2.500,0.000,0.000,0.200,0.500,1.000,0.500,1.000
72.400,1,-2.2871,0.5000,-1.3976,5.000,0.500,2.500,0.000,0.000,0.200,0.500,1.000,0.500,1.000
72.400,2,0.4746,4.7054,0.1846,5.000,0.500,2.500,0.000,0.000,0.200,0.500,1.000,0.500,1.000
72.400,3,-1.0765,4.2742,-4.9997,5.000,0.500,2.500,0.000,0.000,0.200,0.500,1.000,0.500,1.000
72.400,4,2.7555,0.5000,-1.6247,5.000,0.500,2.500,0.000,0.000,0.200,0.500,1.000,0.500,1.000
72.400,5,0.1271,0.5000,3.0633,5.000,0.500,2.500,0.000,0.000,0.200,0.500,1.000,0.500,1.000
72.600,0,-5.0000,0.5000,2.7229,5.000,0.500,2.500,0.000,0.000,0.200,0.500,1.000,0.500,1.000
72.600,1,-2.2525,0.5000,-1.3839,5.000,0.500,2.500,0.000,0.000,0.200,0.500,1.000,0.500,1.000
72.600,2,0.5101,4.6796,0.1836,5.000,0.500,2.500,0.000,0.000,0.200,0.500,1.000,0.500,1.000
72.600,3,-1.0137,4.2634,-4.9994,5.000,0.500,2.500,0.000,0.000,0.200,0.500,1.000,0.500,1.000
72.600,4,2.7651,0.5000,-1.6134,5.000,0.500,2.500,0.000,0.000,0.200,0.500,1.000,0.500,1.000
72.600,5,0.0879,0.5000,3.0326,5.000,0.500,2.500,0.000,0.000,0.200,0.500,1.000,0.500,1.000
72.800,0,-5.0000,0.5000,2.7026,5.000,0.500,2.500,0.000,0.000,0.200,0.500,1.000,0.500,1.000
72.800,1,-2.2082,0.5000,-1.4045,5.000,0.500,2.500,0.000,0.000,0.200,0.500,1.000,0.500,1.000
72.800,2,0.5487,4.6470,0.1844,5.000,0.500,2.500,0.000,0.000,0.200,0.500,1.000,0.500,1.000
72.800,3,-0.9495,4.2488,-4.9922,5.000,0.500,2.500,0.000,0.000,0.200,0.500,1.000,0.500,1.000
72.800,4,2.7711,0.5000,-1.6040,5.000,0.500,2.500,0.000,0.000,0.200,0.500,1.000,0.500,1.000
72.800,5,0.0607,0.5000,3.0174,5.000,0.500,2.500,0.000,0.000,0.200,0.500,1.000,0.500,1.000
73.000,0,-5.0000,0.5000,2.7106,5.000,0.500,2.500,0.000,0.000,0.200,0.500,1.000,0.500,1.000
73.000,1,-2.1809,0.5000,-1.4571,5.000,0.500,2.500,0.000,0.000,0.200,0.500,1.000,0.500,1.000
73.000,2,0.5852,4.6065,0.1929,5.000,0.500,2.500,0.000,0.000,0.200,0.500,1.000,0.500,1.000
73.000,3,-0.8880,4.2291,-4.9775,5.000,0.500,2.500,0.000,0.000,0.200,0.500,1.000,0.500,1.000
73.000,4,2.8088,0.5000,-1.5949,5.000,0.500,2.500,0.000,0.000,0.200,0.500,1.000,0.500,1.000
73.000,5,0.0520,0.5000,3.0347,5.000,0.500,2.500,0.000,0.000,0.200,0.500,1.000,0.500,1.000
73.200,0,-5.0000,0.5000,2.7217,5.000,0.500,2.500,0.000,0.000,0.200,0.500,1.000,0.500,1.000
73.200,1,-2.1751,0.5000,-1.5118,5.000,0.500,2.500,0.000,0.000,0.200,0.500,1.000,0.500,1.000
73.200,2,0.6124,4.5763,0.2156,5.000,0.500,2.500,0.000,0.000,0.200,0.500,1.000,0.500,1.000
73.200,3,-0.8322,4.2051,-4.9543,5.000,0.500,2.500,0.000,0.000,0.200,0.500,1.000,0.500,1.000
73.200,4,2.8630,0.5000,-1.5945,5.000,0.500,2.500,0.000,0.000,0.200,0.500,1.000,0.500,1.000
73.200,5,0.0452,0.5000,3.0563,5.000,0.500,2.500,0.000,0.000,0.200,0.500,1.000,0.500,1.000
73.400,0,-5.0000,0.5000,2.7265,5.000,0.500,2.500,0.000,0.000,0.200,0.500,1.000,0.500,1.000
73.400,1,-2.1622,0.5000,-1.5603,5.000,0.500,2.500,0.000,0.000,0.200,0.500,1.000,0.500,1.000
73.400,2,0.6301,4.5766,0.2425,5.000,0.500,2.500,0.000,0.000,0.200,0.500,1.000,0.500,1.000
73.400,3,-0.7824,4.1752,-4.9245,5.000,0.500,2.500,0.000,0.000,0.200,0.500,1.000,0.500,1.000
73.400,4,2.9145,0.5000,-1.6043,5.000,0.500,2.500,0.000,0.000,0.200,0.500,1.000,0.500,1.000
73.400,5,0.0382,0.5000,3.0828,5.000,0.500,2.500,0.000,0.000,0.200,0.500,1.000,0.500,1.000
73.600,0,-5.0000,0.5000,2.7228,5.000,0.500,2.500,0.000,0.000,0.200,0.500,1.000,0.500,1.000
73.600,1,-2.1451,0.5000,-1.6040,5.000,0.500,2.500,0.000,0.000,0.200,0.500,1.000,0.500,1.000
73.600,2,0.6473,4.5810,0.2637,5.000,0.500,2.500,0.000,0.000,0.200,0.500,1.000,0.500,1.000
73.600,3,-0.7343,4.1402,-4.8903,5.000,0.500,2.500,0.000,0.000,0.200,0.500,1.000,0.500,1.000
73.600,4,2.9630,0.5000,-1.6154,5.000,0.500,2.500,0.000,0.000,0.200,0.500,1.000,0.500,1.000
73.600,5,0.0343,0.5000,3.1055,5.000,0.500,2.500,0.000,0.000,0.200,0.500,1.000,0.500,1.000
73.800,0,-5.0000,0.5000,2.7186,5.000,0.500,2.500,0.000,0.000,0.200,0.500,1.000,0.500,1.000
73.800,1,-2.1188,0.5000,-1.6441,5.000,0.500,2.500,0.000,0.000,0.200,0.500,1.000,0.500,1.000
73.800,2,0.6595,4.5800,0.2868,5.000,0.500,2.500,0.000,0.000,0.200,0.500,1.000,0.500,1.000
73.800,3,-0.6883,4.0999,-4.8495,5.000,0.500,2.500,0.000,0.000,0.200,0.500,1.000,0.500,1.000
73.800,4,3.0071,0.5000,-1.6264,5.000,0.500,2.500,0.000,0.000,0.200,0.500,1.000,0.500,1.000
73.800,5,0.0323,0.5000,3.1184,5.000,0.500,2.500,0.000,0.000,0.200,0.500,1.000,0.500,1.000
74.000,0,-5.0000,0.5000,2.7105,5.000,0.500,2.500,0.000,0.000,0.200,0.500,1.000,0.500,1.000
74.000,1,-2.0869,0.5000,-1.6757,5.000,0.500,2.500,0.000,0.000,0.200,0.500,1.000,0.500,1.000
74.000,2,0.6670,4.5797,0.3100,5.000,0.500,2.500,0.000,0.000,0.200,0.500,1.000,0.500,1.000
74.000,3,-0.6397,4.0626,-4.8078,5.000,0.500,2.500,0.000,0.000,0.200,0.500,1.000,0.500,1.000
74.000,4,3.0395,0.5000,-1.6383,5.000,0.500,2.500,0.000,0.000,0.200,0.500,1.000,0.500,1.000
74.000,5,0.0317,0.5000,3.1300,5.000,0.500,2.500,0.000,0.000,0.200,0.500,1.000,0.500,1.000
74.200,0,-5.0000,0.5000,2.7009,5.000,0.500,2.500,0.000,0.000,0.200,0.500,1.000,0.500,1.000
74.200,1,-2.0661,0.5000,-1.6804,5.000,0.500,2.500,0.000,0.000,0.200,0.500,1.000,0.500,1.000
74.200,2,0.6731,4.5871,0.3242,5.000,0.500,2.500,0.000,0.000,0.200,0.500,1.000,0.500,1.000
74.200,3,-0.5799,4.0517,-4.7896,5.000,0.500,2.500,0.000,0.000,0.200,0.500,1.000,0.500,1.000
74.200,4,3.0661,0.5000,-1.6487,5.000,0.500,2.500,0.000,0.000,0.200,0.500,1.000,0.500,1.000
74.200,5,0.0296,0.5000,3.1441,5.000,0.500,2.500,0.000,0.000,0.200,0.500,1.000,0.500,1.000
74.400,0,-5.0000,0.5000,2.6853,5.000,0.500,2.500,0.000,0.000,0.200,0.500,1.000,0.500,1.000
74.400,1,-2.0575,0.5000,-1.6613,5.000,0.500,2.500,0.000,0.000,0.200,0.500,1.000,0.500,1.000
74.400,2,0.6740,4.5873,0.3394,5.000,0.500,2.500,0.000,0.000,0.200,0.500,1.000,0.500,1.000
74.400,3,-0.5084,4.0687,-4.7968,5.000,0.500,2.500,0.000,0.000,0.200,0.500,1.000,0.500,1.000
74.400,4,3.0868,0.5000,-1.6595,5.000,0.500,2.500,0.000,0.000,0.200,0.500,1.000,0.500,1.000
74.400,5,0.0289,0.5000,3.1522,5.000,0.500,2.500,0.000,0.000,0.200,0.500,1.000,0.500,1.000
74.600,0,-5.0000,0.5000,2.6656,5.000,0.500,2.500,0.000,0.000,0.200,0.500,1.000,0.500,1.000
74.600,1,-2.0524,0.5000,-1.6291,5.000,0.500,2.500,0.000,0.000,0.200,0.500,1.000,0.500,1.000
74.600,2,0.6698,4.5877,0.3483,5.000,0.500,2.500,0.000,0.000,0.200,0.500,1.000,0.500,1.000
74.600,3,-0.4336,4.0982,-4.8106,5.000,0.500,2.500,0.000,0.000,0.200,0.500,1.000,0.500,1.000
74.600,4,3.0958,0.5000,-1.6705,5.000,0.500,2.500,0.000,0.000,0.200,0.500,1.000,0.500,1.000
74.600,5,0.0267,0.5000,3.1583,5.000,0.500,2.500,0.000,0.000,0.200,0.500,1.000,0.500,1.000
74.800,0,-5.0000,0.5000,2.6400,5.000,0.500,2.500,0.000,0.000,0.200,0.500,1.000,0.500,1.000
74.800,1,-2.0410,0.5000,-1.5931,5.000,0.500,2.500,0.000,0.000,0.200,0.500,1.000,0.500,1.000
74.800,2,0.6645,4.5884,0.3520,5.000,0.500,2.500,0.000,0.000,0.200,0.500,1.000,0.500,1.000
74.800,3,-0.3664,4.1221,-4.8203,5.000,0.500,2.500,0.000,0.000,0.200,0.500,1.000,0.500,1.000
74.800,4,3.0912,0.5000,-1.6859,5.000,0.500,2.500,0.000,0.000,0.200,0.500,1.000,0.500,1.000
74.800,5,0.0220,0.5000,3.1628,5.000,0.500,2.500,0.000,0.000,0.200,0.500,1.000,0.500,1.000
75.000,0,-5.0000,0.5000,2.6076,5.000,0.500,2.500,0.000,0.000,0.200,0.500,1.000,0.500,1.000
75.000,1,-2.0235,0.5000,-1.5532,5.000,0.500,2.500,0.000,0.000,0.200,0.500,1.000,0.500,1.000
75.000,2,0.6573,4.5875,0.3574,5.000,0.500,2.500,0.000,0.000,0.200,0.500,1.000,0.500,1.000
75.000,3,-0.2967,4.1402,-4.8271,5.000,0.500,2.500,0.000,0.000,0.200,0.500,1.000,0.500,1.000
75.000,4,3.0833,0.5000,-1.7049,5.000,0.500,2.500,0.000,0.000,0.200,0.500,1.000,0.500,1.000
75.000,5,0.0174,0.5000,3.1673,5.000,0.500,2.500,0.000,0.000,0.200,0.500,1.000,0.500,1.000
75.200,0,-5.0000,0.5000,2.5748,5.000,0.500,2.500,0.000,0.000,0.200,0.500,1.000,0.500,1.000
75.200,1,-2.0020,0.5000,-1.5123,5.000,0.500,2.500,0.000,0.000,0.200,0.500,1.000,0.500,1.000
75.200,2,0.6485,4.5897,0.3649,5.000,0.500,2.500,0.000,0.000,0.200,0.500,1.000,0.500,1.000
75.200,3,-0.2290,4.1519,-4.8252,5.000,0.500,2.500,0.000,0.000,0.200,0.500,1.000,0.500,1.000
75.200,4,3.0672,0.5000,-1.7245,5.000,0.500,2.500,0.000,0.000,0.200,0.500,1.000,0.500,1.000
75.200,5,0.0138,0.5000,3.1712,5.000,0.500,2.500,0.000,0.000,0.200,0.500,1.000,0.500,1.000
75.400,0,-5.0000,0.5000,2.5401,5.000,0.500,2.500,0.000,0.000,0.200,0.500,1.000,0.500,1.000
75.400,1,-1.9730,0.5000,-1.4665,5.000,0.500,2.500,0.000,0.000,0.200,0.500,1.000,0.500,1.000
75.400,2,0.6382,4.5945,0.3677,5.000,0.500,2.500,0.000,0.000,0.200,0.500,1.000,0.500,1.000
75.400,3,-0.1575,4.1572,-4.8203,5.000,0.500,2.500,0.000,0.000,0.200,0.500,1.000,0.500,1.000
75.400,4,3.0442,0.5000,-1.7458,5.000,0.500,2.500,0.000,0.000,0.200,0.500,1.000,0.500,1.000
75.400,5,0.0090,0.5000,3.1738,5.000,0.500,2.500,0.000,0.000,0.200,0.500,1.000,0.500,1.000
75.600,0,-5.0000,0.5000,2.5097,5.000,0.500,2.500,0.000,0.000,0.200,0.500,1.000,0.500,1.000
75.600,1,-1.9415,0.5000,-1.4235,5.000,0.500,2.500,0.000,0.000,0.200,0.500,1.000,0.500,1.000
75.600,2,0.6252,4.5965,0.3740,5.000,0.500,2.500,0.000,0.000,0.200,0.500,1.000,0.500,1.000
75.600,3,-0.0837,4.1556,-4.8135,5.000,0.500,2.500,0.000,0.000,0.200,0.500,1.000,0.500,1.000
75.600,4,3.0219,0.5000,-1.7661,5.000,0.500,2.500,0.000,0.000,0.200,0.500,1.000,0.500,1.000
75.600,5,0.0073,0.5000,3.1758,5.000,0.500,2.500,0.000,0.000,0.200,0.500,1.000,0.500,1.000
75.800,0,-5.0000,0.5000,2.5088,5.000,0.500,2.500,0.000,0.000,0.200,0.500,1.000,0.500,1.000
75.800,1,-1.9222,0.5000,-1.4137,5.000,0.500,2.500,0.000,0.000,0.200,0.500,1.000,0.500,1.000
75.800,2,0.6124,4.5996,0.3776,5.000,0.500,2.500,0.000,0.000,0.200,0.500,1.000,0.500,1.000
75.800,3,-0.0090,4.1475,-4.8044,5.000,0.500,2.500,0.000,0.000,0.200,0.500,1.000,0.500,1.000
75.800,4,3.0357,0.5000,-1.7892,5.000,0.500,2.500,0.000,0.000,0.200,0.500,1.000,0.500,1.000
75.800,5,0.0164,0.5000,3.2039,5.000,0.500,2.500,0.000,0.000,0.200,0.500,1.000,0.500,1.000
76.000,0,-5.0000,0.5000,2.5345,5.000,0.500,2.500,0.000,0.000,0.200,0.500,1.000,0.500,1.000
76.000,1,-1.9226,0.5000,-1.4321,5.000,0.500,2.500,0.000,0.000,0.200,0.500,1.000,0.500,1.000
76.000,2,0.5980,4.5950,0.3808,5.000,0.500,2.500,0.000,0.000,0.200,0.500,1.000,0.500,1.000
76.000,3,0.0684,4.1331,-4.7902,5.000,0.500,2.500,0.000,0.000,0.200,0.500,1.000,0.500,1.000
76.000,4,3.0828,0.5000,-1.8136,5.000,0.500,2.500,0.000,0.000,0.200,0.500,1.000,0.500,1.000
76.000,5,0.0271,0.5000,3.2336,5.000,0.500,2.500,0.000,0.000,0.200,0.500,1.000,0.500,1.000
76.200,0,-5.0000,0.5000,2.5646,5.000,0.500,2.500,0.000,0.000,0.200,0.500,1.000,0.500,1.000
76.200,1,-1.9323,0.5000,-1.4472,5.000,0.500,2.500,0.000,0.000,0.200,0.500,1.000,0.500,1.000
76.200,2,0.5805,4.5829,0.3885,5.000,0.500,2.500,0.000,0.000,0.200,0.500,1.000,0.500,1.000
76.200,3,0.1432,4.1125,-4.7679,5.000,0.500,2.500,0.000,0.000,0.200,0.500,1.000,0.500,1.000
76.200,4,3.1294,0.5000,-1.8375,5.000,0.500,2.500,0.000,0.000,0.200,0.500,1.000,0.500,1.000
76.200,5,0.0376,0.5000,3.2545,5.000,0.500,2.500,0.000,0.000,0.200,0.500,1.000,0.500,1.000
76.400,0,-5.0000,0.5000,2.5931,5.000,0.500,2.500,0.000,0.000,0.200,0.500,1.000,0.500,1.000
76.400,1,-1.9418,0.5000,-1.4551,5.000,0.500,2.500,0.000,0.000,0.200,0.500,1.000,0.500,1.000
76.400,2,0.5568,4.5632,0.4023,5.000,0.500,2.500,0.000,0.000,0.200,0.500,1.000,0.500,1.000
76.400,3,0.2111,4.0867,-4.7410,5.000,0.500,2.500,0.000,0.000,0.200,0.500,1.000,0.500,1.000
76.400,4,3.1636,0.5000,-1.8643,5.000,0.500,2.500,0.000,0.000,0.200,0.500,1.000,0.500,1.000
76.400,5,0.0476,0.5000,3.2728,5.000,0.500,2.500,0.000,0.000,0.200,0.500,1.000,0.500,1.000
76.600,0,-5.0000,0.5000,2.6165,5.000,0.500,2.500,0.000,0.000,0.200,0.500,1.000,0.500,1.000
76.600,1,-1.9506,0.5000,-1.4595,5.000,0.500,2.500,0.000,0.000,0.200,0.500,1.000,0.500,1.000
76.600,2,0.5293,4.5542,0.4082,5.000,0.500,2.500,0.000,0.000,0.200,0.500,1.000,0.500,1.000
76.600,3,0.2740,4.0559,-4.7140,5.000,0.500,2.500,0.000,0.000,0.200,0.500,1.000,0.500,1.000
76.600,4,3.1917,0.5000,-1.8931,5.000,0.500,2.500,0.000,0.000,0.200,0.500,1.000,0.500,1.000
76.600,5,0.0559,0.5000,3.2972,5.000,0.500,2.500,0.000,0.000,0.200,0.500,1.000,0.500,1.000
76.800,0,-5.0000,0.5000,2.6370,5.000,0.500,2.500,0.000,0.000,0.200,0.500,1.000,0.500,1.000
76.800,1,-1.9567,0.5000,-1.4615,5.000,0.500,2.500,0.000,0.000,0.200,0.500,1.000,0.500,1.000
76.800,2,0.4984,4.5554,0.4058,5.000,0.500,2.500,0.000,0.000,0.200,0.500,1.000,0.500,1.000
76.800,3,0.3339,4.0193,-4.6818,5.000,0.500,2.500,0.000,0.000,0.200,0.500,1.000,0.500,1.000
76.800,4,3.2126,0.5000,-1.9279,5.000,0.500,2.500,0.000,0.000,0.200,0.500,1.000,0.500,1.000
76.800,5,0.0640,0.5000,3.3198,5.000,0.500,2.500,0.000,0.000,0.200,0.500,1.000,0.500,1.000
77.000,0,-4.9998,0.5000,2.6567,5.000,0.500,2.500,0.000,0.000,0.200,0.500,1.000,0.500,1.000
77.000,1,-1.9638,0.5000,-1.4578,5.000,0.500,2.500,0.000,0.000,0.200,0.500,1.000,0.500,1.000
77.000,2,0.4660,4.5499,0.4082,5.000,0.500,2.500,0.000,0.000,0.200,0.500,1.000,0.500,1.000
77.000,3,0.3889,3.9771,-4.6427,5.000,0.500,2.500,0.000,0.000,0.200,0.500,1.000,0.500,1.000
77.000,4,3.2269,0.5000,-1.9664,5.000,0.500,2.500,0.000,0.000,0.200,0.500,1.000,0.500,1.000
77.000,5,0.0744,0.5000,3.3354,5.000,0.500,2.500,0.000,0.000,0.200,0.500,1.000,0.500,1.000
77.200,0,-4.9979,0.5000,2.6786,5.000,0.500,2.500,0.000,0.000,0.200,0.500,1.000,0.500,1.000
77.200,1,-1.9673,0.5000,-1.4427,5.000,0.500,2.500,0.000,0.000,0.200,0.500,1.000,0.500,1.000
77.200,2,0.4346,4.5360,0.4144,5.000,0.500,2.500,0.000,0.000,0.200,0.500,1.000,0.500,1.000
77.200,3,0.4432,3.9304,-4.6050,5.000,0.500,2.500,0.000,0.000,0.200,0.500,1.000,0.500,1.000
77.200,4,3.2341,0.5000,-2.0088,5.000,0.500,2.500,0.000,0.000,0.200,0.500,1.000,0.500,1.000
77.200,5,0.0906,0.5000,3.3488,5.000,0.500,2.500,0.000,0.000,0.200,0.500,1.000,0.500,1.000
77.400,0,-4.9920,0.5000,2.7038,5.000,0.500,2.500,0.000,0.000,0.200,0.500,1.000,0.500,1.000
77.400,1,-1.9707,0.5000,-1.4202,5.000,0.500,2.500,0.000,0.000,0.200,0.500,1.000,0.500,1.000
77.400,2,0.4028,4.5281,0.4095,5.000,0.500,2.500,0.000,0.000,0.200,0.500,1.000,0.500,1.000
77.400,3,0.4922,3.8783,-4.5608,5.000,0.500,2.500,0.000,0.000,0.200,0.500,1.000,0.500,1.000
77.400,4,3.2376,0.5000,-2.0580,5.000,0.500,2.500,0.000,0.000,0.200,0.500,1.000,0.500,1.000
77.400,5,0.1084,0.5000,3.3633,5.000,0.500,2.500,0.000,0.000,0.200,0.500,1.000,0.500,1.000
77.600,0,-4.9765,0.5000,2.7255,5.000,0.500,2.500,0.000,0.000,0.200,0.500,1.000,0.500,1.000
77.600,1,-1.9682,0.5000,-1.3928,5.000,0.500,2.500,0.000,0.000,0.200,0.500,1.000,0.500,1.000
77.600,2,0.3704,4.5268,0.4092,5.000,0.500,2.500,0.000,0.000,0.200,0.500,1.000,0.500,1.000
77.600,3,0.5316,3.8268,-4.5225,5.000,0.500,2.500,0.000,0.000,0.200,0.500,1.000,0.500,1.000
77.600,4,3.2449,0.5000,-2.0998,5.000,0.500,2.500,0.000,0.000,0.200,0.500,1.000,0.500,1.000
77.600,5,0.1291,0.5000,3.3755,5.000,0.500,2.500,0.000,0.000,0.200,0.500,1.000,0.500,1.000
77.800,0,-4.9537,0.5000,2.7450,5.000,0.500,2.500,0.000,0.000,0.200,0.500,1.000,0.500,1.000
77.800,1,-1.9750,0.5000,-1.3748,5.000,0.500,2.500,0.000,0.000,0.200,0.500,1.000,0.500,1.000
77.800,2,0.3460,4.5426,0.4403,5.000,0.500,2.500,0.000,0.000,0.200,0.500,1.000,0.500,1.000
77.800,3,0.5537,3.7875,-4.5159,5.000,0.500,2.500,0.000,0.000,0.200,0.500,1.000,0.500,1.000
77.800,4,3.2670,0.5000,-2.1167,5.000,0.500,2.500,0.000,0.000,0.200,0.500,1.000,0.500,1.000
77.800,5,0.1540,0.5000,3.3806,5.000,0.500,2.500,0.000,0.000,0.200,0.500,1.000,0.500,1.000
78.000,0,-4.9230,0.5000,2.7636,5.000,0.500,2.500,0.000,0.000,0.200,0.500,1.000,0.500,1.000
78.000,1,-1.9853,0.5000,-1.3585,5.000,0.500,2.500,0.000,0.000,0.200,0.500,1.000,0.500,1.000
78.000,2,0.3220,4.5701,0.4836,5.000,0.500,2.500,0.000,0.000,0.200,0.500,1.000,0.500,1.000
78.000,3,0.5530,3.7713,-4.5304,5.000,0.500,2.500,0.000,0.000,0.200,0.500,1.000,0.500,1.000
78.000,4,3.2994,0.5000,-2.1135,5.000,0.500,2.500,0.000,0.000,0.200,0.500,1.000,0.500,1.000
78.000,5,0.1800,0.5000,3.3865,5.000,0.500,2.500,0.000,0.000,0.200,0.500,1.000,0.500,1.000
78.200,0,-4.8834,0.5000,2.7823,5.000,0.500,2.500,0.000,0.000,0.200,0.500,1.000,0.500,1.000
78.200,1,-1.9907,0.5000,-1.3362,5.000,0.500,2.500,0.000,0.000,0.200,0.500,1.000,0.500,1.000
78.200,2,0.2901,4.5976,0.5266,5.000,0.500,2.500,0.000,0.000,0.200,0.500,1.000,0.500,1.000
78.200,3,0.5279,3.7795,-4.5645,5.000,0.500,2.500,0.000,0.000,0.200,0.500,1.000,0.500,1.000
78.200,4,3.3387,0.5000,-2.0964,5.000,0.500,2.500,0.000,0.000,0.200,0.500,1.000,0.500,1.000
78.200,5,0.2083,0.5000,3.3916,5.000,0.500,2.500,0.000,0.000,0.200,0.500,1.000,0.500,1.000
78.400,0,-4.8359,0.5000,2.8003,5.000,0.500,2.500,0.000,0.000,0.200,0.500,1.000,0.500,1.000
78.400,1,-1.9941,0.5000,-1.3059,5.000,0.500,2.500,0.000,0.000,0.200,0.500,1.000,0.500,1.000
78.400,2,0.2546,4.6228,0.5631,5.000,0.500,2.500,0.000,0.000,0.200,0.500,1.000,0.500,1.000
78.400,3,0.4825,3.8046,-4.6102,5.000,0.500,2.500,0.000,0.000,0.200,0.500,1.000,0.500,1.000
78.400,4,3.3773,0.5000,-2.0705,5.000,0.500,2.500,0.000,0.000,0.200,0.500,1.000,0.500,1.000
78.400,5,0.2362,0.5000,3.3956,5.000,0.500,2.500,0.000,0.000,0.200,0.500,1.000,0.500,1.000
78.600,0,-4.7956,0.5000,2.8406,5.000,0.500,2.500,0.000,0.000,0.200,0.500,1.000,0.500,1.000
78.600,1,-1.9791,0.5000,-1.2924,5.000,0.500,2.500,0.000,0.000,0.200,0.500,1.000,0.500,1.000
78.600,2,0.2183,4.6450,0.5985,5.000,0.500,2.500,0.000,0.000,0.200,0.500,1.000,0.500,1.000
78.600,3,0.4297,3.8244,-4.6495,5.000,0.500,2.500,0.000,0.000,0.200,0.500,1.000,0.500,1.000
78.600,4,3.4073,0.5000,-2.0468,5.000,0.500,2.500,0.000,0.000,0.200,0.500,1.000,0.500,1.000
78.600,5,0.2634,0.5000,3.3974,5.000,0.500,2.500,0.000,0.000,0.200,0.500,1.000,0.500,1.000
78.800,0,-4.7582,0.5000,2.8977,5.000,0.500,2.500,0.000,0.000,0.200,0.500,1.000,0.500,1.000
78.800,1,-1.9514,0.5000,-1.2918,5.000,0.500,2.500,0.000,0.000,0.200,0.500,1.000,0.500,1.000
78.800,2,0.1776,4.6652,0.6309,5.000,0.500,2.500,0.000,0.000,0.200,0.500,1.000,0.500,1.000
78.800,3,0.3729,3.8379,-4.6868,5.000,0.500,2.500,0.000,0.000,0.200,0.500,1.000,0.500,1.000
78.800,4,3.4286,0.5000,-2.0266,5.000,0.500,2.500,0.000,0.000,0.200,0.500,1.000,0.500,1.000
78.800,5,0.2976,0.5000,3.3975,5.000,0.500,2.500,0.000,0.000,0.200,0.500,1.000,0.500,1.000
79.000,0,-4.7105,0.5000,2.9573,5.000,0.500,2.500,0.000,0.000,0.200,0.500,1.000,0.500,1.000
79.000,1,-1.9185,0.5000,-1.2886,5.000,0.500,2.500,0.000,0.000,0.200,0.500,1.000,0.500,1.000
79.000,2,0.1349,4.6836,0.6626,5.000,0.500,2.500,0.000,0.000,0.200,0.500,1.000,0.500,1.000
79.000,3,0.3127,3.8455,-4.7256,5.000,0.500,2.500,0.000,0.000,0.200,0.500,1.000,0.500,1.000
79.000,4,3.4406,0.5000,-2.0098,5.000,0.500,2.500,0.000,0.000,0.200,0.500,1.000,0.500,1.000
79.000,5,0.3337,0.5000,3.3966,5.000,0.500,2.500,0.000,0.000,0.200,0.500,1.000,0.500,1.000
79.200,0,-4.6546,0.5000,3.0177,5.000,0.500,2.500,0.000,0.000,0.200,0.500,1.000,0.500,1.000
79.200,1,-1.8816,0.5000,-1.2769,5.000,0.500,2.500,0.000,0.000,0.200,0.500,1.000,0.500,1.000
79.200,2,0.0864,4.7003,0.6933,5.000,0.500,2.500,0.000,0.000,0.200,0.500,1.000,0.500,1.000
79.200,3,0.2459,3.8468,-4.7673,5.000,0.500,2.500,0.000,0.000,0.200,0.500,1.000,0.500,1.000
79.200,4,3.4490,0.5000,-1.9982,5.000,0.500,2.500,0.000,0.000,0.200,0.500,1.000,0.500,1.000
79.200,5,0.3741,0.5000,3.3902,5.000,0.500,2.500,0.000,0.000,0.200,0.500,1.000,0.500,1.000
79.400,0,-4.5984,0.5000,3.0793,5.000,0.500,2.500,0.000,0.000,0.200,0.500,1.000,0.500,1.000
79.400,1,-1.8401,0.5000,-1.2591,5.000,0.500,2.500,0.000,0.000,0.200,0.500,1.000,0.500,1.000
79.400,2,0.0367,4.7189,0.7196,5.000,0.500,2.500,0.000,0.000,0.200,0.500,1.000,0.500,1.000
79.400,3,0.1784,3.8398,-4.8121,5.000,0.500,2.500,0.000,0.000,0.200,0.500,1.000,0.500,1.000
79.400,4,3.4528,0.5000,-1.9869,5.000,0.500,2.500,0.000,0.000,0.200,0.500,1.000,0.500,1.000
79.400,5,0.4180,0.5000,3.3811,5.000,0.500,2.500,0.000,0.000,0.200,0.500,1.000,0.500,1.000
79.600,0,-4.5375,0.5000,3.1370,5.000,0.500,2.500,0.000,0.000,0.200,0.500,1.000,0.500,1.000
79.600,1,-1.8000,0.5000,-1.2330,5.000,0.500,2.500,0.000,0.000,0.200,0.500,1.000,0.500,1.000
79.600,2,-0.0099,4.7324,0.7471,5.000,0.500,2.500,0.000,0.000,0.200,0.500,1.000,0.500,1.000
79.600,3,0.1069,3.8261,-4.8543,5.000,0.500,2.500,0.000,0.000,0.200,0.500,1.000,0.500,1.000
79.600,4,3.4484,0.5000,-1.9747,5.000,0.500,2.500,0.000,0.000,0.200,0.500,1.000,0.500,1.000
79.600,5,0.4657,0.5000,3.3674,5.000,0.500,2.500,0.000,0.000,0.200,0.500,1.000,0.500,1.000
79.800,0,-4.4735,0.5000,3.1924,5.000,0.500,2.500,0.000,0.000,0.200,0.500,1.000,0.500,1.000
79.800,1,-1.7675,0.5000,-1.2072,5.000,0.500,2.500,0.000,0.000,0.200,0.500,1.000,0.500,1.000
79.800,2,-0.0525,4.7611,0.7741,5.000,0.500,2.500,0.000,0.000,0.200,0.500,1.000,0.500,1.000
79.800,3,0.0329,3.8054,-4.8954,5.000,0.500,2.500,0.000,0.000,0.200,0.500,1.000,0.500,1.000
79.800,4,3.4347,0.5000,-1.9627,5.000,0.500,2.500,0.000,0.000,0.200,0.500,1.000,0.500,1.000
79.800,5,0.5242,0.5000,3.3536,5.000,0.500,2.500,0.000,0.000,0.200,0.500,1.000,0.500,1.000
80.000,0,-4.4045,0.5000,3.2442,5.000,0.500,2.500,0.000,0.000,0.200,0.500,1.000,0.500,1.000
80.000,1,-1.7432,0.5000,-1.1839,5.000,0.500,2.500,0.000,0.000,0.200,0.500,1.000,0.500,1.000
80.000,2,-0.0931,4.8005,0.8096,5.000,0.500,2.500,0.000,0.000,0.200,0.500,1.000,0.500,1.000
80.000,3,-0.0383,3.7784,-4.9367,5.000,0.500,2.500,0.000,0.000,0.200,0.500,1.000,0.500,1.000
80.000,4,3.4174,0.5000,-1.9556,5.000,0.500,2.500,0.000,0.000,0.200,0.500,1.000,0.500,1.000
80.000,5,0.6024,0.5000,3.3422,5.000,0.500,2.500,0.000,0.000,0.200,0.500,1.000,0.500,1.000
80.200,0,-4.3306,0.5000,3.2915,5.000,0.500,2.500,0.000,0.000,0.200,0.500,1.000,0.500,1.000
80.200,1,-1.7216,0.5000,-1.1524,5.000,0.500,2.500,0.000,0.000,0.200,0.500,1.000,0.500,1.000
80.200,2,-0.1409,4.8320,0.8436,5.000,0.500,2.500,0.000,0.000,0.200,0.500,1.000,0.500,1.000
80.200,3,-0.1094,3.7449,-4.9769,5.000,0.500,2.500,0.000,0.000,0.200,0.500,1.000,0.500,1.000
80.200,4,3.3932,0.5000,-1.9520,5.000,0.500,2.500,0.000,0.000,0.200,0.500,1.000,0.500,1.000
80.200,5,0.6864,0.5000,3.3276,5.000,0.500,2.500,0.000,0.000,0.200,0.500,1.000,0.500,1.000
80.400,0,-4.2522,0.5000,3.3329,5.000,0.500,2.500,0.000,0.000,0.200,0.500,1.000,0.500,1.000
80.400,1,-1.7006,0.5000,-1.1167,5.000,0.500,2.500,0.000,0.000,0.200,0.500,1.000,0.500,1.000
80.400,2,-0.1900,4.8562,0.8707,5.000,0.500,2.500,0.000,0.000,0.200,0.500,1.000,0.500,1.000
80.400,3,-0.1819,3.7049,-5.0000,5.000,0.500,2.500,0.000,0.000,0.200,0.500,1.000,0.500,1.000
80.400,4,3.3623,0.5000,-1.9441,5.000,0.500,2.500,0.000,0.000,0.200,0.500,1.000,0.500,1.000
80.400,5,0.7700,0.5000,3.3038,5.000,0.500,2.500,0.000,0.000,0.200,0.500,1.000,0.500,1.000
80.600,0,-4.1686,0.5000,3.3664,5.000,0.500,2.500,0.000,0.000,0.200,0.500,1.000,0.500,1.000
80.600,1,-1.6786,0.5000,-1.0777,5.000,0.500,2.500,0.000,0.000,0.200,0.500,1.000,0.500,1.000
80.600,2,-0.2392,4.8739,0.8946,5.000,0.500,2.500,0.000,0.000,0.200,0.500,1.000,0.500,1.000
80.600,3,-0.2573,3.6583,-5.0000,5.000,0.500,2.500,0.000,0.000,0.200,0.500,1.000,0.500,1.000
80.600,4,3.3249,0.5000,-1.9365,5.000,0.500,2.500,0.000,0.000,0.200,0.500,1.000,0.500,1.000
80.600,5,0.8533,0.5000,3.2748,5.000,0.500,2.500,0.000,0.000,0.200,0.500,1.000,0.500,1.000
80.800,0,-4.0834,0.5000,3.3994,5.000,0.500,2.500,0.000,0.000,0.200,0.500,1.000,0.500,1.000
80.800,1,-1.6565,0.5000,-1.0359,5.000,0.500,2.500,0.000,0.000,0.200,0.500,1.000,0.500,1.000
80.800,2,-0.2892,4.8902,0.9255,5.000,0.500,2.500,0.000,0.000,0.200,0.500,1.000,0.500,1.000
80.800,3,-0.3331,3.6046,-5.0000,5.000,0.500,2.500,0.000,0.000,0.200,0.500,1.000,0.500,1.000
80.800,4,3.2856,0.5000,-1.9288,5.000,0.500,2.500,0.000,0.000,0.200,0.500,1.000,0.500,1.000
80.800,5,0.9353,0.5000,3.2420,5.000,0.500,2.500,0.000,0.000,0.200,0.500,1.000,0.500,1.000
81.000,0,-3.9973,0.5000,3.4316,5.000,0.500,2.500,0.000,0.000,0.200,0.500,1.000,0.500,1.000
81.000,1,-1.6530,0.5000,-1.0112,5.000,0.500,2.500,0.000,0.000,0.200,0.500,1.000,0.500,1.000
81.000,2,-0.3326,4.9195,0.9633,5.000,0.500,2.500,0.000,0.000,0.200,0.500,1.000,0.500,1.000
81.000,3,-0.4068,3.5451,-5.0000,5.000,0.500,2.500,0.000,0.000,0.200,0.500,1.000,0.500,1.000
81.000,4,3.2471,0.5000,-1.9229,5.000,0.500,2.500,0.000,0.000,0.200,0.500,1.000,0.500,1.000
81.000,5,1.0232,0.5000,3.2228,5.000,0.500,2.500,0.000,0.000,0.200,0.500,1.000,0.500,1.000
81.200,0,-3.9115,0.5000,3.4649,5.000,0.500,2.500,0.000,0.000,0.200,0.500,1.000,0.500,1.000
81.200,1,-1.6830,0.5000,-0.9898,5.000,0.500,2.500,0.000,0.000,0.200,0.500,1.000,0.500,1.000
81.200,2,-0.3756,4.9421,1.0007,5.000,0.500,2.500,0.000,0.000,0.200,0.500,1.000,0.500,1.000
81.200,3,-0.4789,3.4817,-5.0000,5.000,0.500,2.500,0.000,0.000,0.200,0.500,1.000,0.500,1.000
81.200,4,3.2412,0.5000,-1.9207,5.000,0.500,2.500,0.000,0.000,0.200,0.500,1.000,0.500,1.000
81.200,5,1.1128,0.5000,3.2044,5.000,0.500,2.500,0.000,0.000,0.200,0.500,1.000,0.500,1.000
81.400,0,-3.8430,0.5000,3.5271,5.000,0.500,2.500,0.000,0.000,0.200,0.500,1.000,0.500,1.000
81.400,1,-1.7073,0.5000,-0.9974,5.000,0.500,2.500,0.000,0.000,0.200,0.500,1.000,0.500,1.000
81.400,2,-0.4214,4.9575,1.0365,5.000,0.500,2.500,0.000,0.000,0.200,0.500,1.000,0.500,1.000
81.400,3,-0.5510,3.4169,-5.0000,5.000,0.500,2.500,0.000,0.000,0.200,0.500,1.000,0.500,1.000
81.400,4,3.2379,0.5000,-1.9201,5.000,0.500,2.500,0.000,0.000,0.200,0.500,1.000,0.500,1.000
81.400,5,1.2009,0.5000,3.1762,5.000,0.500,2.500,0.000,0.000,0.200,0.500,1.000,0.500,1.000
81.600,0,-3.7826,0.5000,3.5995,5.000,0.500,2.500,0.000,0.000,0.200,0.500,1.000,0.500,1.000
81.600,1,-1.7277,0.5000,-1.0135,5.000,0.500,2.500,0.000,0.000,0.200,0.500,1.000,0.500,1.000
81.600,2,-0.4667,4.9645,1.0678,5.000,0.500,2.500,0.000,0.000,0.200,0.500,1.000,0.500,1.000
81.600,3,-0.6211,3.3495,-5.0000,5.000,0.500,2.500,0.000,0.000,0.200,0.500,1.000,0.500,1.000
81.600,4,3.2230,0.5000,-1.9168,5.000,0.500,2.500,0.000,0.000,0.200,0.500,1.000,0.500,1.000
81.600,5,1.2862,0.5000,3.1447,5.000,0.500,2.500,0.000,0.000,0.200,0.500,1.000,0.500,1.000
81.800,0,-3.7202,0.5000,3.6706,5.000,0.500,2.500,0.000,0.000,0.200,0.500,1.000,0.500,1.000
81.800,1,-1.7520,0.5000,-1.0174,5.000,0.500,2.500,0.000,0.000,0.200,0.500,1.000,0.500,1.000
81.800,2,-0.5092,4.9644,1.0940,5.000,0.500,2.500,0.000,0.000,0.200,0.500,1.000,0.500,1.000
81.800,3,-0.6856,3.2818,-5.0000,5.000,0.500,2.500,0.000,0.000,0.200,0.500,1.000,0.500,1.000
81.800,4,3.2052,0.5000,-1.9077,5.000,0.500,2.500,0.000,0.000,0.200,0.500,1.000,0.500,1.000
81.800,5,1.3724,0.5000,3.1112,5.000,0.500,2.500,0.000,0.000,0.200,0.500,1.000,0.500,1.000
82.000,0,-3.6525,0.5000,3.7362,5.000,0.500,2.500,0.000,0.000,0.200,0.500,1.000,0.500,1.000
82.000,1,-1.7789,0.5000,-0.9962,5.000,0.500,2.500,0.000,0.000,0.200,0.500,1.000,0.500,1.000
82.000,2,-0.5554,4.9563,1.1145,5.000,0.500,2.500,0.000,0.000,0.200,0.500,1.000,0.500,1.000
82.000,3,-0.7401,3.2331,-5.0000,5.000,0.500,2.500,0.000,0.000,0.200,0.500,1.000,0.500,1.000
82.000,4,3.1861,0.5000,-1.8887,5.000,0.500,2.500,0.000,0.000,0.200,0.500,1.000,0.500,1.000
82.000,5,1.4572,0.5000,3.0744,5.000,0.500,2.500,0.000,0.000,0.200,0.500,1.000,0.500,1.000
82.200,0,-3.5794,0.5000,3.7949,5.000,0.500,2.500,0.000,0.000,0.200,0.500,1.000,0.500,1.000
82.200,1,-1.8078,0.5000,-0.9551,5.000,0.500,2.500,0.000,0.000,0.200,0.500,1.000,0.500,1.000
82.200,2,-0.6036,4.9408,1.1342,5.000,0.500,2.500,0.000,0.000,0.200,0.500,1.000,0.500,1.000
82.200,3,-0.7830,3.2055,-5.0000,5.000,0.500,2.500,0.000,0.000,0.200,0.500,1.000,0.500,1.000
82.200,4,3.1651,0.5000,-1.8592,5.000,0.500,2.500,0.000,0.000,0.200,0.500,1.000,0.500,1.000
82.200,5,1.5378,0.5000,3.0285,5.000,0.500,2.500,0.000,0.000,0.200,0.500,1.000,0.500,1.000
82.400,0,-3.5017,0.5000,3.8452,5.000,0.500,2.500,0.000,0.000,0.200,0.500,1.000,0.500,1.000
82.400,1,-1.8362,0.5000,-0.8995,5.000,0.500,2.500,0.000,0.000,0.200,0.500,1.000,0.500,1.000
82.400,2,-0.6540,4.9183,1.1538,5.000,0.500,2.500,0.000,0.000,0.200,0.500,1.000,0.500,1.000
82.400,3,-0.8105,3.1995,-5.0000,5.000,0.500,2.500,0.000,0.000,0.200,0.500,1.000,0.500,1.000
82.400,4,3.1417,0.5000,-1.8234,5.000,0.500,2.500,0.000,0.000,0.200,0.500,1.000,0.500,1.000
82.400,5,1.6157,0.5000,2.9766,5.000,0.500,2.500,0.000,0.000,0.200,0.500,1.000,0.500,1.000
82.600,0,-3.4202,0.5000,3.8911,5.000,0.500,2.500,0.000,0.000,0.200,0.500,1.000,0.500,1.000
82.600,1,-1.8658,0.5000,-0.8468,5.000,0.500,2.500,0.000,0.000,0.200,0.500,1.000,0.500,1.000
82.600,2,-0.7017,4.8989,1.1782,5.000,0.500,2.500,0.000,0.000,0.200,0.500,1.000,0.500,1.000
82.600,3,-0.8322,3.1923,-5.0000,5.000,0.500,2.500,0.000,0.000,0.200,0.500,1.000,0.500,1.000
82.600,4,3.1205,0.5000,-1.7925,5.000,0.500,2.500,0.000,0.000,0.200,0.500,1.000,0.500,1.000
82.600,5,1.6877,0.5000,2.9325,5.000,0.500,2.500,0.000,0.000,0.200,0.500,1.000,0.500,1.000
82.800,0,-3.3538,0.5000,3.9590,5.000,0.500,2.500,0.000,0.000,0.200,0.500,1.000,0.500,1.000
82.800,1,-1.8925,0.5000,-0.8256,5.000,0.500,2.500,0.000,0.000,0.200,0.500,1.000,0.500,1.000
82.800,2,-0.7396,4.9116,1.2194,5.000,0.500,2.500,0.000,0.000,0.200,0.500,1.000,0.500,1.000
82.800,3,-0.8530,3.1786,-5.0000,5.000,0.500,2.500,0.000,0.000,0.200,0.500,1.000,0.500,1.000
82.800,4,3.1106,0.5000,-1.7978,5.000,0.500,2.500,0.000,0.000,0.200,0.500,1.000,0.500,1.000
82.800,5,1.7477,0.5000,2.9246,5.000,0.500,2.500,0.000,0.000,0.200,0.500,1.000,0.500,1.000
83.000,0,-3.2935,0.5000,4.0326,5.000,0.500,2.500,0.000,0.000,0.200,0.500,1.000,0.500,1.000
83.000,1,-1.9201,0.5000,-0.8168,5.000,0.500,2.500,0.000,0.000,0.200,0.500,1.000,0.500,1.000
83.000,2,-0.7751,4.9389,1.2674,5.000,0.500,2.500,0.000,0.000,0.200,0.500,1.000,0.500,1.000
83.000,3,-0.8728,3.1587,-5.0000,5.000,0.500,2.500,0.000,0.000,0.200,0.500,1.000,0.500,1.000
83.000,4,3.1113,0.5000,-1.8396,5.000,0.500,2.500,0.000,0.000,0.200,0.500,1.000,0.500,1.000
83.000,5,1.7970,0.5000,2.9547,5.000,0.500,2.500,0.000,0.000,0.200,0.500,1.000,0.500,1.000
83.200,0,-3.2280,0.5000,4.1009,5.000,0.500,2.500,0.000,0.000,0.200,0.500,1.000,0.500,1.000
83.200,1,-1.9510,0.5000,-0.8026,5.000,0.500,2.500,0.000,0.000,0.200,0.500,1.000,0.500,1.000
83.200,2,-0.8111,4.9581,1.3160,5.000,0.500,2.500,0.000,0.000,0.200,0.500,1.000,0.500,1.000
83.200,3,-0.8908,3.1323,-5.0000,5.000,0.500,2.500,0.000,0.000,0.200,0.500,1.000,0.500,1.000
83.200,4,3.1175,0.5000,-1.9004,5.000,0.500,2.500,0.000,0.000,0.200,0.500,1.000,0.500,1.000
83.200,5,1.8413,0.5000,3.0104,5.000,0.500,2.500,0.000,0.000,0.200,0.500,1.000,0.500,1.000
83.400,0,-3.1591,0.5000,4.1642,5.000,0.500,2.500,0.000,0.000,0.200,0.500,1.000,0.500,1.000
83.400,1,-1.9836,0.5000,-0.7829,5.000,0.500,2.500,0.000,0.000,0.200,0.500,1.000,0.500,1.000
83.400,2,-0.8484,4.9703,1.3599,5.000,0.500,2.500,0.000,0.000,0.200,0.500,1.000,0.500,1.000
83.400,3,-0.9029,3.1004,-5.0000,5.000,0.500,2.500,0.000,0.000,0.200,0.500,1.000,0.500,1.000
83.400,4,3.1210,0.5000,-1.9563,5.000,0.500,2.500,0.000,0.000,0.200,0.500,1.000,0.500,1.000
83.400,5,1.8872,0.5000,3.0629,5.000,0.500,2.500,0.000,0.000,0.200,0.500,1.000,0.500,1.000
83.600,0,-3.0847,0.5000,4.2214,5.000,0.500,2.500,0.000,0.000,0.200,0.500,1.000,0.500,1.000
83.600,1,-2.0204,0.5000,-0.7653,5.000,0.500,2.500,0.000,0.000,0.200,0.500,1.000,0.500,1.000
83.600,2,-0.8873,4.9744,1.3981,5.000,0.500,2.500,0.000,0.000,0.200,0.500,1.000,0.500,1.000
83.600,3,-0.9122,3.0626,-5.0000,5.000,0.500,2.500,0.000,0.000,0.200,0.500,1.000,0.500,1.000
83.600,4,3.1236,0.5000,-2.0053,5.000,0.500,2.500,0.000,0.000,0.200,0.500,1.000,0.500,1.000
83.600,5,1.9294,0.5000,3.1062,5.000,0.500,2.500,0.000,0.000,0.200,0.500,1.000,0.500,1.000
83.800,0,-3.0076,0.5000,4.2740,5.000,0.500,2.500,0.000,0.000,0.200,0.500,1.000,0.500,1.000
83.800,1,-2.0589,0.5000,-0.7463,5.000,0.500,2.500,0.000,0.000,0.200,0.500,1.000,0.500,1.000
83.800,2,-0.9248,4.9714,1.4343,5.000,0.500,2.500,0.000,0.000,0.200,0.500,1.000,0.500,1.000
83.800,3,-0.9156,3.0173,-5.0000,5.000,0.500,2.500,0.000,0.000,0.200,0.500,1.000,0.500,1.000
83.800,4,3.1240,0.5000,-2.0499,5.000,0.500,2.500,0.000,0.000,0.200,0.500,1.000,0.500,1.000
83.800,5,1.9643,0.5000,3.1403,5.000,0.500,2.500,0.000,0.000,0.200,0.500,1.000,0.500,1.000
84.000,0,-2.9288,0.5000,4.3251,5.000,0.500,2.500,0.000,0.000,0.200,0.500,1.000,0.500,1.000
84.000,1,-2.0997,0.5000,-0.7258,5.000,0.500,2.500,0.000,0.000,0.200,0.500,1.000,0.500,1.000
84.000,2,-0.9626,4.9614,1.4675,5.000,0.500,2.500,0.000,0.000,0.200,0.500,1.000,0.500,1.000
84.000,3,-0.9104,2.9663,-5.0000,5.000,0.500,2.500,0.000,0.000,0.200,0.500,1.000,0.500,1.000
84.000,4,3.1234,0.5000,-2.0868,5.000,0.500,2.500,0.000,0.000,0.200,0.500,1.000,0.500,1.000
84.000,5,1.9984,0.5000,3.1686,5.000,0.500,2.500,0.000,0.000,0.200,0.500,1.000,0.500,1.000
84.200,0,-2.8489,0.5000,4.3699,5.000,0.500,2.500,0.000,0.000,0.200,0.500,1.000,0.500,1.000
84.200,1,-2.1428,0.5000,-0.7056,5.000,0.500,2.500,0.000,0.000,0.200,0.500,1.000,0.500,1.000
84.200,2,-0.9988,4.9463,1.4957,5.000,0.500,2.500,0.000,0.000,0.200,0.500,1.000,0.500,1.000
84.200,3,-0.8992,2.9092,-5.0000,5.000,0.500,2.500,0.000,0.000,0.200,0.500,1.000,0.500,1.000
84.200,4,3.1210,0.5000,-2.1111,5.000,0.500,2.500,0.000,0.000,0.200,0.500,1.000,0.500,1.000
84.200,5,2.0240,0.5000,3.1945,5.000,0.500,2.500,0.000,0.000,0.200,0.500,1.000,0.500,1.000
84.400,0,-2.7823,0.5000,4.4122,5.000,0.500,2.500,0.000,0.000,0.200,0.500,1.000,0.500,1.000
84.400,1,-2.1902,0.5000,-0.6898,5.000,0.500,2.500,0.000,0.000,0.200,0.500,1.000,0.500,1.000
84.400,2,-1.0345,4.9243,1.5193,5.000,0.500,2.500,0.000,0.000,0.200,0.500,1.000,0.500,1.000
84.400,3,-0.8785,2.8452,-5.0000,5.000,0.500,2.500,0.000,0.000,0.200,0.500,1.000,0.500,1.000
84.400,4,3.1177,0.5000,-2.1250,5.000,0.500,2.500,0.000,0.000,0.200,0.500,1.000,0.500,1.000
84.400,5,2.0570,0.5000,3.2137,5.000,0.500,2.500,0.000,0.000,0.200,0.500,1.000,0.500,1.000
84.600,0,-2.7491,0.5000,4.4587,5.000,0.500,2.500,0.000,0.000,0.200,0.500,1.000,0.500,1.000
84.600,1,-2.2369,0.5000,-0.6753,5.000,0.500,2.500,0.000,0.000,0.200,0.500,1.000,0.500,1.000
84.600,2,-1.0732,4.8940,1.5391,5.000,0.500,2.500,0.000,0.000,0.200,0.500,1.000,0.500,1.000
84.600,3,-0.8511,2.7744,-5.0000,5.000,0.500,2.500,0.000,0.000,0.200,0.500,1.000,0.500,1.000
84.600,4,3.1139,0.5000,-2.1296,5.000,0.500,2.500,0.000,0.000,0.200,0.500,1.000,0.500,1.000
84.600,5,2.1227,0.5000,3.2229,5.000,0.500,2.500,0.000,0.000,0.200,0.500,1.000,0.500,1.000
84.800,0,-2.7241,0.5000,4.4993,5.000,0.500,2.500,0.000,0.000,0.200,0.500,1.000,0.500,1.000
84.800,1,-2.2866,0.5000,-0.6601,5.000,0.500,2.500,0.000,0.000,0.200,0.500,1.000,0.500,1.000
84.800,2,-1.1135,4.8556,1.5565,5.000,0.500,2.500,0.000,0.000,0.200,0.500,1.000,0.500,1.000
84.800,3,-0.8181,2.6989,-5.0000,5.000,0.500,2.500,0.000,0.000,0.200,0.500,1.000,0.500,1.000
84.800,4,3.1077,0.5000,-2.1281,5.000,0.500,2.500,0.000,0.000,0.200,0.500,1.000,0.500,1.000
84.800,5,2.1868,0.5000,3.2270,5.000,0.500,2.500,0.000,0.000,0.200,0.500,1.000,0.500,1.000
85.000,0,-2.6966,0.5000,4.5417,5.000,0.500,2.500,0.000,0.000,0.200,0.500,1.000,0.500,1.000
85.000,1,-2.3401,0.5000,-0.6463,5.000,0.500,2.500,0.000,0.000,0.200,0.500,1.000,0.500,1.000
85.000,2,-1.1555,4.8111,1.5710,5.000,0.500,2.500,0.000,0.000,0.200,0.500,1.000,0.500,1.000
85.000,3,-0.7838,2.6192,-5.0000,5.000,0.500,2.500,0.000,0.000,0.200,0.500,1.000,0.500,1.000
85.000,4,3.1018,0.5000,-2.1174,5.000,0.500,2.500,0.000,0.000,0.200,0.500,1.000,0.500,1.000
85.000,5,2.2452,0.5000,3.2341,5.000,0.500,2.500,0.000,0.000,0.200,0.500,1.000,0.500,1.000
85.200,0,-2.6677,0.5000,4.5757,5.000,0.500,2.500,0.000,0.000,0.200,0.500,1.000,0.500,1.000
85.200,1,-2.3894,0.5000,-0.6478,5.000,0.500,2.500,0.000,0.000,0.200,0.500,1.000,0.500,1.000
85.200,2,-1.1902,4.7897,1.5977,5.000,0.500,2.500,0.000,0.000,0.200,0.500,1.000,0.500,1.000
85.200,3,-0.7469,2.5385,-5.0000,5.000,0.500,2.500,0.000,0.000,0.200,0.500,1.000,0.500,1.000
85.200,4,3.0971,0.5000,-2.0996,5.000,0.500,2.500,0.000,0.000,0.200,0.500,1.000,0.500,1.000
85.200,5,2.2986,0.5000,3.2414,5.000,0.500,2.500,0.000,0.000,0.200,0.500,1.000,0.500,1.000
85.400,0,-2.6386,0.5000,4.6022,5.000,0.500,2.500,0.000,0.000,0.200,0.500,1.000,0.500,1.000
85.400,1,-2.4344,0.5000,-0.6633,5.000,0.500,2.500,0.000,0.000,0.200,0.500,1.000,0.500,1.000
85.400,2,-1.2163,4.7941,1.6368,5.000,0.500,2.500,0.000,0.000,0.200,0.500,1.000,0.500,1.000
85.400,3,-0.7053,2.4570,-5.0000,5.000,0.500,2.500,0.000,0.000,0.200,0.500,1.000,0.500,1.000
85.400,4,3.0864,0.5000,-2.0711,5.000,0.500,2.500,0.000,0.000,0.200,0.500,1.000,0.500,1.000
85.400,5,2.3469,0.5000,3.2449,5.000,0.500,2.500,0.000,0.000,0.200,0.500,1.000,0.500,1.000
85.600,0,-2.6060,0.5000,4.6217,5.000,0.500,2.500,0.000,0.000,0.200,0.500,1.000,0.500,1.000
85.600,1,-2.4785,0.5000,-0.6851,5.000,0.500,2.500,0.000,0.000,0.200,0.500,1.000,0.500,1.000
85.600,2,-1.2402,4.7948,1.6715,5.000,0.500,2.500,0.000,0.000,0.200,0.500,1.000,0.500,1.000
85.600,3,-0.6582,2.3752,-5.0000,5.000,0.500,2.500,0.000,0.000,0.200,0.500,1.000,0.500,1.000
85.600,4,3.0730,0.5000,-2.0292,5.000,0.500,2.500,0.000,0.000,0.200,0.500,1.000,0.500,1.000
85.600,5,2.3910,0.5000,3.2468,5.000,0.500,2.500,0.000,0.000,0.200,0.500,1.000,0.500,1.000
85.800,0,-2.5662,0.5000,4.6315,5.000,0.500,2.500,0.000,0.000,0.200,0.500,1.000,0.500,1.000
85.800,1,-2.5194,0.5000,-0.7116,5.000,0.500,2.500,0.000,0.000,0.200,0.500,1.000,0.500,1.000
85.800,2,-1.2640,4.7899,1.7022,5.000,0.500,2.500,0.000,0.000,0.200,0.500,1.000,0.500,1.000
85.800,3,-0.6124,2.2905,-5.0000,5.000,0.500,2.500,0.000,0.000,0.200,0.500,1.000,0.500,1.000
85.800,4,3.0565,0.5000,-1.9777,5.000,0.500,2.500,0.000,0.000,0.200,0.500,1.000,0.500,1.000
85.800,5,2.4263,0.5000,3.2433,5.000,0.500,2.500,0.000,0.000,0.200,0.500,1.000,0.500,1.000
86.000,0,-2.5249,0.5000,4.6350,5.000,0.500,2.500,0.000,0.000,0.200,0.500,1.000,0.500,1.000
86.000,1,-2.5562,0.5000,-0.7450,5.000,0.500,2.500,0.000,0.000,0.200,0.500,1.000,0.500,1.000
86.000,2,-1.2866,4.7792,1.7285,5.000,0.500,2.500,0.000,0.000,0.200,0.500,1.000,0.500,1.000
86.000,3,-0.5642,2.2045,-5.0000,5.000,0.500,2.500,0.000,0.000,0.200,0.500,1.000,0.500,1.000
86.000,4,3.0399,0.5000,-1.9212,5.000,0.500,2.500,0.000,0.000,0.200,0.500,1.000,0.500,1.000
86.000,5,2.4496,0.5000,3.2393,5.000,0.500,2.500,0.000,0.000,0.200,0.500,1.000,0.500,1.000
86.200,0,-2.4841,0.5000,4.6351,5.000,0.500,2.500,0.000,0.000,0.200,0.500,1.000,0.500,1.000
86.200,1,-2.5957,0.5000,-0.7630,5.000,0.500,2.500,0.000,0.000,0.200,0.500,1.000,0.500,1.000
86.200,2,-1.3058,4.7625,1.7554,5.000,0.500,2.500,0.000,0.000,0.200,0.500,1.000,0.500,1.000
86.200,3,-0.5056,2.1317,-5.0000,5.000,0.500,2.500,0.000,0.000,0.200,0.500,1.000,0.500,1.000
86.200,4,3.0267,0.5000,-1.8598,5.000,0.500,2.500,0.000,0.000,0.200,0.500,1.000,0.500,1.000
86.200,5,2.4646,0.5000,3.2339,5.000,0.500,2.500,0.000,0.000,0.200,0.500,1.000,0.500,1.000
86.400,0,-2.4484,0.5000,4.6230,5.000,0.500,2.500,0.000,0.000,0.200,0.500,1.000,0.500,1.000
86.400,1,-2.6379,0.5000,-0.7655,5.000,0.500,2.500,0.000,0.000,0.200,0.500,1.000,0.500,1.000
86.400,2,-1.3250,4.7378,1.7759,5.000,0.500,2.500,0.000,0.000,0.200,0.500,1.000,0.500,1.000
86.400,3,-0.4535,2.0770,-5.0000,5.000,0.500,2.500,0.000,0.000,0.200,0.500,1.000,0.500,1.000
86.400,4,3.0327,0.5000,-1.7900,5.000,0.500,2.500,0.000,0.000,0.200,0.500,1.000,0.500,1.000
86.400,5,2.4713,0.5000,3.2332,5.000,0.500,2.500,0.000,0.000,0.200,0.500,1.000,0.500,1.000
86.600,0,-2.4126,0.5000,4.5996,5.000,0.500,2.500,0.000,0.000,0.200,0.500,1.000,0.500,1.000
86.600,1,-2.6800,0.5000,-0.7728,5.000,0.500,2.500,0.000,0.000,0.200,0.500,1.000,0.500,1.000
86.600,2,-1.3429,4.7063,1.7944,5.000,0.500,2.500,0.000,0.000,0.200,0.500,1.000,0.500,1.000
86.600,3,-0.4188,2.0304,-5.0000,5.000,0.500,2.500,0.000,0.000,0.200,0.500,1.000,0.500,1.000
86.600,4,3.0569,0.5000,-1.7172,5.000,0.500,2.500,0.000,0.000,0.200,0.500,1.000,0.500,1.000
86.600,5,2.4709,0.5000,3.2395,5.000,0.500,2.500,0.000,0.000,0.200,0.500,1.000,0.500,1.000
86.800,0,-2.3820,0.5000,4.5652,5.000,0.500,2.500,0.000,0.000,0.200,0.500,1.000,0.500,1.000
86.800,1,-2.7202,0.5000,-0.7885,5.000,0.500,2.500,0.000,0.000,0.200,0.500,1.000,0.500,1.000
86.800,2,-1.3590,4.6689,1.8072,5.000,0.500,2.500,0.000,0.000,0.200,0.500,1.000,0.500,1.000
86.800,3,-0.3791,1.9817,-5.0000,5.000,0.500,2.500,0.000,0.000,0.200,0.500,1.000,0.500,1.000
86.800,4,3.0864,0.5000,-1.6713,5.000,0.500,2.500,0.000,0.000,0.200,0.500,1.000,0.500,1.000
86.800,5,2.4625,0.5000,3.2748,5.000,0.500,2.500,0.000,0.000,0.200,0.500,1.000,0.500,1.000
87.000,0,-2.3664,0.5000,4.5293,5.000,0.500,2.500,0.000,0.000,0.200,0.500,1.000,0.500,1.000
87.000,1,-2.7595,0.5000,-0.8103,5.000,0.500,2.500,0.000,0.000,0.200,0.500,1.000,0.500,1.000
87.000,2,-1.3771,4.6266,1.8149,5.000,0.500,2.500,0.000,0.000,0.200,0.500,1.000,0.500,1.000
87.000,3,-0.3339,1.9290,-5.0000,5.000,0.500,2.500,0.000,0.000,0.200,0.500,1.000,0.500,1.000
87.000,4,3.1214,0.5000,-1.6547,5.000,0.500,2.500,0.000,0.000,0.200,0.500,1.000,0.500,1.000
87.000,5,2.4619,0.5000,3.3324,5.000,0.500,2.500,0.000,0.000,0.200,0.500,1.000,0.500,1.000
87.200,0,-2.3879,0.5000,4.5003,5.000,0.500,2.500,0.000,0.000,0.200,0.500,1.000,0.500,1.000
87.200,1,-2.7945,0.5000,-0.8369,5.000,0.500,2.500,0.000,0.000,0.200,0.500,1.000,0.500,1.000
87.200,2,-1.3916,4.5817,1.8173,5.000,0.500,2.500,0.000,0.000,0.200,0.500,1.000,0.500,1.000
87.200,3,-0.2831,1.8741,-5.0000,5.000,0.500,2.500,0.000,0.000,0.200,0.500,1.000,0.500,1.000
87.200,4,3.1604,0.5000,-1.6309,5.000,0.500,2.500,0.000,0.000,0.200,0.500,1.000,0.500,1.000
87.200,5,2.4970,0.5000,3.3806,5.000,0.500,2.500,0.000,0.000,0.200,0.500,1.000,0.500,1.000
87.400,0,-2.4244,0.5000,4.4872,5.000,0.500,2.500,0.000,0.000,0.200,0.500,1.000,0.500,1.000
87.400,1,-2.8256,0.5000,-0.8686,5.000,0.500,2.500,0.000,0.000,0.200,0.500,1.000,0.500,1.000
87.400,2,-1.3976,4.5602,1.8002,5.000,0.500,2.500,0.000,0.000,0.200,0.500,1.000,0.500,1.000
87.400,3,-0.2273,1.8156,-5.0000,5.000,0.500,2.500,0.000,0.000,0.200,0.500,1.000,0.500,1.000
87.400,4,3.1980,0.5000,-1.5950,5.000,0.500,2.500,0.000,0.000,0.200,0.500,1.000,0.500,1.000
87.400,5,2.5391,0.5000,3.4229,5.000,0.500,2.500,0.000,0.000,0.200,0.500,1.000,0.500,1.000
87.600,0,-2.4607,0.5000,4.4917,5.000,0.500,2.500,0.000,0.000,0.200,0.500,1.000,0.500,1.000
87.600,1,-2.8544,0.5000,-0.9059,5.000,0.500,2.500,0.000,0.000,0.200,0.500,1.000,0.500,1.000
87.600,2,-1.3963,4.5686,1.7602,5.000,0.500,2.500,0.000,0.000,0.200,0.500,1.000,0.500,1.000
87.600,3,-0.1650,1.7537,-5.0000,5.000,0.500,2.500,0.000,0.000,0.200,0.500,1.000,0.500,1.000
87.600,4,3.2371,0.5000,-1.5464,5.000,0.500,2.500,0.000,0.000,0.200,0.500,1.000,0.500,1.000
87.600,5,2.5737,0.5000,3.4638,5.000,0.500,2.500,0.000,0.000,0.200,0.500,1.000,0.500,1.000
87.800,0,-2.4935,0.5000,4.4933,5.000,0.500,2.500,0.000,0.000,0.200,0.500,1.000,0.500,1.000
87.800,1,-2.8800,0.5000,-0.9454,5.000,0.500,2.500,0.000,0.000,0.200,0.500,1.000,0.500,1.000
87.800,2,-1.3926,4.5807,1.7091,5.000,0.500,2.500,0.000,0.000,0.200,0.500,1.000,0.500,1.000
87.800,3,-0.0995,1.6907,-5.0000,5.000,0.500,2.500,0.000,0.000,0.200,0.500,1.000,0.500,1.000
87.800,4,3.2761,0.5000,-1.4871,5.000,0.500,2.500,0.000,0.000,0.200,0.500,1.000,0.500,1.000
87.800,5,2.5999,0.5000,3.5045,5.000,0.500,2.500,0.000,0.000,0.200,0.500,1.000,0.500,1.000
88.000,0,-2.5219,0.5000,4.4838,5.000,0.500,2.500,0.000,0.000,0.200,0.500,1.000,0.500,1.000
88.000,1,-2.9024,0.5000,-0.9897,5.000,0.500,2.500,0.000,0.000,0.200,0.500,1.000,0.500,1.000
88.000,2,-1.3881,4.5876,1.6569,5.000,0.500,2.500,0.000,0.000,0.200,0.500,1.000,0.500,1.000
88.000,3,-0.0295,1.6255,-5.0000,5.000,0.500,2.500,0.000,0.000,0.200,0.500,1.000,0.500,1.000
88.000,4,3.3141,0.5000,-1.4254,5.000,0.500,2.500,0.000,0.000,0.200,0.500,1.000,0.500,1.000
88.000,5,2.6187,0.5000,3.5450,5.000,0.500,2.500,0.000,0.000,0.200,0.500,1.000,0.500,1.000
88.200,0,-2.5496,0.5000,4.4679,5.000,0.500,2.500,0.000,0.000,0.200,0.500,1.000,0.500,1.000
88.200,1,-2.9227,0.5000,-1.0378,5.000,0.500,2.500,0.000,0.000,0.200,0.500,1.000,0.500,1.000
88.200,2,-1.3826,4.5870,1.6004,5.000,0.500,2.500,0.000,0.000,0.200,0.500,1.000,0.500,1.000
88.200,3,0.0446,1.5614,-5.0000,5.000,0.500,2.500,0.000,0.000,0.200,0.500,1.000,0.500,1.000
88.200,4,3.3482,0.5000,-1.3617,5.000,0.500,2.500,0.000,0.000,0.200,0.500,1.000,0.500,1.000
88.200,5,2.6300,0.5000,3.5842,5.000,0.500,2.500,0.000,0.000,0.200,0.500,1.000,0.500,1.000
88.400,0,-2.5809,0.5000,4.4453,5.000,0.500,2.500,0.000,0.000,0.200,0.500,1.000,0.500,1.000
88.400,1,-2.9399,0.5000,-1.0902,5.000,0.500,2.500,0.000,0.000,0.200,0.500,1.000,0.500,1.000
88.400,2,-1.3751,4.5794,1.5398,5.000,0.500,2.500,0.000,0.000,0.200,0.500,1.000,0.500,1.000
88.400,3,0.1194,1.4969,-5.0000,5.000,0.500,2.500,0.000,0.000,0.200,0.500,1.000,0.500,1.000
88.400,4,3.3815,0.5000,-1.3116,5.000,0.500,2.500,0.000,0.000,0.200,0.500,1.000,0.500,1.000
88.400,5,2.6341,0.5000,3.6464,5.000,0.500,2.500,0.000,0.000,0.200,0.500,1.000,0.500,1.000
88.600,0,-2.6144,0.5000,4.4163,5.000,0.500,2.500,0.000,0.000,0.200,0.500,1.000,0.500,1.000
88.600,1,-2.9537,0.5000,-1.1481,5.000,0.500,2.500,0.000,0.000,0.200,0.500,1.000,0.500,1.000
88.600,2,-1.3689,4.5645,1.4704,5.000,0.500,2.500,0.000,0.000,0.200,0.500,1.000,0.500,1.000
88.600,3,0.1959,1.4333,-5.0000,5.000,0.500,2.500,0.000,0.000,0.200,0.500,1.000,0.500,1.000
88.600,4,3.4151,0.5000,-1.2600,5.000,0.500,2.500,0.000,0.000,0.200,0.500,1.000,0.500,1.000
88.600,5,2.6332,0.5000,3.7124,5.000,0.500,2.500,0.000,0.000,0.200,0.500,1.000,0.500,1.000
88.800,0,-2.6466,0.5000,4.3778,5.000,0.500,2.500,0.000,0.000,0.200,0.500,1.000,0.500,1.000
88.800,1,-2.9641,0.5000,-1.2078,5.000,0.500,2.500,0.000,0.000,0.200,0.500,1.000,0.500,1.000
88.800,2,-1.3588,4.5423,1.3941,5.000,0.500,2.500,0.000,0.000,0.200,0.500,1.000,0.500,1.000
88.800,3,0.2726,1.3695,-4.9973,5.000,0.500,2.500,0.000,0.000,0.200,0.500,1.000,0.500,1.000
88.800,4,3.4482,0.5000,-1.2009,5.000,0.500,2.500,0.000,0.000,0.200,0.500,1.000,0.500,1.000
88.800,5,2.6275,0.5000,3.7739,5.000,0.500,2.500,0.000,0.000,0.200,0.500,1.000,0.500,1.000
89.000,0,-2.6780,0.5000,4.3327,5.000,0.500,2.500,0.000,0.000,0.200,0.500,1.000,0.500,1.000
89.000,1,-2.9698,0.5000,-1.2679,5.000,0.500,2.500,0.000,0.000,0.200,0.500,1.000,0.500,1.000
89.000,2,-1.3402,4.5148,1.3159,5.000,0.500,2.500,0.000,0.000,0.200,0.500,1.000,0.500,1.000
89.000,3,0.3487,1.3051,-4.9895,5.000,0.500,2.500,0.000,0.000,0.200,0.500,1.000,0.500,1.000
89.000,4,3.4760,0.5000,-1.1363,5.000,0.500,2.500,0.000,0.000,0.200,0.500,1.000,0.500,1.000
89.000,5,2.6105,0.5000,3.8330,5.000,0.500,2.500,0.000,0.000,0.200,0.500,1.000,0.500,1.000
89.200,0,-2.7069,0.5000,4.2802,5.000,0.500,2.500,0.000,0.000,0.200,0.500,1.000,0.500,1.000
89.200,1,-2.9701,0.5000,-1.3284,5.000,0.500,2.500,0.000,0.000,0.200,0.500,1.000,0.500,1.000
89.200,2,-1.3134,4.4803,1.2358,5.000,0.500,2.500,0.000,0.000,0.200,0.500,1.000,0.500,1.000
89.200,3,0.4227,1.2410,-4.9724,5.000,0.500,2.500,0.000,0.000,0.200,0.500,1.000,0.500,1.000
89.200,4,3.4981,0.5000,-1.0672,5.000,0.500,2.500,0.000,0.000,0.200,0.500,1.000,0.500,1.000
89.200,5,2.5859,0.5000,3.8931,5.000,0.500,2.500,0.000,0.000,0.200,0.500,1.000,0.500,1.000
89.400,0,-2.7320,0.5000,4.2236,5.000,0.500,2.500,0.000,0.000,0.200,0.500,1.000,0.500,1.000
89.400,1,-2.9684,0.5000,-1.3908,5.000,0.500,2.500,0.000,0.000,0.200,0.500,1.000,0.500,1.000
89.400,2,-1.2826,4.4428,1.1545,5.000,0.500,2.500,0.000,0.000,0.200,0.500,1.000,0.500,1.000
89.400,3,0.4957,1.1775,-4.9504,5.000,0.500,2.500,0.000,0.000,0.200,0.500,1.000,0.500,1.000
89.400,4,3.5127,0.5000,-0.9916,5.000,0.500,2.500,0.000,0.000,0.200,0.500,1.000,0.500,1.000
89.400,5,2.5554,0.5000,3.9486,5.000,0.500,2.500,0.000,0.000,0.200,0.500,1.000,0.500,1.000
89.600,0,-2.7567,0.5000,4.1638,5.000,0.500,2.500,0.000,0.000,0.200,0.500,1.000,0.500,1.000
89.600,1,-2.9738,0.5000,-1.4519,5.000,0.500,2.500,0.000,0.000,0.200,0.500,1.000,0.500,1.000
89.600,2,-1.2393,4.4286,1.0865,5.000,0.500,2.500,0.000,0.000,0.200,0.500,1.000,0.500,1.000
89.600,3,0.5698,1.1156,-4.9266,5.000,0.500,2.500,0.000,0.000,0.200,0.500,1.000,0.500,1.000
89.600,4,3.5179,0.5000,-0.9133,5.000,0.500,2.500,0.000,0.000,0.200,0.500,1.000,0.500,1.000
89.600,5,2.5162,0.5000,4.0015,5.000,0.500,2.500,0.000,0.000,0.200,0.500,1.000,0.500,1.000
89.800,0,-2.7802,0.5000,4.1017,5.000,0.500,2.500,0.000,0.000,0.200,0.500,1.000,0.500,1.000
89.800,1,-2.9828,0.5000,-1.5103,5.000,0.500,2.500,0.000,0.000,0.200,0.500,1.000,0.500,1.000
89.800,2,-1.1827,4.4359,1.0311,5.000,0.500,2.500,0.000,0.000,0.200,0.500,1.000,0.500,1.000
89.800,3,0.6517,1.0603,-4.9135,5.000,0.500,2.500,0.000,0.000,0.200,0.500,1.000,0.500,1.000
89.800,4,3.5166,0.5000,-0.8339,5.000,0.500,2.500,0.000,0.000,0.200,0.500,1.000,0.500,1.000
89.800,5,2.4725,0.5000,4.0540,5.000,0.500,2.500,0.000,0.000,0.200,0.500,1.000,0.500,1.000
90.000,0,-2.8011,0.5000,4.0368,5.000,0.500,2.500,0.000,0.000,0.200,0.500,1.000,0.500,1.000
90.000,1,-2.9830,0.5000,-1.5672,5.000,0.500,2.500,0.000,0.000,0.200,0.500,1.000,0.500,1.000
90.000,2,-1.1236,4.4379,0.9737,5.000,0.500,2.500,0.000,0.000,0.200,0.500,1.000,0.500,1.000
90.000,3,0.7309,1.0041,-4.8919,5.000,0.500,2.500,0.000,0.000,0.200,0.500,1.000,0.500,1.000
90.000,4,3.5140,0.5000,-0.7674,5.000,0.500,2.500,0.000,0.000,0.200,0.500,1.000,0.500,1.000
90.000,5,2.4277,0.5000,4.1226,5.000,0.500,2.500,0.000,0.000,0.200,0.500,1.000,0.500,1.000
90.200,0,-2.8182,0.5000,3.9689,5.000,0.500,2.500,0.000,0.000,0.200,0.500,1.000,0.500,1.000
90.200,1,-2.9742,0.5000,-1.6265,5.000,0.500,2.500,0.000,0.000,0.200,0.500,1.000,0.500,1.000
90.200,2,-1.0598,4.4334,0.9146,5.000,0.500,2.500,0.000,0.000,0.200,0.500,1.000,0.500,1.000
90.200,3,0.8092,0.9491,-4.8645,5.000,0.500,2.500,0.000,0.000,0.200,0.500,1.000,0.500,1.000
90.200,4,3.5229,0.5000,-0.6846,5.000,0.500,2.500,0.000,0.000,0.200,0.500,1.000,0.500,1.000
90.200,5,2.3805,0.5000,4.1907,5.000,0.500,2.500,0.000,0.000,0.200,0.500,1.000,0.500,1.000
90.400,0,-2.8330,0.5000,3.8982,5.000,0.500,2.500,0.000,0.000,0.200,0.500,1.000,0.500,1.000
90.400,1,-2.9619,0.5000,-1.6888,5.000,0.500,2.500,0.000,0.000,0.200,0.500,1.000,0.500,1.000
90.400,2,-0.9882,4.4227,0.8520,5.000,0.500,2.500,0.000,0.000,0.200,0.500,1.000,0.500,1.000
90.400,3,0.8974,0.9043,-4.8559,5.000,0.500,2.500,0.000,0.000,0.200,0.500,1.000,0.500,1.000
90.400,4,3.5370,0.5000,-0.5974,5.000,0.500,2.500,0.000,0.000,0.200,0.500,1.000,0.500,1.000
90.400,5,2.3312,0.5000,4.2629,5.000,0.500,2.500,0.000,0.000,0.200,0.500,1.000,0.500,1.000
90.600,0,-2.8517,0.5000,3.8250,5.000,0.500,2.500,0.000,0.000,0.200,0.500,1.000,0.500,1.000
90.600,1,-2.9404,0.5000,-1.7512,5.000,0.500,2.500,0.000,0.000,0.200,0.500,1.000,0.500,1.000
90.600,2,-0.9153,4.4054,0.7866,5.000,0.500,2.500,0.000,0.000,0.200,0.500,1.000,0.500,1.000
90.600,3,0.9818,0.8609,-4.8483,5.000,0.500,2.500,0.000,0.000,0.200,0.500,1.000,0.500,1.000
90.600,4,3.5477,0.5000,-0.5091,5.000,0.500,2.500,0.000,0.000,0.200,0.500,1.000,0.500,1.000
90.600,5,2.2813,0.5000,4.3359,5.000,0.500,2.500,0.000,0.000,0.200,0.500,1.000,0.500,1.000
90.800,0,-2.8717,0.5000,3.7461,5.000,0.500,2.500,0.000,0.000,0.200,0.500,1.000,0.500,1.000
90.800,1,-2.9076,0.5000,-1.8164,5.000,0.500,2.500,0.000,0.000,0.200,0.500,1.000,0.500,1.000
90.800,2,-0.8438,4.3812,0.7223,5.000,0.500,2.500,0.000,0.000,0.200,0.500,1.000,0.500,1.000
90.800,3,1.0691,0.8173,-4.8362,5.000,0.500,2.500,0.000,0.000,0.200,0.500,1.000,0.500,1.000
90.800,4,3.5498,0.5000,-0.4194,5.000,0.500,2.500,0.000,0.000,0.200,0.500,1.000,0.500,1.000
90.800,5,2.2284,0.5000,4.4101,5.000,0.500,2.500,0.000,0.000,0.200,0.500,1.000,0.500,1.000
91.000,0,-2.8893,0.5000,3.6650,5.000,0.500,2.500,0.000,0.000,0.200,0.500,1.000,0.500,1.000
91.000,1,-2.8670,0.5000,-1.8802,5.000,0.500,2.500,0.000,0.000,0.200,0.500,1.000,0.500,1.000
91.000,2,-0.7708,4.3507,0.6616,5.000,0.500,2.500,0.000,0.000,0.200,0.500,1.000,0.500,1.000
91.000,3,1.1627,0.7826,-4.8376,5.000,0.500,2.500,0.000,0.000,0.200,0.500,1.000,0.500,1.000
91.000,4,3.5491,0.5000,-0.3292,5.000,0.500,2.500,0.000,0.000,0.200,0.500,1.000,0.500,1.000
91.000,5,2.1720,0.5000,4.4850,5.000,0.500,2.500,0.000,0.000,0.200,0.500,1.000,0.500,1.000
91.200,0,-2.9093,0.5000,3.5824,5.000,0.500,2.500,0.000,0.000,0.200,0.500,1.000,0.500,1.000
91.200,1,-2.8205,0.5000,-1.9441,5.000,0.500,2.500,0.000,0.000,0.200,0.500,1.000,0.500,1.000
91.200,2,-0.6996,4.3149,0.6017,5.000,0.500,2.500,0.000,0.000,0.200,0.500,1.000,0.500,1.000
91.200,3,1.2572,0.7535,-4.8444,5.000,0.500,2.500,0.000,0.000,0.200,0.500,1.000,0.500,1.000
91.200,4,3.5452,0.5000,-0.2382,5.000,0.500,2.500,0.000,0.000,0.200,0.500,1.000,0.500,1.000
91.200,5,2.1138,0.5000,4.5602,5.000,0.500,2.500,0.000,0.000,0.200,0.500,1.000,0.500,1.000
91.400,0,-2.9245,0.5000,3.4962,5.000,0.500,2.500,0.000,0.000,0.200,0.500,1.000,0.500,1.000
91.400,1,-2.7699,0.5000,-2.0085,5.000,0.500,2.500,0.000,0.000,0.200,0.500,1.000,0.500,1.000
91.400,2,-0.6291,4.2734,0.5448,5.000,0.500,2.500,0.000,0.000,0.200,0.500,1.000,0.500,1.000
91.400,3,1.3522,0.7240,-4.8468,5.000,0.500,2.500,0.000,0.000,0.200,0.500,1.000,0.500,1.000
91.400,4,3.5331,0.5000,-0.1471,5.000,0.500,2.500,0.000,0.000,0.200,0.500,1.000,0.500,1.000
91.400,5,2.0578,0.5000,4.6385,5.000,0.500,2.500,0.000,0.000,0.200,0.500,1.000,0.500,1.000
91.600,0,-2.9390,0.5000,3.4085,5.000,0.500,2.500,0.000,0.000,0.200,0.500,1.000,0.500,1.000
91.600,1,-2.7112,0.5000,-2.0698,5.000,0.500,2.500,0.000,0.000,0.200,0.500,1.000,0.500,1.000
91.600,2,-0.5597,4.2279,0.4897,5.000,0.500,2.500,0.000,0.000,0.200,0.500,1.000,0.500,1.000
91.600,3,1.4483,0.6969,-4.8460,5.000,0.500,2.500,0.000,0.000,0.200,0.500,1.000,0.500,1.000
91.600,4,3.5120,0.5000,-0.0570,5.000,0.500,2.500,0.000,0.000,0.200,0.500,1.000,0.500,1.000
91.600,5,2.0020,0.5000,4.7177,5.000,0.500,2.500,0.000,0.000,0.200,0.500,1.000,0.500,1.000
91.800,0,-2.9501,0.5000,3.3200,5.000,0.500,2.500,0.000,0.000,0.200,0.500,1.000,0.500,1.000
91.800,1,-2.6568,0.5000,-2.1301,5.000,0.500,2.500,0.000,0.000,0.200,0.500,1.000,0.500,1.000
91.800,2,-0.4878,4.1890,0.4369,5.000,0.500,2.500,0.000,0.000,0.200,0.500,1.000,0.500,1.000
91.800,3,1.5449,0.6767,-4.8554,5.000,0.500,2.500,0.000,0.000,0.200,0.500,1.000,0.500,1.000
91.800,4,3.4863,0.5000,0.0334,5.000,0.500,2.500,0.000,0.000,0.200,0.500,1.000,0.500,1.000
91.800,5,1.9471,0.5000,4.7986,5.000,0.500,2.500,0.000,0.000,0.200,0.500,1.000,0.500,1.000
92.000,0,-2.9538,0.5000,3.2290,5.000,0.500,2.500,0.000,0.000,0.200,0.500,1.000,0.500,1.000
92.000,1,-2.6221,0.5000,-2.1933,5.000,0.500,2.500,0.000,0.000,0.200,0.500,1.000,0.500,1.000
92.000,2,-0.4012,4.1722,0.4007,5.000,0.500,2.500,0.000,0.000,0.200,0.500,1.000,0.500,1.000
92.000,3,1.6366,0.6570,-4.8602,5.000,0.500,2.500,0.000,0.000,0.200,0.500,1.000,0.500,1.000
92.000,4,3.4515,0.5000,0.1218,5.000,0.500,2.500,0.000,0.000,0.200,0.500,1.000,0.500,1.000
92.000,5,1.8928,0.5000,4.8812,5.000,0.500,2.500,0.000,0.000,0.200,0.500,1.000,0.500,1.000
92.200,0,-2.9531,0.5000,3.1372,5.000,0.500,2.500,0.000,0.000,0.200,0.500,1.000,0.500,1.000
92.200,1,-2.5843,0.5000,-2.2543,5.000,0.500,2.500,0.000,0.000,0.200,0.500,1.000,0.500,1.000
92.200,2,-0.3090,4.1516,0.3714,5.000,0.500,2.500,0.000,0.000,0.200,0.500,1.000,0.500,1.000
92.200,3,1.7288,0.6358,-4.8589,5.000,0.500,2.500,0.000,0.000,0.200,0.500,1.000,0.500,1.000
92.200,4,3.4107,0.5000,0.2078,5.000,0.500,2.500,0.000,0.000,0.200,0.500,1.000,0.500,1.000
92.200,5,1.8387,0.5000,4.9625,5.000,0.500,2.500,0.000,0.000,0.200,0.500,1.000,0.500,1.000
92.400,0,-2.9517,0.5000,3.0430,5.000,0.500,2.500,0.000,0.000,0.200,0.500,1.000,0.500,1.000
92.400,1,-2.5404,0.5000,-2.3150,5.000,0.500,2.500,0.000,0.000,0.200,0.500,1.000,0.500,1.000
92.400,2,-0.2184,4.1264,0.3381,5.000,0.500,2.500,0.000,0.000,0.200,0.500,1.000,0.500,1.000
92.400,3,1.8211,0.6129,-4.8514,5.000,0.500,2.500,0.000,0.000,0.200,0.500,1.000,0.500,1.000
92.400,4,3.3649,0.5000,0.2874,5.000,0.500,2.500,0.000,0.000,0.200,0.500,1.000,0.500,1.000
92.400,5,1.7851,0.5000,5.0000,5.000,0.500,2.500,0.000,0.000,0.200,0.500,1.000,0.500,1.000
92.600,0,-2.9462,0.5000,2.9487,5.000,0.500,2.500,0.000,0.000,0.200,0.500,1.000,0.500,1.000
92.600,1,-2.4907,0.5000,-2.3757,5.000,0.500,2.500,0.000,0.000,0.200,0.500,1.000,0.500,1.000
92.600,2,-0.1279,4.0969,0.3092,5.000,0.500,2.500,0.000,0.000,0.200,0.500,1.000,0.500,1.000
92.600,3,1.9092,0.5901,-4.8347,5.000,0.500,2.500,0.000,0.000,0.200,0.500,1.000,0.500,1.000
92.600,4,3.3258,0.5000,0.3339,5.000,0.500,2.500,0.000,0.000,0.200,0.500,1.000,0.500,1.000
92.600,5,1.7354,0.5000,5.0000,5.000,0.500,2.500,0.000,0.000,0.200,0.500,1.000,0.500,1.000
92.800,0,-2.9369,0.5000,2.8542,5.000,0.500,2.500,0.000,0.000,0.200,0.500,1.000,0.500,1.000
92.800,1,-2.4354,0.5000,-2.4287,5.000,0.500,2.500,0.000,0.000,0.200,0.500,1.000,0.500,1.000
92.800,2,-0.0541,4.0832,0.2803,5.000,0.500,2.500,0.000,0.000,0.200,0.500,1.000,0.500,1.000
92.800,3,1.9939,0.5670,-4.8059,5.000,0.500,2.500,0.000,0.000,0.200,0.500,1.000,0.500,1.000
92.800,4,3.3059,0.5000,0.3511,5.000,0.500,2.500,0.000,0.000,0.200,0.500,1.000,0.500,1.000
92.800,5,1.6890,0.5000,5.0000,5.000,0.500,2.500,0.000,0.000,0.200,0.500,1.000,0.500,1.000
93.000,0,-2.9221,0.5000,2.7597,5.000,0.500,2.500,0.000,0.000,0.200,0.500,1.000,0.500,1.000
93.000,1,-2.3722,0.5000,-2.4749,5.000,0.500,2.500,0.000,0.000,0.200,0.500,1.000,0.500,1.000
93.000,2,-0.0067,4.0990,0.2511,5.000,0.500,2.500,0.000,0.000,0.200,0.500,1.000,0.500,1.000
93.000,3,2.0803,0.5442,-4.7668,5.000,0.500,2.500,0.000,0.000,0.200,0.500,1.000,0.500,1.000
93.000,4,3.3100,0.5000,0.3438,5.000,0.500,2.500,0.000,0.000,0.200,0.500,1.000,0.500,1.000
93.000,5,1.6464,0.5000,5.0000,5.000,0.500,2.500,0.000,0.000,0.200,0.500,1.000,0.500,1.000
93.200,0,-2.9002,0.5000,2.6664,5.000,0.500,2.500,0.000,0.000,0.200,0.500,1.000,0.500,1.000
93.200,1,-2.3083,0.5000,-2.5136,5.000,0.500,2.500,0.000,0.000,0.200,0.500,1.000,0.500,1.000
93.200,2,0.0132,4.1433,0.2227,5.000,0.500,2.500,0.000,0.000,0.200,0.500,1.000,0.500,1.000
93.200,3,2.1724,0.5244,-4.7346,5.000,0.500,2.500,0.000,0.000,0.200,0.500,1.000,0.500,1.000
93.200,4,3.3382,0.5000,0.3134,5.000,0.500,2.500,0.000,0.000,0.200,0.500,1.000,0.500,1.000
93.200,5,1.6056,0.5000,5.0000,5.000,0.500,2.500,0.000,0.000,0.200,0.500,1.000,0.500,1.000
93.400,0,-2.8757,0.5000,2.5734,5.000,0.500,2.500,0.000,0.000,0.200,0.500,1.000,0.500,1.000
93.400,1,-2.2511,0.5000,-2.5426,5.000,0.500,2.500,0.000,0.000,0.200,0.500,1.000,0.500,1.000
93.400,2,0.0068,4.2156,0.1959,5.000,0.500,2.500,0.000,0.000,0.200,0.500,1.000,0.500,1.000
93.400,3,2.2685,0.5086,-4.7132,5.000,0.500,2.500,0.000,0.000,0.200,0.500,1.000,0.500,1.000
93.400,4,3.3793,0.5000,0.2797,5.000,0.500,2.500,0.000,0.000,0.200,0.500,1.000,0.500,1.000
93.400,5,1.5586,0.5000,5.0000,5.000,0.500,2.500,0.000,0.000,0.200,0.500,1.000,0.500,1.000
93.600,0,-2.8514,0.5000,2.4795,5.000,0.500,2.500,0.000,0.000,0.200,0.500,1.000,0.500,1.000
93.600,1,-2.1872,0.5000,-2.5753,5.000,0.500,2.500,0.000,0.000,0.200,0.500,1.000,0.500,1.000
93.600,2,-0.0062,4.2924,0.1753,5.000,0.500,2.500,0.000,0.000,0.200,0.500,1.000,0.500,1.000
93.600,3,2.3620,0.5000,-4.6822,5.000,0.500,2.500,0.000,0.000,0.200,0.500,1.000,0.500,1.000
93.600,4,3.4173,0.5000,0.2523,5.000,0.500,2.500,0.000,0.000,0.200,0.500,1.000,0.500,1.000
93.600,5,1.5061,0.5000,5.0000,5.000,0.500,2.500,0.000,0.000,0.200,0.500,1.000,0.500,1.000
93.800,0,-2.8250,0.5000,2.3855,5.000,0.500,2.500,0.000,0.000,0.200,0.500,1.000,0.500,1.000
93.800,1,-2.1179,0.5000,-2.6057,5.000,0.500,2.500,0.000,0.000,0.200,0.500,1.000,0.500,1.000
93.800,2,-0.0217,4.3605,0.1573,5.000,0.500,2.500,0.000,0.000,0.200,0.500,1.000,0.500,1.000
93.800,3,2.4512,0.5000,-4.6428,5.000,0.500,2.500,0.000,0.000,0.200,0.500,1.000,0.500,1.000
93.800,4,3.4496,0.5000,0.2303,5.000,0.500,2.500,0.000,0.000,0.200,0.500,1.000,0.500,1.000
93.800,5,1.4520,0.5000,5.0000,5.000,0.500,2.500,0.000,0.000,0.200,0.500,1.000,0.500,1.000
94.000,0,-2.8003,0.5000,2.2922,5.000,0.500,2.500,0.000,0.000,0.200,0.500,1.000,0.500,1.000
94.000,1,-2.0426,0.5000,-2.6377,5.000,0.500,2.500,0.000,0.000,0.200,0.500,1.000,0.500,1.000
94.000,2,-0.0388,4.4214,0.1418,5.000,0.500,2.500,0.000,0.000,0.200,0.500,1.000,0.500,1.000
94.000,3,2.5483,0.5000,-4.6296,5.000,0.500,2.500,0.000,0.000,0.200,0.500,1.000,0.500,1.000
94.000,4,3.4880,0.5000,0.2423,5.000,0.500,2.500,0.000,0.000,0.200,0.500,1.000,0.500,1.000
94.000,5,1.3955,0.5000,5.0000,5.000,0.500,2.500,0.000,0.000,0.200,0.500,1.000,0.500,1.000
94.200,0,-2.8037,0.5000,2.2114,5.000,0.500,2.500,0.000,0.000,0.200,0.500,1.000,0.500,1.000
94.200,1,-1.9734,0.5000,-2.6926,5.000,0.500,2.500,0.000,0.000,0.200,0.500,1.000,0.500,1.000
94.200,2,-0.0535,4.4743,0.1255,5.000,0.500,2.500,0.000,0.000,0.200,0.500,1.000,0.500,1.000
94.200,3,2.6447,0.5000,-4.6503,5.000,0.500,2.500,0.000,0.000,0.200,0.500,1.000,0.500,1.000
94.200,4,3.5276,0.5000,0.2889,5.000,0.500,2.500,0.000,0.000,0.200,0.500,1.000,0.500,1.000
94.200,5,1.3545,0.5000,5.0000,5.000,0.500,2.500,0.000,0.000,0.200,0.500,1.000,0.500,1.000
94.400,0,-2.8178,0.5000,2.1654,5.000,0.500,2.500,0.000,0.000,0.200,0.500,1.000,0.500,1.000
94.400,1,-1.9136,0.5000,-2.7648,5.000,0.500,2.500,0.000,0.000,0.200,0.500,1.000,0.500,1.000
94.400,2,-0.0654,4.5202,0.1094,5.000,0.500,2.500,0.000,0.000,0.200,0.500,1.000,0.500,1.000
94.400,3,2.7370,0.5000,-4.6759,5.000,0.500,2.500,0.000,0.000,0.200,0.500,1.000,0.500,1.000
94.400,4,3.5597,0.5000,0.3438,5.000,0.500,2.500,0.000,0.000,0.200,0.500,1.000,0.500,1.000
94.400,5,1.3114,0.5000,5.0000,5.000,0.500,2.500,0.000,0.000,0.200,0.500,1.000,0.500,1.000
94.600,0,-2.8329,0.5000,2.1231,5.000,0.500,2.500,0.000,0.000,0.200,0.500,1.000,0.500,1.000
94.600,1,-1.8513,0.5000,-2.8373,5.000,0.500,2.500,0.000,0.000,0.200,0.500,1.000,0.500,1.000
94.600,2,-0.0706,4.5587,0.0923,5.000,0.500,2.500,0.000,0.000,0.200,0.500,1.000,0.500,1.000
94.600,3,2.8232,0.5000,-4.6932,5.000,0.500,2.500,0.000,0.000,0.200,0.500,1.000,0.500,1.000
94.600,4,3.5778,0.5000,0.4011,5.000,0.500,2.500,0.000,0.000,0.200,0.500,1.000,0.500,1.000
94.600,5,1.2662,0.5000,5.0000,5.000,0.500,2.500,0.000,0.000,0.200,0.500,1.000,0.500,1.000
94.800,0,-2.8489,0.5000,2.0681,5.000,0.500,2.500,0.000,0.000,0.200,0.500,1.000,0.500,1.000
94.800,1,-1.7826,0.5000,-2.9040,5.000,0.500,2.500,0.000,0.000,0.200,0.500,1.000,0.500,1.000
94.800,2,-0.0686,4.5912,0.0793,5.000,0.500,2.500,0.000,0.000,0.200,0.500,1.000,0.500,1.000
94.800,3,2.9053,0.5000,-4.6962,5.000,0.500,2.500,0.000,0.000,0.200,0.500,1.000,0.500,1.000
94.800,4,3.5864,0.5000,0.4613,5.000,0.500,2.500,0.000,0.000,0.200,0.500,1.000,0.500,1.000
94.800,5,1.2190,0.5000,5.0000,5.000,0.500,2.500,0.000,0.000,0.200,0.500,1.000,0.500,1.000
95.000,0,-2.8597,0.5000,1.9993,5.000,0.500,2.500,0.000,0.000,0.200,0.500,1.000,0.500,1.000
95.000,1,-1.7081,0.5000,-2.9648,5.000,0.500,2.500,0.000,0.000,0.200,0.500,1.000,0.500,1.000
95.000,2,-0.0628,4.6168,0.0710,5.000,0.500,2.500,0.000,0.000,0.200,0.500,1.000,0.500,1.000
95.000,3,2.9876,0.5000,-4.6912,5.000,0.500,2.500,0.000,0.000,0.200,0.500,1.000,0.500,1.000
95.000,4,3.5850,0.5000,0.5237,5.000,0.500,2.500,0.000,0.000,0.200,0.500,1.000,0.500,1.000
95.000,5,1.1711,0.5000,5.0000,5.000,0.500,2.500,0.000,0.000,0.200,0.500,1.000,0.500,1.000
95.200,0,-2.8663,0.5000,1.9204,5.000,0.500,2.500,0.000,0.000,0.200,0.500,1.000,0.500,1.000
95.200,1,-1.6289,0.5000,-3.0182,5.000,0.500,2.500,0.000,0.000,0.200,0.500,1.000,0.500,1.000
95.200,2,-0.0533,4.6349,0.0642,5.000,0.500,2.500,0.000,0.000,0.200,0.500,1.000,0.500,1.000
95.200,3,3.0861,0.5000,-4.6915,5.000,0.500,2.500,0.000,0.000,0.200,0.500,1.000,0.500,1.000
95.200,4,3.5771,0.5000,0.5890,5.000,0.500,2.500,0.000,0.000,0.200,0.500,1.000,0.500,1.000
95.200,5,1.1218,0.5000,5.0000,5.000,0.500,2.500,0.000,0.000,0.200,0.500,1.000,0.500,1.000
95.400,0,-2.8660,0.5000,1.8385,5.000,0.500,2.500,0.000,0.000,0.200,0.500,1.000,0.500,1.000
95.400,1,-1.5473,0.5000,-3.0634,5.000,0.500,2.500,0.000,0.000,0.200,0.500,1.000,0.500,1.000
95.400,2,-0.0446,4.6445,0.0560,5.000,0.500,2.500,0.000,0.000,0.200,0.500,1.000,0.500,1.000
95.400,3,3.1853,0.5000,-4.6990,5.000,0.500,2.500,0.000,0.000,0.200,0.500,1.000,0.500,1.000
95.400,4,3.5658,0.5000,0.6554,5.000,0.500,2.500,0.000,0.000,0.200,0.500,1.000,0.500,1.000
95.400,5,1.0689,0.5000,5.0000,5.000,0.500,2.500,0.000,0.000,0.200,0.500,1.000,0.500,1.000
95.600,0,-2.8586,0.5000,1.7518,5.000,0.500,2.500,0.000,0.000,0.200,0.500,1.000,0.500,1.000
95.600,1,-1.4613,0.5000,-3.1024,5.000,0.500,2.500,0.000,0.000,0.200,0.500,1.000,0.500,1.000
95.600,2,-0.0371,4.6455,0.0507,5.000,0.500,2.500,0.000,0.000,0.200,0.500,1.000,0.500,1.000
95.600,3,3.2839,0.5000,-4.7056,5.000,0.500,2.500,0.000,0.000,0.200,0.500,1.000,0.500,1.000
95.600,4,3.5511,0.5000,0.7150,5.000,0.500,2.500,0.000,0.000,0.200,0.500,1.000,0.500,1.000
95.600,5,1.0028,0.5000,5.0000,5.000,0.500,2.500,0.000,0.000,0.200,0.500,1.000,0.500,1.000
95.800,0,-2.8437,0.5000,1.6571,5.000,0.500,2.500,0.000,0.000,0.200,0.500,1.000,0.500,1.000
95.800,1,-1.3715,0.5000,-3.1360,5.000,0.500,2.500,0.000,0.000,0.200,0.500,1.000,0.500,1.000
95.800,2,-0.0287,4.6391,0.0503,5.000,0.500,2.500,0.000,0.000,0.200,0.500,1.000,0.500,1.000
95.800,3,3.3826,0.5000,-4.7080,5.000,0.500,2.500,0.000,0.000,0.200,0.500,1.000,0.500,1.000
95.800,4,3.5522,0.5000,0.7406,5.000,0.500,2.500,0.000,0.000,0.200,0.500,1.000,0.500,1.000
95.800,5,0.9287,0.5000,5.0000,5.000,0.500,2.500,0.000,0.000,0.200,0.500,1.000,0.500,1.000
96.000,0,-2.8295,0.5000,1.5681,5.000,0.500,2.500,0.000,0.000,0.200,0.500,1.000,0.500,1.000
96.000,1,-1.2846,0.5000,-3.1787,5.000,0.500,2.500,0.000,0.000,0.200,0.500,1.000,0.500,1.000
96.000,2,-0.0219,4.6236,0.0529,5.000,0.500,2.500,0.000,0.000,0.200,0.500,1.000,0.500,1.000
96.000,3,3.4820,0.5000,-4.7170,5.000,0.500,2.500,0.000,0.000,0.200,0.500,1.000,0.500,1.000
96.000,4,3.5543,0.5000,0.7537,5.000,0.500,2.500,0.000,0.000,0.200,0.500,1.000,0.500,1.000
96.000,5,0.8563,0.5000,5.0000,5.000,0.500,2.500,0.000,0.000,0.200,0.500,1.000,0.500,1.000
96.200,0,-2.8233,0.5000,1.5078,5.000,0.500,2.500,0.000,0.000,0.200,0.500,1.000,0.500,1.000
96.200,1,-1.2063,0.5000,-3.2380,5.000,0.500,2.500,0.000,0.000,0.200,0.500,1.000,0.500,1.000
96.200,2,-0.0069,4.6000,0.0555,5.000,0.500,2.500,0.000,0.000,0.200,0.500,1.000,0.500,1.000
96.200,3,3.5793,0.5000,-4.7231,5.000,0.500,2.500,0.000,0.000,0.200,0.500,1.000,0.500,1.000
96.200,4,3.5470,0.5000,0.7710,5.000,0.500,2.500,0.000,0.000,0.200,0.500,1.000,0.500,1.000
96.200,5,0.7825,0.5000,5.0000,5.000,0.500,2.500,0.000,0.000,0.200,0.500,1.000,0.500,1.000
96.400,0,-2.8105,0.5000,1.4479,5.000,0.500,2.500,0.000,0.000,0.200,0.500,1.000,0.500,1.000
96.400,1,-1.1253,0.5000,-3.2940,5.000,0.500,2.500,0.000,0.000,0.200,0.500,1.000,0.500,1.000
96.400,2,0.0135,4.5700,0.0616,5.000,0.500,2.500,0.000,0.000,0.200,0.500,1.000,0.500,1.000
96.400,3,3.6737,0.5000,-4.7244,5.000,0.500,2.500,0.000,0.000,0.200,0.500,1.000,0.500,1.000
96.400,4,3.5275,0.5000,0.7925,5.000,0.500,2.500,0.000,0.000,0.200,0.500,1.000,0.500,1.000
96.400,5,0.7063,0.5000,5.0000,5.000,0.500,2.500,0.000,0.000,0.200,0.500,1.000,0.500,1.000
96.600,0,-2.8070,0.5000,1.3679,5.000,0.500,2.500,0.000,0.000,0.200,0.500,1.000,0.500,1.000
96.600,1,-1.0438,0.5000,-3.3474,5.000,0.500,2.500,0.000,0.000,0.200,0.500,1.000,0.500,1.000
96.600,2,0.0366,4.5320,0.0655,5.000,0.500,2.500,0.000,0.000,0.200,0.500,1.000,0.500,1.000
96.600,3,3.7713,0.5000,-4.7299,5.000,0.500,2.500,0.000,0.000,0.200,0.500,1.000,0.500,1.000
96.600,4,3.5007,0.5000,0.8207,5.000,0.500,2.500,0.000,0.000,0.200,0.500,1.000,0.500,1.000
96.600,5,0.6355,0.5000,5.0000,5.000,0.500,2.500,0.000,0.000,0.200,0.500,1.000,0.500,1.000
96.800,0,-2.8048,0.5000,1.2758,5.000,0.500,2.500,0.000,0.000,0.200,0.500,1.000,0.500,1.000
96.800,1,-0.9549,0.5000,-3.3885,5.000,0.500,2.500,0.000,0.000,0.200,0.500,1.000,0.500,1.000
96.800,2,0.0579,4.4854,0.0758,5.000,0.500,2.500,0.000,0.000,0.200,0.500,1.000,0.500,1.000
96.800,3,3.8673,0.5000,-4.7382,5.000,0.500,2.500,0.000,0.000,0.200,0.500,1.000,0.500,1.000
96.800,4,3.4641,0.5000,0.8481,5.000,0.500,2.500,0.000,0.000,0.200,0.500,1.000,0.500,1.000
96.800,5,0.5686,0.5000,5.0000,5.000,0.500,2.500,0.000,0.000,0.200,0.500,1.000,0.500,1.000
97.000,0,-2.7965,0.5000,1.1853,5.000,0.500,2.500,0.000,0.000,0.200,0.500,1.000,0.500,1.000
97.000,1,-0.8627,0.5000,-3.4226,5.000,0.500,2.500,0.000,0.000,0.200,0.500,1.000,0.500,1.000
97.000,2,0.0758,4.4324,0.0921,5.000,0.500,2.500,0.000,0.000,0.200,0.500,1.000,0.500,1.000
97.000,3,3.9662,0.5000,-4.7507,5.000,0.500,2.500,0.000,0.000,0.200,0.500,1.000,0.500,1.000
97.000,4,3.4239,0.5000,0.8732,5.000,0.500,2.500,0.000,0.000,0.200,0.500,1.000,0.500,1.000
97.000,5,0.5023,0.5000,5.0000,5.000,0.500,2.500,0.000,0.000,0.200,0.500,1.000,0.500,1.000
97.200,0,-2.7996,0.5000,1.1106,5.000,0.500,2.500,0.000,0.000,0.200,0.500,1.000,0.500,1.000
97.200,1,-0.7790,0.5000,-3.4748,5.000,0.500,2.500,0.000,0.000,0.200,0.500,1.000,0.500,1.000
97.200,2,0.1121,4.3981,0.1055,5.000,0.500,2.500,0.000,0.000,0.200,0.500,1.000,0.500,1.000
97.200,3,4.0619,0.5000,-4.7613,5.000,0.500,2.500,0.000,0.000,0.200,0.500,1.000,0.500,1.000
97.200,4,3.3769,0.5000,0.8970,5.000,0.500,2.500,0.000,0.000,0.200,0.500,1.000,0.500,1.000
97.200,5,0.4357,0.5000,5.0000,5.000,0.500,2.500,0.000,0.000,0.200,0.500,1.000,0.500,1.000
97.400,0,-2.8239,0.5000,1.0475,5.000,0.500,2.500,0.000,0.000,0.200,0.500,1.000,0.500,1.000
97.400,1,-0.6980,0.5000,-3.5311,5.000,0.500,2.500,0.000,0.000,0.200,0.500,1.000,0.500,1.000
97.400,2,0.1717,4.3947,0.1107,5.000,0.500,2.500,0.000,0.000,0.200,0.500,1.000,0.500,1.000
97.400,3,4.1549,0.5000,-4.7687,5.000,0.500,2.500,0.000,0.000,0.200,0.500,1.000,0.500,1.000
97.400,4,3.3239,0.5000,0.9176,5.000,0.500,2.500,0.000,0.000,0.200,0.500,1.000,0.500,1.000
97.400,5,0.3634,0.5000,5.0000,5.000,0.500,2.500,0.000,0.000,0.200,0.500,1.000,0.500,1.000
97.600,0,-2.8498,0.5000,0.9892,5.000,0.500,2.500,0.000,0.000,0.200,0.500,1.000,0.500,1.000
97.600,1,-0.6136,0.5000,-3.5808,5.000,0.500,2.500,0.000,0.000,0.200,0.500,1.000,0.500,1.000
97.600,2,0.2415,4.4002,0.1153,5.000,0.500,2.500,0.000,0.000,0.200,0.500,1.000,0.500,1.000
97.600,3,4.2516,0.5000,-4.7690,5.000,0.500,2.500,0.000,0.000,0.200,0.500,1.000,0.500,1.000
97.600,4,3.2620,0.5000,0.9378,5.000,0.500,2.500,0.000,0.000,0.200,0.500,1.000,0.500,1.000
97.600,5,0.2900,0.5000,5.0000,5.000,0.500,2.500,0.000,0.000,0.200,0.500,1.000,0.500,1.000
97.800,0,-2.8708,0.5000,0.9305,5.000,0.500,2.500,0.000,0.000,0.200,0.500,1.000,0.500,1.000
97.800,1,-0.5230,0.5000,-3.6187,5.000,0.500,2.500,0.000,0.000,0.200,0.500,1.000,0.500,1.000
97.800,2,0.3008,4.4140,0.1230,5.000,0.500,2.500,0.000,0.000,0.200,0.500,1.000,0.500,1.000
97.800,3,4.3509,0.5000,-4.7692,5.000,0.500,2.500,0.000,0.000,0.200,0.500,1.000,0.500,1.000
97.800,4,3.2140,0.5000,0.9584,5.000,0.500,2.500,0.000,0.000,0.200,0.500,1.000,0.500,1.000
97.800,5,0.2164,0.5000,5.0000,5.000,0.500,2.500,0.000,0.000,0.200,0.500,1.000,0.500,1.000
98.000,0,-2.8860,0.5000,0.8677,5.000,0.500,2.500,0.000,0.000,0.200,0.500,1.000,0.500,1.000
98.000,1,-0.4317,0.5000,-3.6468,5.000,0.500,2.500,0.000,0.000,0.200,0.500,1.000,0.500,1.000
98.000,2,0.3344,4.4578,0.1276,5.000,0.500,2.500,0.000,0.000,0.200,0.500,1.000,0.500,1.000
98.000,3,4.4495,0.5000,-4.7717,5.000,0.500,2.500,0.000,0.000,0.200,0.500,1.000,0.500,1.000
98.000,4,3.1941,0.5000,0.9809,5.000,0.500,2.500,0.000,0.000,0.200,0.500,1.000,0.500,1.000
98.000,5,0.1462,0.5000,5.0000,5.000,0.500,2.500,0.000,0.000,0.200,0.500,1.000,0.500,1.000
98.200,0,-2.8948,0.5000,0.8050,5.000,0.500,2.500,0.000,0.000,0.200,0.500,1.000,0.500,1.000
98.200,1,-0.3353,0.5000,-3.6634,5.000,0.500,2.500,0.000,0.000,0.200,0.500,1.000,0.500,1.000
98.200,2,0.3436,4.5310,0.1278,5.000,0.500,2.500,0.000,0.000,0.200,0.500,1.000,0.500,1.000
98.200,3,4.5482,0.5000,-4.7704,5.000,0.500,2.500,0.000,0.000,0.200,0.500,1.000,0.500,1.000
98.200,4,3.1954,0.5000,1.0002,5.000,0.500,2.500,0.000,0.000,0.200,0.500,1.000,0.500,1.000
98.200,5,0.0733,0.5000,4.9967,5.000,0.500,2.500,0.000,0.000,0.200,0.500,1.000,0.500,1.000
98.400,0,-2.8936,0.5000,0.7405,5.000,0.500,2.500,0.000,0.000,0.200,0.500,1.000,0.500,1.000
98.400,1,-0.2389,0.5000,-3.6715,5.000,0.500,2.500,0.000,0.000,0.200,0.500,1.000,0.500,1.000
98.400,2,0.3416,4.6077,0.1289,5.000,0.500,2.500,0.000,0.000,0.200,0.500,1.000,0.500,1.000
98.400,3,4.6473,0.5000,-4.7752,5.000,0.500,2.500,0.000,0.000,0.200,0.500,1.000,0.500,1.000
98.400,4,3.1975,0.5000,1.0158,5.000,0.500,2.500,0.000,0.000,0.200,0.500,1.000,0.500,1.000
98.400,5,-0.0057,0.5000,4.9863,5.000,0.500,2.500,0.000,0.000,0.200,0.500,1.000,0.500,1.000
98.600,0,-2.8849,0.5000,0.6743,5.000,0.500,2.500,0.000,0.000,0.200,0.500,1.000,0.500,1.000
98.600,1,-0.1407,0.5000,-3.6718,5.000,0.500,2.500,0.000,0.000,0.200,0.500,1.000,0.500,1.000
98.600,2,0.3396,4.6757,0.1331,5.000,0.500,2.500,0.000,0.000,0.200,0.500,1.000,0.500,1.000
98.600,3,4.7437,0.5000,-4.7794,5.000,0.500,2.500,0.000,0.000,0.200,0.500,1.000,0.500,1.000
98.600,4,3.1915,0.5000,1.0321,5.000,0.500,2.500,0.000,0.000,0.200,0.500,1.000,0.500,1.000
98.600,5,-0.0853,0.5000,4.9711,5.000,0.500,2.500,0.000,0.000,0.200,0.500,1.000,0.500,1.000
98.800,0,-2.8721,0.5000,0.6069,5.000,0.500,2.500,0.000,0.000,0.200,0.500,1.000,0.500,1.000
98.800,1,-0.0425,0.5000,-3.6651,5.000,0.500,2.500,0.000,0.000,0.200,0.500,1.000,0.500,1.000
98.800,2,0.3374,4.7351,0.1446,5.000,0.500,2.500,0.000,0.000,0.200,0.500,1.000,0.500,1.000
98.800,3,4.8394,0.5000,-4.7868,5.000,0.500,2.500,0.000,0.000,0.200,0.500,1.000,0.500,1.000
98.800,4,3.1745,0.5000,1.0463,5.000,0.500,2.500,0.000,0.000,0.200,0.500,1.000,0.500,1.000
98.800,5,-0.1581,0.5000,4.9518,5.000,0.500,2.500,0.000,0.000,0.200,0.500,1.000,0.500,1.000
99.000,0,-2.8564,0.5000,0.5373,5.000,0.500,2.500,0.000,0.000,0.200,0.500,1.000,0.500,1.000
99.000,1,0.0547,0.5000,-3.6476,5.000,0.500,2.500,0.000,0.000,0.200,0.500,1.000,0.500,1.000
99.000,2,0.3326,4.7856,0.1619,5.000,0.500,2.500,0.000,0.000,0.200,0.500,1.000,0.500,1.000
99.000,3,4.9297,0.5000,-4.7920,5.000,0.500,2.500,0.000,0.000,0.200,0.500,1.000,0.500,1.000
99.000,4,3.1484,0.5000,1.0562,5.000,0.500,2.500,0.000,0.000,0.200,0.500,1.000,0.500,1.000
99.000,5,-0.2314,0.5000,4.9238,5.000,0.500,2.500,0.000,0.000,0.200,0.500,1.000,0.500,1.000
99.200,0,-2.8370,0.5000,0.4703,5.000,0.500,2.500,0.000,0.000,0.200,0.500,1.000,0.500,1.000
99.200,1,0.1495,0.5000,-3.6267,5.000,0.500,2.500,0.000,0.000,0.200,0.500,1.000,0.500,1.000
99.200,2,0.3247,4.8277,0.1817,5.000,0.500,2.500,0.000,0.000,0.200,0.500,1.000,0.500,1.000
99.200,3,5.0000,0.5000,-4.7979,5.000,0.500,2.500,0.000,0.000,0.200,0.500,1.000,0.500,1.000
99.200,4,3.1162,0.5000,1.0642,5.000,0.500,2.500,0.000,0.000,0.200,0.500,1.000,0.500,1.000
99.200,5,-0.3067,0.5000,4.8878,5.000,0.500,2.500,0.000,0.000,0.200,0.500,1.000,0.500,1.000
99.400,0,-2.8123,0.5000,0.4044,5.000,0.500,2.500,0.000,0.000,0.200,0.500,1.000,0.500,1.000
99.400,1,0.2189,0.5000,-3.5977,5.000,0.500,2.500,0.000,0.000,0.200,0.500,1.000,0.500,1.000
99.400,2,0.3161,4.8621,0.2022,5.000,0.500,2.500,0.000,0.000,0.200,0.500,1.000,0.500,1.000
99.400,3,5.0000,0.5000,-4.8058,5.000,0.500,2.500,0.000,0.000,0.200,0.500,1.000,0.500,1.000
99.400,4,3.0756,0.5000,1.0653,5.000,0.500,2.500,0.000,0.000,0.200,0.500,1.000,0.500,1.000
99.400,5,-0.3841,0.5000,4.8418,5.000,0.500,2.500,0.000,0.000,0.200,0.500,1.000,0.500,1.000
99.600,0,-2.7857,0.5000,0.3459,5.000,0.500,2.500,0.000,0.000,0.200,0.500,1.000,0.500,1.000
99.600,1,0.2557,0.5000,-3.5691,5.000,0.500,2.500,0.000,0.000,0.200,0.500,1.000,0.500,1.000
99.600,2,0.3051,4.8886,0.2265,5.000,0.500,2.500,0.000,0.000,0.200,0.500,1.000,0.500,1.000
99.600,3,5.0000,0.5000,-4.8169,5.000,0.500,2.500,0.000,0.000,0.200,0.500,1.000,0.500,1.000
99.600,4,3.0284,0.5000,1.0631,5.000,0.500,2.500,0.000,0.000,0.200,0.500,1.000,0.500,1.000
99.600,5,-0.4617,0.5000,4.7898,5.000,0.500,2.500,0.000,0.000,0.200,0.500,1.000,0.500,1.000
99.800,0,-2.7845,0.5000,0.3094,5.000,0.500,2.500,0.000,0.000,0.200,0.500,1.000,0.500,1.000
99.800,1,0.2686,0.5000,-3.5713,5.000,0.500,2.500,0.000,0.000,0.200,0.500,1.000,0.500,1.000
99.800,2,0.2913,4.9086,0.2563,5.000,0.500,2.500,0.000,0.000,0.200,0.500,1.000,0.500,1.000
99.800,3,5.0000,0.5000,-4.8318,5.000,0.500,2.500,0.000,0.000,0.200,0.500,1.000,0.500,1.000
99.800,4,2.9770,0.5000,1.0552,5.000,0.500,2.500,0.000,0.000,0.200,0.500,1.000,0.500,1.000
99.800,5,-0.5309,0.5000,4.7396,5.000,0.500,2.500,0.000,0.000,0.200,0.500,1.000,0.500,1.000
100.000,0,-2.8221,0.5000,0.2715,5.000,0.500,2.500,0.000,0.000,0.200,0.500,1.000,0.500,1.000
100.000,1,0.2575,0.5000,-3.6051,5.000,0.500,2.500,0.000,0.000,0.200,0.500,1.000,0.500,1.000
100.000,2,0.2753,4.9225,0.2894,5.000,0.500,2.500,0.000,0.000,0.200,0.500,1.000,0.500,1.000
100.000,3,5.0000,0.5000,-4.8503,5.000,0.500,2.500,0.000,0.000,0.200,0.500,1.000,0.500,1.000
100.000,4,2.9203,0.5000,1.0442,5.000,0.500,2.500,0.000,0.000,0.200,0.500,1.000,0.500,1.000
100.000,5,-0.5807,0.5000,4.7218,5.000,0.500,2.500,0.000,0.000,0.200,0.500,1.000,0.500,1.000
100.200,0,-2.8922,0.5000,0.2396,5.000,0.500,2.500,0.000,0.000,0.200,0.500,1.000,0.500,1.000
100.200,1,0.2239,0.5000,-3.6716,5.000,0.500,2.500,0.000,0.000,0.200,0.500,1.000,0.500,1.000
100.200,2,0.2566,4.9299,0.3264,5.000,0.500,2.500,0.000,0.000,0.200,0.500,1.000,0.500,1.000
100.200,3,5.0000,0.5001,-4.8701,5.000,0.500,2.500,0.000,0.000,0.200,0.500,1.000,0.500,1.000
100.200,4,2.8605,0.5000,1.0310,5.000,0.500,2.500,0.000,0.000,0.200,0.500,1.000,0.500,1.000
100.200,5,-0.6169,0.5000,4.7260,5.000,0.500,2.500,0.000,0.000,0.200,0.500,1.000,0.500,1.000
100.400,0,-2.9645,0.5000,0.2227,5.000,0.500,2.500,0.000,0.000,0.200,0.500,1.000,0.500,1.000
100.400,1,0.1603,0.5000,-3.7438,5.000,0.500,2.500,0.000,0.000,0.200,0.500,1.000,0.500,1.000
100.400,2,0.2346,4.9308,0.3653,5.000,0.500,2.500,0.000,0.000,0.200,0.500,1.000,0.500,1.000
100.400,3,5.0000,0.5000,-4.8903,5.000,0.500,2.500,0.000,0.000,0.200,0.500,1.000,0.500,1.000
100.400,4,2.7981,0.5000,1.0116,5.000,0.500,2.500,0.000,0.000,0.200,0.500,1.000,0.500,1.000
100.400,5,-0.6519,0.5000,4.7254,5.000,0.500,2.500,0.000,0.000,0.200,0.500,1.000,0.500,1.000
100.600,0,-3.0295,0.5000,0.2053,5.000,0.500,2.500,0.000,0.000,0.200,0.500,1.000,0.500,1.000
100.600,1,0.0768,0.5000,-3.7958,5.000,0.500,2.500,0.000,0.000,0.200,0.500,1.000,0.500,1.000
100.600,2,0.2093,4.9231,0.4069,5.000,0.500,2.500,0.000,0.000,0.200,0.500,1.000,0.500,1.000
100.600,3,5.0000,0.5000,-4.9089,5.000,0.500,2.500,0.000,0.000,0.200,0.500,1.000,0.500,1.000
100.600,4,2.7313,0.5000,0.9894,5.000,0.500,2.500,0.000,0.000,0.200,0.500,1.000,0.500,1.000
100.600,5,-0.6832,0.5000,4.7185,5.000,0.500,2.500,0.000,0.000,0.200,0.500,1.000,0.500,1.000
100.800,0,-3.0851,0.5000,0.1858,5.000,0.500,2.500,0.000,0.000,0.200,0.500,1.000,0.500,1.000
100.800,1,-0.0032,0.5000,-3.8422,5.000,0.500,2.500,0.000,0.000,0.200,0.500,1.000,0.500,1.000
100.800,2,0.1777,4.9075,0.4514,5.000,0.500,2.500,0.000,0.000,0.200,0.500,1.000,0.500,1.000
100.800,3,5.0000,0.5000,-4.9250,5.000,0.500,2.500,0.000,0.000,0.200,0.500,1.000,0.500,1.000
100.800,4,2.6641,0.5000,0.9619,5.000,0.500,2.500,0.000,0.000,0.200,0.500,1.000,0.500,1.000
100.800,5,-0.7135,0.5000,4.7073,5.000,0.500,2.500,0.000,0.000,0.200,0.500,1.000,0.500,1.000
101.000,0,-3.1316,0.5000,0.1656,5.000,0.500,2.500,0.000,0.000,0.200,0.500,1.000,0.500,1.000
101.000,1,-0.0775,0.5000,-3.8851,5.000,0.500,2.500,0.000,0.000,0.200,0.500,1.000,0.500,1.000
101.000,2,0.1405,4.8831,0.4989,5.000,0.500,2.500,0.000,0.000,0.200,0.500,1.000,0.500,1.000
101.000,3,5.0000,0.5001,-4.9392,5.000,0.500,2.500,0.000,0.000,0.200,0.500,1.000,0.500,1.000
101.000,4,2.5964,0.5000,0.9325,5.000,0.500,2.500,0.000,0.000,0.200,0.500,1.000,0.500,1.000
101.000,5,-0.7416,0.5000,4.6893,5.000,0.500,2.500,0.000,0.000,0.200,0.500,1.000,0.500,1.000
101.200,0,-3.1747,0.5000,0.1439,5.000,0.500,2.500,0.000,0.000,0.200,0.500,1.000,0.500,1.000
101.200,1,-0.1499,0.5000,-3.9245,5.000,0.500,2.500,0.000,0.000,0.200,0.500,1.000,0.500,1.000
101.200,2,0.1029,4.8501,0.5500,5.000,0.500,2.500,0.000,0.000,0.200,0.500,1.000,0.500,1.000
101.200,3,5.0000,0.5000,-4.9500,5.000,0.500,2.500,0.000,0.000,0.200,0.500,1.000,0.500,1.000
101.200,4,2.5279,0.5000,0.9025,5.000,0.500,2.500,0.000,0.000,0.200,0.500,1.000,0.500,1.000
101.200,5,-0.7663,0.5000,4.6635,5.000,0.500,2.500,0.000,0.000,0.200,0.500,1.000,0.500,1.000
101.400,0,-3.2169,0.5000,0.1251,4.908,0.592,2.258,0.295,0.227,0.411,1.997,3.776,1.086,1.000
101.400,1,-0.2192,0.5000,-3.9525,4.908,0.592,2.258,0.295,0.227,0.411,1.997,3.776,1.086,1.000
101.400,2,0.0515,4.8349,0.6005,4.908,0.592,2.258,0.295,0.227,0.411,1.997,3.776,1.086,1.000
101.400,3,5.0000,0.5000,-4.9551,4.908,0.592,2.258,0.295,0.227,0.411,1.997,3.776,1.086,1.000
101.400,4,2.4790,0.5000,0.8660,4.908,0.592,2.258,0.295,0.227,0.411,1.997,3.776,1.086,1.000
101.400,5,-0.8034,0.5000,4.6500,4.908,0.592,2.258,0.295,0.227,0.411,1.997,3.776,1.086,1.000
101.600,0,-3.2278,0.5000,0.1073,3.805,1.700,0.100,3.000,2.950,2.945,12.000,20.000,8.118,1.000
101.600,1,-0.2830,0.5001,-3.9460,3.805,1.700,0.100,3.000,2.950,2.945,12.000,20.000,8.118,1.000
101.600,2,-0.0187,4.8060,0.6594,3.805,1.700,0.100,3.000,2.950,2.945,12.000,20.000,8.118,1.000
101.600,3,5.0000,0.5034,-4.9464,3.805,1.700,0.100,3.000,2.950,2.945,12.000,20.000,8.118,1.000
101.600,4,2.4199,0.5000,0.8050,3.805,1.700,0.100,3.000,2.950,2.945,12.000,20.000,8.118,1.000
101.600,5,-0.8326,0.5000,4.6152,3.805,1.700,0.100,3.000,2.950,2.945,12.000,20.000,8.118,1.000
101.800,0,-3.1525,0.5053,0.0994,2.701,2.808,0.100,3.000,3.000,3.000,12.000,20.000,10.000,1.000
101.800,1,-0.3339,0.5345,-3.8497,2.701,2.808,0.100,3.000,3.000,3.000,12.000,20.000,10.000,1.000
101.800,2,-0.1457,4.7002,0.7559,2.701,2.808,0.100,3.000,3.000,3.000,12.000,20.000,10.000,1.000
101.800,3,4.9439,0.5450,-4.8867,2.701,2.808,0.100,3.000,3.000,3.000,12.000,20.000,10.000,1.000
101.800,4,2.3034,0.5032,0.6760,2.701,2.808,0.100,3.000,3.000,3.000,12.000,20.000,10.000,1.000
101.800,5,-0.8193,0.5299,4.4966,2.701,2.808,0.100,3.000,3.000,3.000,12.000,20.000,10.000,1.000
102.000,0,-2.9824,0.5672,0.1051,1.598,3.915,0.100,3.000,3.000,3.000,12.000,20.000,10.000,1.000
102.000,1,-0.3718,0.6329,-3.6545,1.598,3.915,0.100,3.000,3.000,3.000,12.000,20.000,10.000,1.000
102.000,2,-0.3538,4.5173,0.9006,1.598,3.915,0.100,3.000,3.000,3.000,12.000,20.000,10.000,1.000
102.000,3,4.7885,0.6387,-4.7786,1.598,3.915,0.100,3.000,3.000,3.000,12.000,20.000,10.000,1.000
102.000,4,2.1323,0.5672,0.4770,1.598,3.915,0.100,3.000,3.000,3.000,12.000,20.000,10.000,1.000
102.000,5,-0.7636,0.6188,4.2837,1.598,3.915,0.100,3.000,3.000,3.000,12.000,20.000,10.000,1.000
102.200,0,-2.7195,0.7096,0.1364,0.495,5.023,0.100,3.000,3.000,3.000,12.000,20.000,10.000,1.000
102.200,1,-0.3935,0.8031,-3.3502,0.495,5.023,0.100,3.000,3.000,3.000,12.000,20.000,10.000,1.000
102.200,2,-0.6444,4.2523,1.0822,0.495,5.023,0.100,3.000,3.000,3.000,12.000,20.000,10.000,1.000
102.200,3,4.5372,0.7844,-4.6194,0.495,5.023,0.100,3.000,3.000,3.000,12.000,20.000,10.000,1.000
102.200,4,1.8942,0.7249,0.2167,0.495,5.023,0.100,3.000,3.000,3.000,12.000,20.000,10.000,1.000
102.200,5,-0.6649,0.7726,3.9699,0.495,5.023,0.100,3.000,3.000,3.000,12.000,20.000,10.000,1.000
102.400,0,-2.3562,0.9854,0.1914,0.100,6.131,0.100,3.000,3.000,3.000,12.000,20.000,10.000,1.000
102.400,1,-0.4059,1.0862,-2.9195,0.100,6.131,0.100,3.000,3.000,3.000,12.000,20.000,10.000,1.000
102.400,2,-1.0047,3.8954,1.2457,0.100,6.131,0.100,3.000,3.000,3.000,12.000,20.000,10.000,1.000
102.400,3,4.1738,1.0142,-4.3776,0.100,6.131,0.100,3.000,3.000,3.000,12.000,20.000,10.000,1.000
102.400,4,1.5342,1.0478,-0.0405,0.100,6.131,0.100,3.000,3.000,3.000,12.000,20.000,10.000,1.000
102.400,5,-0.5996,1.0395,3.4945,0.100,6.131,0.100,3.000,3.000,3.000,12.000,20.000,10.000,1.000
102.600,0,-1.8913,1.3979,0.2578,0.100,7.238,0.100,3.000,3.000,3.000,12.000,20.000,10.000,1.000
102.600,1,-0.4505,1.4816,-2.3515,0.100,7.238,0.100,3.000,3.000,3.000,12.000,20.000,10.000,1.000
102.600,2,-1.4235,3.4874,1.3712,0.100,7.238,0.100,3.000,3.000,3.000,12.000,20.000,10.000,1.000
102.600,3,3.6798,1.3874,-4.0637,0.100,7.238,0.100,3.000,3.000,3.000,12.000,20.000,10.000,1.000
102.600,4,1.0540,1.5381,-0.2903,0.100,7.238,0.100,3.000,3.000,3.000,12.000,20.000,10.000,1.000
102.600,5,-0.5621,1.4402,2.8851,0.100,7.238,0.100,3.000,3.000,3.000,12.000,20.000,10.000,1.000
102.800,0,-1.3277,1.9275,0.3184,0.100,8.346,0.100,3.000,3.000,3.000,12.000,20.000,10.000,1.000
102.800,1,-0.5090,1.9929,-1.6589,0.100,8.346,0.100,3.000,3.000,3.000,12.000,20.000,10.000,1.000
102.800,2,-1.8828,3.0889,1.4352,0.100,8.346,0.100,3.000,3.000,3.000,12.000,20.000,10.000,1.000
102.800,3,3.0664,1.8927,-3.6673,0.100,8.346,0.100,3.000,3.000,3.000,12.000,20.000,10.000,1.000
102.800,4,0.4750,2.1838,-0.5272,0.100,8.346,0.100,3.000,3.000,3.000,12.000,20.000,10.000,1.000
102.800,5,-0.5085,1.9614,2.1706,0.100,8.346,0.100,3.000,3.000,3.000,12.000,20.000,10.000,1.000
103.000,0,-0.6795,2.5572,0.3589,0.100,9.453,0.100,3.000,3.000,3.000,12.000,20.000,10.000,1.000
103.000,1,-0.5716,2.6121,-0.8439,0.100,9.453,0.100,3.000,3.000,3.000,12.000,20.000,10.000,1.000
103.000,2,-2.3338,2.8136,1.4168,0.100,9.453,0.100,3.000,3.000,3.000,12.000,20.000,10.000,1.000
103.000,3,2.3288,2.5167,-3.2128,0.100,9.453,0.100,3.000,3.000,3.000,12.000,20.000,10.000,1.000
103.000,4,-0.1572,2.9434,-0.7276,0.100,9.453,0.100,3.000,3.000,3.000,12.000,20.000,10.000,1.000
103.000,5,-0.4149,2.5776,1.3582,0.100,9.453,0.100,3.000,3.000,3.000,12.000,20.000,10.000,1.000
103.200,0,0.0085,3.2678,0.3579,0.100,10.000,0.100,3.000,3.000,3.000,12.000,20.000,10.000,1.000
103.200,1,-0.6049,3.3222,0.0740,0.100,10.000,0.100,3.000,3.000,3.000,12.000,20.000,10.000,1.000
103.200,2,-2.6974,2.7415,1.3156,0.100,10.000,0.100,3.000,3.000,3.000,12.000,20.000,10.000,1.000
103.200,3,1.4762,3.2418,-2.7046,0.100,10.000,0.100,3.000,3.000,3.000,12.000,20.000,10.000,1.000
103.200,4,-0.7220,3.7322,-0.8715,0.100,10.000,0.100,3.000,3.000,3.000,12.000,20.000,10.000,1.000
103.200,5,-0.2735,3.2730,0.4575,0.100,10.000,0.100,3.000,3.000,3.000,12.000,20.000,10.000,1.000
103.400,0,0.6133,4.0110,0.3421,0.100,10.000,0.100,3.000,3.000,3.000,12.000,20.000,10.000,1.000
103.400,1,-0.6089,4.0687,0.9416,0.100,10.000,0.100,3.000,3.000,3.000,12.000,20.000,10.000,1.000
103.400,2,-2.9163,2.8925,1.1672,0.100,10.000,0.100,3.000,3.000,3.000,12.000,20.000,10.000,1.000
103.400,3,0.5186,4.0362,-2.1415,0.100,10.000,0.100,3.000,3.000,3.000,12.000,20.000,10.000,1.000
103.400,4,-1.1039,4.4741,-0.9542,0.100,10.000,0.100,3.000,3.000,3.000,12.000,20.000,10.000,1.000
103.400,5,-0.1186,4.0182,-0.4881,0.100,10.000,0.100,3.000,3.000,3.000,12.000,20.000,10.000,1.000
103.600,0,1.0707,4.7254,0.3633,0.100,10.000,0.100,3.000,3.000,3.000,12.000,20.000,10.000,1.000
103.600,1,-0.6407,4.7923,1.6877,0.100,10.000,0.100,3.000,3.000,3.000,12.000,20.000,10.000,1.000
103.600,2,-2.9846,3.2399,1.0167,0.100,10.000,0.100,3.000,3.000,3.000,12.000,20.000,10.000,1.000
103.600,3,-0.5242,4.8481,-1.5270,0.100,10.000,0.100,3.000,3.000,3.000,12.000,20.000,10.000,1.000
103.600,4,-1.2746,5.0000,-0.9507,0.100,10.000,0.100,3.000,3.000,3.000,12.000,20.000,10.000,1.000
103.600,5,0.0109,4.7610,-1.3082,0.100,10.000,0.100,3.000,3.000,3.000,12.000,20.000,10.000,1.000
103.800,0,1.3424,5.0000,0.4333,0.100,10.000,0.100,3.000,3.000,3.000,12.000,20.000,10.000,1.000
103.800,1,-0.7088,5.0000,2.2684,0.100,10.000,0.100,3.000,3.000,3.000,12.000,20.000,10.000,1.000
103.800,2,-2.9501,3.6865,0.8487,0.100,10.000,0.100,3.000,3.000,3.000,12.000,20.000,10.000,1.000
103.800,3,-1.5659,5.0000,-0.8758,0.100,10.000,0.100,3.000,3.000,3.000,12.000,20.000,10.000,1.000
103.800,4,-1.3613,5.0000,-0.8628,0.100,10.000,0.100,3.000,3.000,3.000,12.000,20.000,10.000,1.000
103.800,5,0.1259,5.0000,-1.9053,0.100,10.000,0.100,3.000,3.000,3.000,12.000,20.000,10.000,1.000
104.000,0,1.4041,5.0000,0.5529,0.100,10.000,0.100,3.000,3.000,3.000,12.000,20.000,10.000,1.000
104.000,1,-0.8208,5.0000,2.6501,0.100,10.000,0.100,3.000,3.000,3.000,12.000,20.000,10.000,1.000
104.000,2,-2.8701,4.0888,0.6949,0.100,10.000,0.100,3.000,3.000,3.000,12.000,20.000,10.000,1.000
104.000,3,-2.4745,5.0000,-0.2407,0.100,10.000,0.100,3.000,3.000,3.000,12.000,20.000,10.000,1.000
104.000,4,-1.4354,5.0000,-0.7645,0.100,10.000,0.100,3.000,3.000,3.000,12.000,20.000,10.000,1.000
104.000,5,0.2188,5.0000,-2.2528,0.100,10.000,0.100,3.000,3.000,3.000,12.000,20.000,10.000,1.000
104.200,0,1.2789,5.0000,0.6811,0.100,10.000,0.100,3.000,3.000,3.000,12.000,20.000,10.000,1.000
104.200,1,-0.9740,5.0000,2.8174,0.100,10.000,0.100,3.000,3.000,3.000,12.000,20.000,10.000,1.000
104.200,2,-2.7718,4.4186,0.5807,0.100,10.000,0.100,3.000,3.000,3.000,12.000,20.000,10.000,1.000
104.200,3,-3.1762,5.0000,0.3018,0.100,10.000,0.100,3.000,3.000,3.000,12.000,20.000,10.000,1.000
104.200,4,-1.4885,5.0000,-0.6664,0.100,10.000,0.100,3.000,3.000,3.000,12.000,20.000,10.000,1.000
104.200,5,0.2661,5.0000,-2.3437,0.100,10.000,0.100,3.000,3.000,3.000,12.000,20.000,10.000,1.000
104.400,0,1.1318,5.0000,0.8156,0.100,10.000,0.100,3.000,3.000,3.000,12.000,20.000,10.000,1.000
104.400,1,-1.0969,5.0000,2.9113,0.100,10.000,0.100,3.000,3.000,3.000,12.000,20.000,10.000,1.000
104.400,2,-2.6617,4.6662,0.5082,0.100,10.000,0.100,3.000,3.000,3.000,12.000,20.000,10.000,1.000
104.400,3,-3.6366,5.0000,0.7010,0.100,10.000,0.100,3.000,3.000,3.000,12.000,20.000,10.000,1.000
104.400,4,-1.5233,5.0000,-0.5772,0.100,10.000,0.100,3.000,3.000,3.000,12.000,20.000,10.000,1.000
104.400,5,0.2348,5.0000,-2.2153,0.100,10.000,0.100,3.000,3.000,3.000,12.000,20.000,10.000,1.000
104.600,0,0.9981,5.0000,0.9662,0.100,10.000,0.100,3.000,3.000,3.000,12.000,20.000,10.000,1.000
104.600,1,-1.1668,5.0000,2.9725,0.100,10.000,0.100,3.000,3.000,3.000,12.000,20.000,10.000,1.000
104.600,2,-2.5483,4.8281,0.4790,0.100,10.000,0.100,3.000,3.000,3.000,12.000,20.000,10.000,1.000
104.600,3,-3.8269,5.0000,0.9728,0.100,10.000,0.100,3.000,3.000,3.000,12.000,20.000,10.000,1.000
104.600,4,-1.5373,5.0000,-0.5052,0.100,10.000,0.100,3.000,3.000,3.000,12.000,20.000,10.000,1.000
104.600,5,0.1579,5.0000,-1.9849,0.100,10.000,0.100,3.000,3.000,3.000,12.000,20.000,10.000,1.000
104.800,0,0.8861,5.0000,1.1176,0.100,10.000,0.100,3.000,3.000,3.000,12.000,20.000,10.000,1.000
104.800,1,-1.1848,5.0000,2.9928,0.100,10.000,0.100,3.000,3.000,3.000,12.000,20.000,10.000,1.000
104.800,2,-2.4472,4.9079,0.4897,0.100,10.000,0.100,3.000,3.000,3.000,12.000,20.000,10.000,1.000
104.800,3,-3.8263,5.0000,1.1897,0.100,10.000,0.100,3.000,3.000,3.000,12.000,20.000,10.000,1.000
104.800,4,-1.5365,5.0000,-0.4503,0.100,10.000,0.100,3.000,3.000,3.000,12.000,20.000,10.000,1.000
104.800,5,0.1232,5.0000,-1.7227,0.100,10.000,0.100,3.000,3.000,3.000,12.000,20.000,10.000,1.000
105.000,0,0.7833,5.0000,1.2996,0.100,10.000,0.100,3.000,3.000,3.000,12.000,20.000,10.000,1.000
105.000,1,-1.1899,4.9863,2.9704,0.100,10.000,0.100,3.000,3.000,3.000,12.000,20.000,10.000,1.000
105.000,2,-2.3448,4.9404,0.5282,0.100,10.000,0.100,3.000,3.000,3.000,12.000,20.000,10.000,1.000
105.000,3,-3.7101,5.0000,1.4094,0.100,10.000,0.100,3.000,3.000,3.000,12.000,20.000,10.000,1.000
105.000,4,-1.5194,5.0000,-0.3855,0.100,10.000,0.100,3.000,3.000,3.000,12.000,20.000,10.000,1.000
105.000,5,0.1498,5.0000,-1.3705,0.100,10.000,0.100,3.000,3.000,3.000,12.000,20.000,10.000,1.000
105.200,0,0.6999,5.0000,1.4862,0.100,10.000,0.100,3.000,3.000,3.000,12.000,20.000,10.000,1.000
105.200,1,-1.2009,4.9355,2.8950,0.100,10.000,0.100,3.000,3.000,3.000,12.000,20.000,10.000,1.000
105.200,2,-2.2429,4.9437,0.5860,0.100,10.000,0.100,3.000,3.000,3.000,12.000,20.000,10.000,1.000
105.200,3,-3.4828,5.0000,1.6005,0.100,10.000,0.100,3.000,3.000,3.000,12.000,20.000,10.000,1.000
105.200,4,-1.4771,5.0000,-0.3019,0.100,10.000,0.100,3.000,3.000,3.000,12.000,20.000,10.000,1.000
105.200,5,0.2704,5.0000,-0.9472,0.100,10.000,0.100,3.000,3.000,3.000,12.000,20.000,10.000,1.000
105.400,0,0.6371,5.0000,1.6632,0.100,10.000,0.100,3.000,3.000,3.000,12.000,20.000,10.000,1.000
105.400,1,-1.2098,4.8414,2.7668,0.100,10.000,0.100,3.000,3.000,3.000,12.000,20.000,10.000,1.000
105.400,2,-2.1249,4.9374,0.6646,0.100,10.000,0.100,3.000,3.000,3.000,12.000,20.000,10.000,1.000
105.400,3,-3.1447,5.0000,1.7651,0.100,10.000,0.100,3.000,3.000,3.000,12.000,20.000,10.000,1.000
105.400,4,-1.3717,5.0000,-0.1724,0.100,10.000,0.100,3.000,3.000,3.000,12.000,20.000,10.000,1.000
105.400,5,0.5019,5.0000,-0.4487,0.100,10.000,0.100,3.000,3.000,3.000,12.000,20.000,10.000,1.000
105.600,0,0.5849,4.9595,1.8229,0.100,10.000,0.100,3.000,3.000,3.000,12.000,20.000,10.000,1.000
105.600,1,-1.1966,4.7007,2.5914,0.100,10.000,0.100,3.000,3.000,3.000,12.000,20.000,10.000,1.000
105.600,2,-1.9815,4.9330,0.7734,0.100,10.000,0.100,3.000,3.000,3.000,12.000,20.000,10.000,1.000
105.600,3,-2.6936,5.0000,1.8929,0.100,10.000,0.100,3.000,3.000,3.000,12.000,20.000,10.000,1.000
105.600,4,-1.1593,4.9985,0.0087,0.100,10.000,0.100,3.000,3.000,3.000,12.000,20.000,10.000,1.000
105.600,5,0.8287,5.0000,0.1038,0.100,10.000,0.100,3.000,3.000,3.000,12.000,20.000,10.000,1.000
105.800,0,0.5431,4.8464,1.9609,0.100,10.000,0.100,3.000,3.000,3.000,12.000,20.000,10.000,1.000
105.800,1,-1.1553,4.5140,2.3816,0.100,10.000,0.100,3.000,3.000,3.000,12.000,20.000,10.000,1.000
105.800,2,-1.7826,4.8769,0.8899,0.100,10.000,0.100,3.000,3.000,3.000,12.000,20.000,10.000,1.000
105.800,3,-2.1322,4.9975,1.9651,0.100,10.000,0.100,3.000,3.000,3.000,12.000,20.000,10.000,1.000
105.800,4,-0.8220,4.9047,0.2091,0.100,10.000,0.100,3.000,3.000,3.000,12.000,20.000,10.000,1.000
105.800,5,1.2101,4.9839,0.6685,0.100,10.000,0.100,3.000,3.000,3.000,12.000,20.000,10.000,1.000
106.000,0,0.5142,4.6653,2.0664,0.100,10.000,0.100,3.000,3.000,3.000,12.000,20.000,10.000,1.000
106.000,1,-1.0684,4.2862,2.1512,0.100,10.000,0.100,3.000,3.000,3.000,12.000,20.000,10.000,1.000
106.000,2,-1.5179,4.7200,0.9873,0.100,10.000,0.100,3.000,3.000,3.000,12.000,20.000,10.000,1.000
106.000,3,-1.4665,4.8959,1.9677,0.100,10.000,0.100,3.000,3.000,3.000,12.000,20.000,10.000,1.000
106.000,4,-0.3865,4.6594,0.3821,0.100,10.000,0.100,3.000,3.000,3.000,12.000,20.000,10.000,1.000
106.000,5,1.6032,4.8278,1.1936,0.100,10.000,0.100,3.000,3.000,3.000,12.000,20.000,10.000,1.000
106.200,0,0.4988,4.4186,2.1344,0.100,10.000,0.100,3.000,3.000,3.000,12.000,20.000,10.000,1.000
106.200,1,-0.9229,4.0253,1.9340,0.100,10.000,0.100,3.000,3.000,3.000,12.000,20.000,10.000,1.000
106.200,2,-1.2055,4.4594,1.0441,0.100,10.000,0.100,3.000,3.000,3.000,12.000,20.000,10.000,1.000
106.200,3,-0.7246,4.6365,1.8817,0.100,10.000,0.100,3.000,3.000,3.000,12.000,20.000,10.000,1.000
106.200,4,0.1071,4.2828,0.5096,0.100,10.000,0.100,3.000,3.000,3.000,12.000,20.000,10.000,1.000
106.200,5,1.9774,4.5133,1.6217,0.100,10.000,0.100,3.000,3.000,3.000,12.000,20.000,10.000,1.000
106.400,0,0.5136,4.1064,2.1543,0.100,10.000,0.100,3.000,3.000,3.000,12.000,20.000,10.000,1.000
106.400,1,-0.7247,3.7413,1.7688,0.100,10.000,0.100,3.000,3.000,3.000,12.000,20.000,10.000,1.000
106.400,2,-0.8606,4.1050,1.0490,0.100,10.000,0.100,3.000,3.000,3.000,12.000,20.000,10.000,1.000
106.400,3,0.0708,4.2117,1.7000,0.100,10.000,0.100,3.000,3.000,3.000,12.000,20.000,10.000,1.000
106.400,4,0.6247,3.8102,0.5769,0.100,10.000,0.100,3.000,3.000,3.000,12.000,20.000,10.000,1.000
106.400,5,2.3255,4.0661,1.9045,0.100,10.000,0.100,3.000,3.000,3.000,12.000,20.000,10.000,1.000
106.600,0,0.5846,3.7311,2.1252,0.100,10.000,0.100,3.000,3.000,3.000,12.000,20.000,10.000,1.000
106.600,1,-0.4947,3.4467,1.6834,0.100,10.000,0.100,3.000,3.000,3.000,12.000,20.000,10.000,1.000
106.600,2,-0.5049,3.6727,0.9932,0.100,10.000,0.100,3.000,3.000,3.000,12.000,20.000,10.000,1.000
106.600,3,0.8674,3.6012,1.4197,0.100,10.000,0.100,3.000,3.000,3.000,12.000,20.000,10.000,1.000
106.600,4,1.1315,3.2795,0.5717,0.100,10.000,0.100,3.000,3.000,3.000,12.000,20.000,10.000,1.000
106.600,5,2.6360,3.5330,1.9951,0.100,10.000,0.100,3.000,3.000,3.000,12.000,20.000,10.000,1.000
106.800,0,0.7347,3.3186,2.0597,0.100,10.000,0.100,3.000,3.000,3.000,12.000,20.000,10.000,1.000
106.800,1,-0.2792,3.1376,1.6032,0.100,10.000,0.100,3.000,3.000,3.000,12.000,20.000,10.000,1.000
106.800,2,-0.1656,3.1797,0.8646,0.100,10.000,0.100,3.000,3.000,3.000,12.000,20.000,10.000,1.000
106.800,3,1.5074,2.8577,1.1074,0.100,10.000,0.100,3.000,3.000,3.000,12.000,20.000,10.000,1.000
106.800,4,1.5843,2.7348,0.4843,0.100,10.000,0.100,3.000,3.000,3.000,12.000,20.000,10.000,1.000
106.800,5,2.9050,3.0074,1.8821,0.100,10.000,0.100,3.000,3.000,3.000,12.000,20.000,10.000,1.000
107.000,0,0.9427,2.9266,1.9307,0.100,10.000,0.100,3.000,3.000,3.000,12.000,20.000,10.000,1.000
107.000,1,-0.0884,2.8210,1.4835,0.100,10.000,0.100,3.000,3.000,3.000,12.000,20.000,10.000,1.000
107.000,2,0.1508,2.6570,0.6662,0.100,10.000,0.100,3.000,3.000,3.000,12.000,20.000,10.000,1.000
107.000,3,1.9638,2.1133,0.8088,0.100,10.000,0.100,3.000,3.000,3.000,12.000,20.000,10.000,1.000
107.000,4,1.9424,2.2280,0.3200,0.100,10.000,0.100,3.000,3.000,3.000,12.000,20.000,10.000,1.000
107.000,5,3.1115,2.5913,1.7005,0.100,10.000,0.100,3.000,3.000,3.000,12.000,20.000,10.000,1.000
107.200,0,1.1343,2.5623,1.7241,0.100,10.000,0.100,3.000,3.000,3.000,12.000,20.000,10.000,1.000
107.200,1,0.0754,2.5143,1.3084,0.100,10.000,0.100,3.000,3.000,3.000,12.000,20.000,10.000,1.000
107.200,2,0.4233,2.1494,0.3777,0.100,10.000,0.100,3.000,3.000,3.000,12.000,20.000,10.000,1.000
107.200,3,2.2921,1.4884,0.4489,0.100,10.000,0.100,3.000,3.000,3.000,12.000,20.000,10.000,1.000
107.200,4,2.1781,1.8125,0.0903,0.100,10.000,0.100,3.000,3.000,3.000,12.000,20.000,10.000,1.000
107.200,5,3.2465,2.3016,1.5275,0.100,10.000,0.100,3.000,3.000,3.000,12.000,20.000,10.000,1.000
107.400,0,1.2845,2.2365,1.4351,0.100,10.000,0.100,3.000,3.000,3.000,12.000,20.000,10.000,1.000
107.400,1,0.2037,2.2383,1.0611,0.100,10.000,0.100,3.000,3.000,3.000,12.000,20.000,10.000,1.000
107.400,2,0.6358,1.7095,-0.0034,0.100,10.000,0.100,3.000,3.000,3.000,12.000,20.000,10.000,1.000
107.400,3,2.5025,1.0275,0.0314,0.100,10.000,0.100,3.000,3.000,3.000,12.000,20.000,10.000,1.000
107.400,4,2.3075,1.5352,-0.1631,0.100,10.000,0.100,3.000,3.000,3.000,12.000,20.000,10.000,1.000
107.400,5,3.3204,2.1278,1.3655,0.100,10.000,0.100,3.000,3.000,3.000,12.000,20.000,10.000,1.000
107.600,0,1.3965,1.9790,1.0592,0.100,10.000,0.100,3.000,3.000,3.000,12.000,20.000,10.000,1.000
107.600,1,0.2989,2.0220,0.7409,0.100,10.000,0.100,3.000,3.000,3.000,12.000,20.000,10.000,1.000
107.600,2,0.7898,1.3896,-0.4530,0.100,10.000,0.100,3.000,3.000,3.000,12.000,20.000,10.000,1.000
107.600,3,2.6253,0.7377,-0.4056,0.100,10.000,0.100,3.000,3.000,3.000,12.000,20.000,10.000,1.000
107.600,4,2.3686,1.3955,-0.3731,0.100,10.000,0.100,3.000,3.000,3.000,12.000,20.000,10.000,1.000
107.600,5,3.3466,2.0344,1.2170,0.100,10.000,0.100,3.000,3.000,3.000,12.000,20.000,10.000,1.000
107.799,0,1.4488,1.8205,0.6058,0.100,10.000,0.100,3.000,3.000,3.000,12.000,20.000,10.000,1.000
107.799,1,0.3437,1.8909,0.3533,0.100,10.000,0.100,3.000,3.000,3.000,12.000,20.000,10.000,1.000
107.799,2,0.8655,1.2190,-0.9265,0.100,10.000,0.100,3.000,3.000,3.000,12.000,20.000,10.000,1.000
107.799,3,2.6662,0.6039,-0.8326,0.100,10.000,0.100,3.000,3.000,3.000,12.000,20.000,10.000,1.000
107.799,4,2.3813,1.3559,-0.5054,0.100,10.000,0.100,3.000,3.000,3.000,12.000,20.000,10.000,1.000
107.799,5,3.3352,1.9952,1.0719,0.100,10.000,0.100,3.000,3.000,3.000,12.000,20.000,10.000,1.000
107.999,0,1.4264,1.7763,0.1154,0.100,10.000,0.100,3.000,3.000,3.000,12.000,20.000,10.000,1.000
107.999,1,0.3150,1.8687,-0.0677,0.100,10.000,0.100,3.000,3.000,3.000,12.000,20.000,10.000,1.000
107.999,2,0.8412,1.1993,-1.3672,0.100,10.000,0.100,3.000,3.000,3.000,12.000,20.000,10.000,1.000
107.999,3,2.6254,0.5944,-1.2380,0.100,10.000,0.100,3.000,3.000,3.000,12.000,20.000,10.000,1.000
107.999,4,2.3677,1.3664,-0.5690,0.100,10.000,0.100,3.000,3.000,3.000,12.000,20.000,10.000,1.000
107.999,5,3.2939,1.9960,0.9000,0.100,10.000,0.100,3.000,3.000,3.000,12.000,20.000,10.000,1.000
108.199,0,1.3315,1.8352,-0.3660,0.100,10.000,0.100,3.000,3.000,3.000,12.000,20.000,10.000,1.000
108.199,1,0.2110,1.9536,-0.4744,0.100,10.000,0.100,3.000,3.000,3.000,12.000,20.000,10.000,1.000
108.199,2,0.7379,1.2873,-1.7401,0.100,10.000,0.100,3.000,3.000,3.000,12.000,20.000,10.000,1.000
108.199,3,2.5093,0.6941,-1.6328,0.100,10.000,0.100,3.000,3.000,3.000,12.000,20.000,10.000,1.000
108.199,4,2.3201,1.4224,-0.6450,0.100,10.000,0.100,3.000,3.000,3.000,12.000,20.000,10.000,1.000
108.199,5,3.2204,2.0509,0.6813,0.100,10.000,0.100,3.000,3.000,3.000,12.000,20.000,10.000,1.000
108.399,0,1.1922,1.9866,-0.7894,0.100,10.000,0.100,3.000,3.000,3.000,12.000,20.000,10.000,1.000
108.399,1,0.0626,2.1303,-0.8334,0.100,10.000,0.100,3.000,3.000,3.000,12.000,20.000,10.000,1.000
108.399,2,0.6067,1.4483,-2.0531,0.100,10.000,0.100,3.000,3.000,3.000,12.000,20.000,10.000,1.000
108.399,3,2.3379,0.8998,-2.0296,0.100,10.000,0.100,3.000,3.000,3.000,12.000,20.000,10.000,1.000
108.399,4,2.2327,1.5351,-0.7958,0.100,10.000,0.100,3.000,3.000,3.000,12.000,20.000,10.000,1.000
108.399,5,3.1054,2.1821,0.4250,0.100,10.000,0.100,3.000,3.000,3.000,12.000,20.000,10.000,1.000
108.599,0,1.0310,2.2136,-1.1090,0.100,10.000,0.100,3.000,3.000,3.000,12.000,20.000,10.000,1.000
108.599,1,-0.1023,2.3696,-1.1343,0.100,10.000,0.100,3.000,3.000,3.000,12.000,20.000,10.000,1.000
108.599,2,0.4590,1.6653,-2.3152,0.100,10.000,0.100,3.000,3.000,3.000,12.000,20.000,10.000,1.000
108.599,3,2.1117,1.2283,-2.4231,0.100,10.000,0.100,3.000,3.000,3.000,12.000,20.000,10.000,1.000
108.599,4,2.0993,1.7308,-1.0245,0.100,10.000,0.100,3.000,3.000,3.000,12.000,20.000,10.000,1.000
108.599,5,2.9461,2.4058,0.1536,0.100,10.000,0.100,3.000,3.000,3.000,12.000,20.000,10.000,1.000
108.799,0,0.8541,2.4800,-1.2897,0.100,10.000,0.100,3.000,3.000,3.000,12.000,20.000,10.000,1.000
108.799,1,-0.3006,2.6674,-1.3267,0.100,10.000,0.100,3.000,3.000,3.000,12.000,20.000,10.000,1.000
108.799,2,0.2648,1.9591,-2.4960,0.100,10.000,0.100,3.000,3.000,3.000,12.000,20.000,10.000,1.000
108.799,3,1.7807,1.7220,-2.7256,0.100,10.000,0.100,3.000,3.000,3.000,12.000,20.000,10.000,1.000
108.799,4,1.8693,2.0727,-1.2308,0.100,10.000,0.100,3.000,3.000,3.000,12.000,20.000,10.000,1.000
108.799,5,2.7094,2.7402,-0.0589,0.100,10.000,0.100,3.000,3.000,3.000,12.000,20.000,10.000,1.000
108.999,0,0.6618,2.7363,-1.3530,0.100,10.000,0.100,3.000,3.000,3.000,12.000,20.000,10.000,1.000
108.999,1,-0.5355,2.9795,-1.4003,0.100,10.000,0.100,3.000,3.000,3.000,12.000,20.000,10.000,1.000
108.999,2,-0.0067,2.3239,-2.5767,0.100,10.000,0.100,3.000,3.000,3.000,12.000,20.000,10.000,1.000
108.999,3,1.3104,2.3486,-2.8636,0.100,10.000,0.100,3.000,3.000,3.000,12.000,20.000,10.000,1.000
108.999,4,1.5244,2.5328,-1.3343,0.100,10.000,0.100,3.000,3.000,3.000,12.000,20.000,10.000,1.000
108.999,5,2.3839,3.1526,-0.1562,0.100,10.000,0.100,3.000,3.000,3.000,12.000,20.000,10.000,1.000
109.199,0,0.4634,2.9907,-1.3496,0.100,10.000,0.100,3.000,3.000,3.000,12.000,20.000,10.000,1.000
109.199,1,-0.7749,3.2864,-1.3939,0.100,10.000,0.100,3.000,3.000,3.000,12.000,20.000,10.000,1.000
109.199,2,-0.3458,2.7586,-2.5631,0.100,10.000,0.100,3.000,3.000,3.000,12.000,20.000,10.000,1.000
109.199,3,0.7551,3.0647,-2.8396,0.100,10.000,0.100,3.000,3.000,3.000,12.000,20.000,10.000,1.000
109.199,4,1.1090,3.0625,-1.3178,0.100,10.000,0.100,3.000,3.000,3.000,12.000,20.000,10.000,1.000
109.199,5,2.0075,3.6128,-0.1437,0.100,10.000,0.100,3.000,3.000,3.000,12.000,20.000,10.000,1.000
109.399,0,0.2160,3.2893,-1.2759,0.100,10.000,0.100,3.000,3.000,3.000,12.000,20.000,10.000,1.000
109.399,1,-1.0113,3.5715,-1.3234,0.100,10.000,0.100,3.000,3.000,3.000,12.000,20.000,10.000,1.000
109.399,2,-0.7533,3.2519,-2.4393,0.100,10.000,0.100,3.000,3.000,3.000,12.000,20.000,10.000,1.000
109.399,3,0.1821,3.7642,-2.6603,0.100,10.000,0.100,3.000,3.000,3.000,12.000,20.000,10.000,1.000
109.399,4,0.6586,3.6015,-1.1807,0.100,10.000,0.100,3.000,3.000,3.000,12.000,20.000,10.000,1.000
109.399,5,1.5963,4.0847,-0.0260,0.100,10.000,0.100,3.000,3.000,3.000,12.000,20.000,10.000,1.000
109.599,0,-0.1261,3.6509,-1.1032,0.100,10.000,0.100,3.000,3.000,3.000,12.000,20.000,10.000,1.000
109.599,1,-1.2510,3.8243,-1.2010,0.100,10.000,0.100,3.000,3.000,3.000,12.000,20.000,10.000,1.000
109.599,2,-1.1963,3.7282,-2.2196,0.100,10.000,0.100,3.000,3.000,3.000,12.000,20.000,10.000,1.000
109.599,3,-0.3704,4.3501,-2.3727,0.100,10.000,0.100,3.000,3.000,3.000,12.000,20.000,10.000,1.000
109.599,4,0.1949,4.0873,-0.9434,0.100,10.000,0.100,3.000,3.000,3.000,12.000,20.000,10.000,1.000
109.599,5,1.1644,4.5292,0.1939,0.100,10.000,0.100,3.000,3.000,3.000,12.000,20.000,10.000,1.000
109.799,0,-0.5692,4.0426,-0.7963,0.100,10.000,0.100,3.000,3.000,3.000,12.000,20.000,10.000,1.000
109.799,1,-1.4928,4.0358,-1.0309,0.100,10.000,0.100,3.000,3.000,3.000,12.000,20.000,10.000,1.000
109.799,2,-1.5902,4.0763,-1.9393,0.100,10.000,0.100,3.000,3.000,3.000,12.000,20.000,10.000,1.000
109.799,3,-0.8795,4.7931,-2.0064,0.100,10.000,0.100,3.000,3.000,3.000,12.000,20.000,10.000,1.000
109.799,4,-0.2579,4.4777,-0.6253,0.100,10.000,0.100,3.000,3.000,3.000,12.000,20.000,10.000,1.000
109.799,5,0.7183,4.9061,0.5071,0.100,10.000,0.100,3.000,3.000,3.000,12.000,20.000,10.000,1.000
109.999,0,-1.0993,4.4119,-0.3606,0.100,10.000,0.100,3.000,3.000,3.000,12.000,20.000,10.000,1.000
109.999,1,-1.7340,4.1998,-0.8250,0.100,10.000,0.100,3.000,3.000,3.000,12.000,20.000,10.000,1.000
109.999,2,-1.9180,4.3008,-1.6596,0.100,10.000,0.100,3.000,3.000,3.000,12.000,20.000,10.000,1.000
109.999,3,-1.3437,5.0000,-1.6066,0.100,10.000,0.100,3.000,3.000,3.000,12.000,20.000,10.000,1.000
109.999,4,-0.6786,4.7587,-0.2717,0.100,10.000,0.100,3.000,3.000,3.000,12.000,20.000,10.000,1.000
109.999,5,0.2683,5.0000,0.8839,0.100,10.000,0.100,3.000,3.000,3.000,12.000,20.000,10.000,1.000
110.199,0,-1.6530,4.6938,0.1483,0.100,10.000,0.100,3.000,3.000,3.000,12.000,20.000,10.000,1.000
110.199,1,-1.9772,4.3172,-0.5938,0.100,10.000,0.100,3.000,3.000,3.000,12.000,20.000,10.000,1.000
110.199,2,-2.1818,4.4313,-1.4054,0.100,10.000,0.100,3.000,3.000,3.000,12.000,20.000,10.000,1.000
110.199,3,-1.7589,5.0000,-1.2025,0.100,10.000,0.100,3.000,3.000,3.000,12.000,20.000,10.000,1.000
110.199,4,-1.0578,4.9378,0.0832,0.100,10.000,0.100,3.000,3.000,3.000,12.000,20.000,10.000,1.000
110.199,5,-0.1811,5.0000,1.3024,0.100,10.000,0.100,3.000,3.000,3.000,12.000,20.000,10.000,1.000
110.399,0,-2.1564,4.8073,0.6949,0.100,10.000,0.100,3.000,3.000,3.000,12.000,20.000,10.000,1.000
110.399,1,-2.2108,4.3634,-0.3305,0.100,10.000,0.100,3.000,3.000,3.000,12.000,20.000,10.000,1.000
110.399,2,-2.3846,4.4719,-1.1732,0.100,10.000,0.100,3.000,3.000,3.000,12.000,20.000,10.000,1.000
110.399,3,-2.1254,5.0000,-0.7802,0.100,10.000,0.100,3.000,3.000,3.000,12.000,20.000,10.000,1.000
110.399,4,-1.3775,4.9956,0.4398,0.100,10.000,0.100,3.000,3.000,3.000,12.000,20.000,10.000,1.000
110.399,5,-0.6005,5.0000,1.7666,0.100,10.000,0.100,3.000,3.000,3.000,12.000,20.000,10.000,1.000
110.599,0,-2.5570,4.7176,1.2380,0.100,10.000,0.100,3.000,3.000,3.000,12.000,20.000,10.000,1.000
110.599,1,-2.4152,4.3138,-0.0463,0.100,10.000,0.100,3.000,3.000,3.000,12.000,20.000,10.000,1.000
110.599,2,-2.5346,4.4336,-0.9590,0.100,10.000,0.100,3.000,3.000,3.000,12.000,20.000,10.000,1.000
110.599,3,-2.4318,4.9246,-0.3313,0.100,10.000,0.100,3.000,3.000,3.000,12.000,20.000,10.000,1.000
110.599,4,-1.6323,4.9271,0.7909,0.100,10.000,0.100,3.000,3.000,3.000,12.000,20.000,10.000,1.000
110.599,5,-0.9683,4.9104,2.2485,0.100,10.000,0.100,3.000,3.000,3.000,12.000,20.000,10.000,1.000
110.799,0,-2.8319,4.4653,1.7336,0.100,10.000,0.100,3.000,3.000,3.000,12.000,20.000,10.000,1.000
110.799,1,-2.5690,4.1696,0.2356,0.100,10.000,0.100,3.000,3.000,3.000,12.000,20.000,10.000,1.000
110.799,2,-2.6397,4.3297,-0.7562,0.100,10.000,0.100,3.000,3.000,3.000,12.000,20.000,10.000,1.000
110.799,3,-2.6592,4.7035,0.1295,0.100,10.000,0.100,3.000,3.000,3.000,12.000,20.000,10.000,1.000
110.799,4,-1.8165,4.7471,1.1293,0.100,10.000,0.100,3.000,3.000,3.000,12.000,20.000,10.000,1.000
110.799,5,-1.2492,4.6636,2.7150,0.100,10.000,0.100,3.000,3.000,3.000,12.000,20.000,10.000,1.000
110.999,0,-2.9736,4.1104,2.1531,0.100,10.000,0.100,3.000,3.000,3.000,12.000,20.000,10.000,1.000
110.999,1,-2.6575,3.9493,0.5011,0.100,10.000,0.100,3.000,3.000,3.000,12.000,20.000,10.000,1.000
110.999,2,-2.7018,4.1624,-0.5558,0.100,10.000,0.100,3.000,3.000,3.000,12.000,20.000,10.000,1.000
110.999,3,-2.7915,4.3403,0.5880,0.100,10.000,0.100,3.000,3.000,3.000,12.000,20.000,10.000,1.000
110.999,4,-1.9251,4.4667,1.4550,0.100,10.000,0.100,3.000,3.000,3.000,12.000,20.000,10.000,1.000
110.999,5,-1.4107,4.2944,3.1344,0.100,10.000,0.100,3.000,3.000,3.000,12.000,20.000,10.000,1.000
111.199,0,-2.9866,3.7189,2.4752,0.100,10.000,0.100,3.000,3.000,3.000,12.000,20.000,10.000,1.000
111.199,1,-2.6661,3.6747,0.7322,0.100,10.000,0.100,3.000,3.000,3.000,12.000,20.000,10.000,1.000
111.199,2,-2.7028,3.9248,-0.3548,0.100,10.000,0.100,3.000,3.000,3.000,12.000,20.000,10.000,1.000
111.199,3,-2.7933,3.8520,1.0220,0.100,10.000,0.100,3.000,3.000,3.000,12.000,20.000,10.000,1.000
111.199,4,-1.9332,4.0940,1.7592,0.100,10.000,0.100,3.000,3.000,3.000,12.000,20.000,10.000,1.000
111.199,5,-1.4357,3.8492,3.4833,0.100,10.000,0.100,3.000,3.000,3.000,12.000,20.000,10.000,1.000
111.399,0,-2.8889,3.3497,2.6809,0.100,10.000,0.100,3.000,3.000,3.000,12.000,20.000,10.000,1.000
111.399,1,-2.5865,3.3730,0.9146,0.100,10.000,0.100,3.000,3.000,3.000,12.000,20.000,10.000,1.000
111.399,2,-2.6155,3.6153,-0.1687,0.100,10.000,0.100,3.000,3.000,3.000,12.000,20.000,10.000,1.000
111.399,3,-2.6246,3.2793,1.4042,0.100,10.000,0.100,3.000,3.000,3.000,12.000,20.000,10.000,1.000
111.399,4,-1.8140,3.6533,2.0175,0.100,10.000,0.100,3.000,3.000,3.000,12.000,20.000,10.000,1.000
111.399,5,-1.3191,3.3911,3.7373,0.100,10.000,0.100,3.000,3.000,3.000,12.000,20.000,10.000,1.000
111.599,0,-2.7156,3.0361,2.7794,0.100,10.000,0.100,3.000,3.000,3.000,12.000,20.000,10.000,1.000
111.599,1,-2.4162,3.0729,1.0429,0.100,10.000,0.100,3.000,3.000,3.000,12.000,20.000,10.000,1.000
111.599,2,-2.4059,3.2540,-0.0145,0.100,10.000,0.100,3.000,3.000,3.000,12.000,20.000,10.000,1.000
111.599,3,-2.2717,2.6896,1.7098,0.100,10.000,0.100,3.000,3.000,3.000,12.000,20.000,10.000,1.000
111.599,4,-1.5609,3.1925,2.2074,0.100,10.000,0.100,3.000,3.000,3.000,12.000,20.000,10.000,1.000
111.599,5,-1.0925,2.9890,3.8915,0.100,10.000,0.100,3.000,3.000,3.000,12.000,20.000,10.000,1.000
111.799,0,-2.4826,2.7795,2.7835,0.100,10.000,0.100,3.000,3.000,3.000,12.000,20.000,10.000,1.000
111.799,1,-2.1606,2.7961,1.1115,0.100,10.000,0.100,3.000,3.000,3.000,12.000,20.000,10.000,1.000
111.799,2,-2.0541,2.8768,0.0786,0.100,10.000,0.100,3.000,3.000,3.000,12.000,20.000,10.000,1.000
111.799,3,-1.7589,2.1646,1.9024,0.100,10.000,0.100,3.000,3.000,3.000,12.000,20.000,10.000,1.000
111.799,4,-1.1893,2.7664,2.3089,0.100,10.000,0.100,3.000,3.000,3.000,12.000,20.000,10.000,1.000
111.799,5,-0.8188,2.6941,3.9493,0.100,10.000,0.100,3.000,3.000,3.000,12.000,20.000,10.000,1.000
111.999,0,-2.1817,2.5640,2.7105,0.100,10.000,0.100,3.000,3.000,3.000,12.000,20.000,10.000,1.000
111.999,1,-1.8283,2.5597,1.1073,0.100,10.000,0.100,3.000,3.000,3.000,12.000,20.000,10.000,1.000
111.999,2,-1.5745,2.5310,0.0928,0.100,10.000,0.100,3.000,3.000,3.000,12.000,20.000,10.000,1.000
111.999,3,-1.1433,1.7590,1.9460,0.100,10.000,0.100,3.000,3.000,3.000,12.000,20.000,10.000,1.000
111.999,4,-0.7289,2.4279,2.3020,0.100,10.000,0.100,3.000,3.000,3.000,12.000,20.000,10.000,1.000
111.999,5,-0.5571,2.5105,3.9236,0.100,10.000,0.100,3.000,3.000,3.000,12.000,20.000,10.000,1.000
112.199,0,-1.8043,2.3897,2.5815,0.100,10.000,0.100,3.000,3.000,3.000,12.000,20.000,10.000,1.000
112.199,1,-1.4372,2.3855,1.0220,0.100,10.000,0.100,3.000,3.000,3.000,12.000,20.000,10.000,1.000
112.199,2,-0.9958,2.2508,0.0266,0.100,10.000,0.100,3.000,3.000,3.000,12.000,20.000,10.000,1.000
112.199,3,-0.4964,1.4889,1.8269,0.100,10.000,0.100,3.000,3.000,3.000,12.000,20.000,10.000,1.000
112.199,4,-0.2258,2.2065,2.1863,0.100,10.000,0.100,3.000,3.000,3.000,12.000,20.000,10.000,1.000
112.199,5,-0.3262,2.4109,3.8273,0.100,10.000,0.100,3.000,3.000,3.000,12.000,20.000,10.000,1.000
112.399,0,-1.3484,2.2685,2.3996,0.100,10.000,0.100,3.000,3.000,3.000,12.000,20.000,10.000,1.000
112.399,1,-1.0096,2.2721,0.8616,0.100,10.000,0.100,3.000,3.000,3.000,12.000,20.000,10.000,1.000
112.399,2,-0.3625,2.0578,-0.1227,0.100,10.000,0.100,3.000,3.000,3.000,12.000,20.000,10.000,1.000
112.399,3,0.1378,1.3300,1.5863,0.100,10.000,0.100,3.000,3.000,3.000,12.000,20.000,10.000,1.000
112.399,4,0.2633,2.0819,1.9962,0.100,10.000,0.100,3.000,3.000,3.000,12.000,20.000,10.000,1.000
112.399,5,-0.1179,2.3678,3.6609,0.100,10.000,0.100,3.000,3.000,3.000,12.000,20.000,10.000,1.000
112.599,0,-0.8410,2.2215,2.1152,0.100,10.000,0.100,3.000,3.000,3.000,12.000,20.000,10.000,1.000
112.599,1,-0.5696,2.2328,0.6184,0.100,10.000,0.100,3.000,3.000,3.000,12.000,20.000,10.000,1.000
112.599,2,0.2820,1.9689,-0.3546,0.100,10.000,0.100,3.000,3.000,3.000,12.000,20.000,10.000,1.000
112.599,3,0.7403,1.2843,1.2509,0.100,10.000,0.100,3.000,3.000,3.000,12.000,20.000,10.000,1.000
112.599,4,0.7085,2.0477,1.7457,0.100,10.000,0.100,3.000,3.000,3.000,12.000,20.000,10.000,1.000
112.599,5,0.0860,2.3703,3.4223,0.100,10.000,0.100,3.000,3.000,3.000,12.000,20.000,10.000,1.000
112.799,0,-0.3109,2.2756,1.7109,0.100,10.000,0.100,3.000,3.000,3.000,12.000,20.000,10.000,1.000
112.799,1,-0.1503,2.2764,0.3016,0.100,10.000,0.100,3.000,3.000,3.000,12.000,20.000,10.000,1.000
112.799,2,0.8917,1.9939,-0.6573,0.100,10.000,0.100,3.000,3.000,3.000,12.000,20.000,10.000,1.000
112.799,3,1.2921,1.3501,0.8316,0.100,10.000,0.100,3.000,3.000,3.000,12.000,20.000,10.000,1.000
112.799,4,1.0881,2.0940,1.4547,0.100,10.000,0.100,3.000,3.000,3.000,12.000,20.000,10.000,1.000
112.799,5,0.2944,2.4190,3.1091,0.100,10.000,0.100,3.000,3.000,3.000,12.000,20.000,10.000,1.000
112.999,0,0.2097,2.4469,1.1994,0.100,10.000,0.100,3.000,3.000,3.000,12.000,20.000,10.000,1.000
112.999,1,0.2330,2.4040,-0.0710,0.100,10.000,0.100,3.000,3.000,3.000,12.000,20.000,10.000,1.000
112.999,2,1.4225,2.1323,-1.0197,0.100,10.000,0.100,3.000,3.000,3.000,12.000,20.000,10.000,1.000
112.999,3,1.7816,1.5229,0.3507,0.100,10.000,0.100,3.000,3.000,3.000,12.000,20.000,10.000,1.000
112.999,4,1.3965,2.2038,1.1478,0.100,10.000,0.100,3.000,3.000,3.000,12.000,20.000,10.000,1.000
112.999,5,0.5193,2.5214,2.7311,0.100,10.000,0.100,3.000,3.000,3.000,12.000,20.000,10.000,1.000
113.199,0,0.6825,2.7322,0.6012,0.100,10.000,0.100,3.000,3.000,3.000,12.000,20.000,10.000,1.000
113.199,1,0.5617,2.6110,-0.4878,0.100,10.000,0.100,3.000,3.000,3.000,12.000,20.000,10.000,1.000
113.199,2,1.8378,2.3711,-1.4311,0.100,10.000,0.100,3.000,3.000,3.000,12.000,20.000,10.000,1.000
113.199,3,2.1938,1.7958,-0.1736,0.100,10.000,0.100,3.000,3.000,3.000,12.000,20.000,10.000,1.000
113.199,4,1.6432,2.3672,0.8272,0.100,10.000,0.100,3.000,3.000,3.000,12.000,20.000,10.000,1.000
113.199,5,0.7535,2.6906,2.3100,0.100,10.000,0.100,3.000,3.000,3.000,12.000,20.000,10.000,1.000
113.399,0,1.0828,3.1010,-0.0531,0.100,10.000,0.100,3.000,3.000,3.000,12.000,20.000,10.000,1.000
113.399,1,0.8255,2.8782,-0.9246,0.100,10.000,0.100,3.000,3.000,3.000,12.000,20.000,10.000,1.000
113.399,2,2.1232,2.6682,-1.8820,0.100,10.000,0.100,3.000,3.000,3.000,12.000,20.000,10.000,1.000
113.399,3,2.5226,2.1555,-0.7103,0.100,10.000,0.100,3.000,3.000,3.000,12.000,20.000,10.000,1.000
113.399,4,1.8394,2.5794,0.4873,0.100,10.000,0.100,3.000,3.000,3.000,12.000,20.000,10.000,1.000
113.399,5,0.9851,2.9401,1.8667,0.100,10.000,0.100,3.000,3.000,3.000,12.000,20.000,10.000,1.000
113.599,0,1.4082,3.5106,-0.7040,0.100,10.000,0.100,3.000,3.000,3.000,12.000,20.000,10.000,1.000
113.599,1,1.0374,3.1886,-1.3549,0.100,10.000,0.100,3.000,3.000,3.000,12.000,20.000,10.000,1.000
113.599,2,2.3359,2.9906,-2.3203,0.100,10.000,0.100,3.000,3.000,3.000,12.000,20.000,10.000,1.000
113.599,3,2.7787,2.5771,-1.2168,0.100,10.000,0.100,3.000,3.000,3.000,12.000,20.000,10.000,1.000
113.599,4,2.0056,2.8341,0.1401,0.100,10.000,0.100,3.000,3.000,3.000,12.000,20.000,10.000,1.000
113.599,5,1.2001,3.2669,1.4102,0.100,10.000,0.100,3.000,3.000,3.000,12.000,20.000,10.000,1.000
113.799,0,1.6565,3.9235,-1.2838,0.100,10.000,0.100,3.000,3.000,3.000,12.000,20.000,10.000,1.000
113.799,1,1.2062,3.5313,-1.7590,0.100,10.000,0.100,3.000,3.000,3.000,12.000,20.000,10.000,1.000
113.799,2,2.4862,3.3126,-2.6867,0.100,10.000,0.100,3.000,3.000,3.000,12.000,20.000,10.000,1.000
113.799,3,2.9654,3.0228,-1.6493,0.100,10.000,0.100,3.000,3.000,3.000,12.000,20.000,10.000,1.000
113.799,4,2.1478,3.1343,-0.2085,0.100,10.000,0.100,3.000,3.000,3.000,12.000,20.000,10.000,1.000
113.799,5,1.3842,3.6554,0.9527,0.100,10.000,0.100,3.000,3.000,3.000,12.000,20.000,10.000,1.000
113.999,0,1.8136,4.3110,-1.7508,0.100,10.000,0.100,3.000,3.000,3.000,12.000,20.000,10.000,1.000
113.999,1,1.3179,3.8909,-2.1191,0.100,10.000,0.100,3.000,3.000,3.000,12.000,20.000,10.000,1.000
113.999,2,2.5594,3.5676,-2.9289,0.100,10.000,0.100,3.000,3.000,3.000,12.000,20.000,10.000,1.000
113.999,3,3.0721,3.4496,-1.9932,0.100,10.000,0.100,3.000,3.000,3.000,12.000,20.000,10.000,1.000
113.999,4,2.2506,3.4842,-0.5542,0.100,10.000,0.100,3.000,3.000,3.000,12.000,20.000,10.000,1.000
113.999,5,1.5146,4.0936,0.5064,0.100,10.000,0.100,3.000,3.000,3.000,12.000,20.000,10.000,1.000
114.199,0,1.8640,4.6504,-2.0746,0.100,10.000,0.100,3.000,3.000,3.000,12.000,20.000,10.000,1.000
114.199,1,1.3535,4.2394,-2.4141,0.100,10.000,0.100,3.000,3.000,3.000,12.000,20.000,10.000,1.000
114.199,2,2.5709,3.7222,-3.0453,0.100,10.000,0.100,3.000,3.000,3.000,12.000,20.000,10.000,1.000
114.199,3,3.0941,3.8297,-2.2536,0.100,10.000,0.100,3.000,3.000,3.000,12.000,20.000,10.000,1.000
114.199,4,2.2841,3.8820,-0.8859,0.100,10.000,0.100,3.000,3.000,3.000,12.000,20.000,10.000,1.000
114.199,5,1.5621,4.5625,0.0787,0.100,10.000,0.100,3.000,3.000,3.000,12.000,20.000,10.000,1.000
114.399,0,1.8172,4.9031,-2.2523,0.100,10.000,0.100,3.000,3.000,3.000,12.000,20.000,10.000,1.000
114.399,1,1.2991,4.5394,-2.6218,0.100,10.000,0.100,3.000,3.000,3.000,12.000,20.000,10.000,1.000
114.399,2,2.5420,3.8021,-3.0531,0.100,10.000,0.100,3.000,3.000,3.000,12.000,20.000,10.000,1.000
114.399,3,3.0259,4.1511,-2.4403,0.100,10.000,0.100,3.000,3.000,3.000,12.000,20.000,10.000,1.000
114.399,4,2.1970,4.3149,-1.1832,0.100,10.000,0.100,3.000,3.000,3.000,12.000,20.000,10.000,1.000
114.399,5,1.4958,5.0000,-0.3217,0.100,10.000,0.100,3.000,3.000,3.000,12.000,20.000,10.000,1.000
114.599,0,1.7448,5.0000,-2.3319,0.100,10.000,0.100,3.000,3.000,3.000,12.000,20.000,10.000,1.000
114.599,1,1.1948,4.7506,-2.7450,0.100,10.000,0.100,3.000,3.000,3.000,12.000,20.000,10.000,1.000
114.599,2,2.4769,3.8746,-2.9877,0.100,10.000,0.100,3.000,3.000,3.000,12.000,20.000,10.000,1.000
114.599,3,2.8834,4.4178,-2.5680,0.100,10.000,0.100,3.000,3.000,3.000,12.000,20.000,10.000,1.000
114.599,4,1.9793,4.7412,-1.4315,0.100,10.000,0.100,3.000,3.000,3.000,12.000,20.000,10.000,1.000
114.599,5,1.3177,5.0000,-0.6845,0.100,10.000,0.100,3.000,3.000,3.000,12.000,20.000,10.000,1.000
114.799,0,1.6977,5.0000,-2.3479,0.100,10.000,0.100,3.000,3.000,3.000,12.000,20.000,10.000,1.000
114.799,1,1.0984,4.8589,-2.7899,0.100,10.000,0.100,3.000,3.000,3.000,12.000,20.000,10.000,1.000
114.799,2,2.3544,3.9732,-2.8634,0.100,10.000,0.100,3.000,3.000,3.000,12.000,20.000,10.000,1.000
114.799,3,2.6717,4.6435,-2.6423,0.100,10.000,0.100,3.000,3.000,3.000,12.000,20.000,10.000,1.000
114.799,4,1.6541,5.0000,-1.5965,0.100,10.000,0.100,3.000,3.000,3.000,12.000,20.000,10.000,1.000
114.799,5,1.0424,5.0000,-1.0007,0.100,10.000,0.100,3.000,3.000,3.000,12.000,20.000,10.000,1.000
114.999,0,1.6171,4.9736,-2.3257,0.100,10.000,0.100,3.000,3.000,3.000,12.000,20.000,10.000,1.000
114.999,1,1.0547,4.8838,-2.7918,0.100,10.000,0.100,3.000,3.000,3.000,12.000,20.000,10.000,1.000
114.999,2,2.1620,4.0933,-2.7018,0.100,10.000,0.100,3.000,3.000,3.000,12.000,20.000,10.000,1.000
114.999,3,2.3762,4.8227,-2.6692,0.100,10.000,0.100,3.000,3.000,3.000,12.000,20.000,10.000,1.000
114.999,4,1.2658,5.0000,-1.6646,0.100,10.000,0.100,3.000,3.000,3.000,12.000,20.000,10.000,1.000
114.999,5,0.6933,5.0000,-1.2499,0.100,10.000,0.100,3.000,3.000,3.000,12.000,20.000,10.000,1.000
115.199,0,1.3880,4.9052,-2.2671,0.100,10.000,0.100,3.000,3.000,3.000,12.000,20.000,10.000,1.000
115.199,1,1.0321,4.8708,-2.7754,0.100,10.000,0.100,3.000,3.000,3.000,12.000,20.000,10.000,1.000
115.199,2,1.8855,4.2055,-2.5183,0.100,10.000,0.100,3.000,3.000,3.000,12.000,20.000,10.000,1.000
115.199,3,1.9710,4.9148,-2.6251,0.100,10.000,0.100,3.000,3.000,3.000,12.000,20.000,10.000,1.000
115.199,4,0.8648,5.0000,-1.6362,0.100,10.000,0.100,3.000,3.000,3.000,12.000,20.000,10.000,1.000
115.199,5,0.3008,5.0000,-1.4117,0.100,10.000,0.100,3.000,3.000,3.000,12.000,20.000,10.000,1.000
115.399,0,0.9542,4.8323,-2.1612,0.100,10.000,0.100,3.000,3.000,3.000,12.000,20.000,10.000,1.000
115.399,1,0.9552,4.8286,-2.7205,0.100,10.000,0.100,3.000,3.000,3.000,12.000,20.000,10.000,1.000
115.399,2,1.5322,4.2664,-2.3241,0.100,10.000,0.100,3.000,3.000,3.000,12.000,20.000,10.000,1.000
115.399,3,1.4604,4.9123,-2.4992,0.100,10.000,0.100,3.000,3.000,3.000,12.000,20.000,10.000,1.000
115.399,4,0.5059,4.9895,-1.5512,0.100,10.000,0.100,3.000,3.000,3.000,12.000,20.000,10.000,1.000
115.399,5,-0.0895,4.9998,-1.4698,0.100,10.000,0.100,3.000,3.000,3.000,12.000,20.000,10.000,1.000
115.599,0,0.3703,4.7291,-1.9472,0.100,10.000,0.100,3.000,3.000,3.000,12.000,20.000,10.000,1.000
115.599,1,0.7742,4.7568,-2.6203,0.100,10.000,0.100,3.000,3.000,3.000,12.000,20.000,10.000,1.000
115.599,2,1.1244,4.2432,-2.1314,0.100,10.000,0.100,3.000,3.000,3.000,12.000,20.000,10.000,1.000
115.599,3,0.8614,4.8072,-2.2685,0.100,10.000,0.100,3.000,3.000,3.000,12.000,20.000,10.000,1.000
115.599,4,0.1923,4.9311,-1.4323,0.100,10.000,0.100,3.000,3.000,3.000,12.000,20.000,10.000,1.000
115.599,5,-0.4328,4.9431,-1.4092,0.100,10.000,0.100,3.000,3.000,3.000,12.000,20.000,10.000,1.000
115.799,0,-0.1674,4.5385,-1.6574,0.100,10.000,0.100,3.000,3.000,3.000,12.000,20.000,10.000,1.000
115.799,1,0.4802,4.6449,-2.4545,0.100,10.000,0.100,3.000,3.000,3.000,12.000,20.000,10.000,1.000
115.799,2,0.7113,4.1111,-1.8983,0.100,10.000,0.100,3.000,3.000,3.000,12.000,20.000,10.000,1.000
115.799,3,0.2114,4.5684,-1.8982,0.100,10.000,0.100,3.000,3.000,3.000,12.000,20.000,10.000,1.000
115.799,4,-0.0810,4.8259,-1.2778,0.100,10.000,0.100,3.000,3.000,3.000,12.000,20.000,10.000,1.000
115.799,5,-0.7198,4.8304,-1.2495,0.100,10.000,0.100,3.000,3.000,3.000,12.000,20.000,10.000,1.000
115.999,0,-0.6208,4.2776,-1.3229,0.100,10.000,0.100,3.000,3.000,3.000,12.000,20.000,10.000,1.000
115.999,1,0.1327,4.4390,-2.1836,0.100,10.000,0.100,3.000,3.000,3.000,12.000,20.000,10.000,1.000
115.999,2,0.3401,3.8965,-1.6076,0.100,10.000,0.100,3.000,3.000,3.000,12.000,20.000,10.000,1.000
115.999,3,-0.4283,4.2050,-1.3889,0.100,10.000,0.100,3.000,3.000,3.000,12.000,20.000,10.000,1.000
115.999,4,-0.3390,4.6678,-1.0738,0.100,10.000,0.100,3.000,3.000,3.000,12.000,20.000,10.000,1.000
115.999,5,-0.9780,4.6735,-1.0465,0.100,10.000,0.100,3.000,3.000,3.000,12.000,20.000,10.000,1.000
116.199,0,-0.9830,3.9877,-0.9722,0.100,10.000,0.100,3.000,3.000,3.000,12.000,20.000,10.000,1.000
116.199,1,-0.2280,4.1410,-1.8156,0.100,10.000,0.100,3.000,3.000,3.000,12.000,20.000,10.000,1.000
116.199,2,0.0196,3.6364,-1.2784,0.100,10.000,0.100,3.000,3.000,3.000,12.000,20.000,10.000,1.000
116.199,3,-0.9433,3.7920,-0.8497,0.100,10.000,0.100,3.000,3.000,3.000,12.000,20.000,10.000,1.000
116.199,4,-0.6069,4.4399,-0.7980,0.100,10.000,0.100,3.000,3.000,3.000,12.000,20.000,10.000,1.000
116.199,5,-1.2212,4.4639,-0.7931,0.100,10.000,0.100,3.000,3.000,3.000,12.000,20.000,10.000,1.000
116.399,0,-1.2279,3.6800,-0.6432,0.100,10.000,0.100,3.000,3.000,3.000,12.000,20.000,10.000,1.000
116.399,1,-0.5382,3.7435,-1.3831,0.100,10.000,0.100,3.000,3.000,3.000,12.000,20.000,10.000,1.000
116.399,2,-0.2298,3.3295,-0.9311,0.100,10.000,0.100,3.000,3.000,3.000,12.000,20.000,10.000,1.000
116.399,3,-1.2909,3.3448,-0.3545,0.100,10.000,0.100,3.000,3.000,3.000,12.000,20.000,10.000,1.000
116.399,4,-0.8657,4.0960,-0.4294,0.100,10.000,0.100,3.000,3.000,3.000,12.000,20.000,10.000,1.000
116.399,5,-1.4429,4.1658,-0.4758,0.100,10.000,0.100,3.000,3.000,3.000,12.000,20.000,10.000,1.000
116.599,0,-1.3516,3.3957,-0.3507,0.100,10.000,0.100,3.000,3.000,3.000,12.000,20.000,10.000,1.000
116.599,1,-0.7389,3.2817,-0.9007,0.100,10.000,0.100,3.000,3.000,3.000,12.000,20.000,10.000,1.000
116.599,2,-0.3814,2.9956,-0.5713,0.100,10.000,0.100,3.000,3.000,3.000,12.000,20.000,10.000,1.000
116.599,3,-1.4724,2.9130,0.0998,0.100,10.000,0.100,3.000,3.000,3.000,12.000,20.000,10.000,1.000
116.599,4,-1.0621,3.6313,0.0505,0.100,10.000,0.100,3.000,3.000,3.000,12.000,20.000,10.000,1.000
116.599,5,-1.6056,3.7691,-0.0679,0.100,10.000,0.100,3.000,3.000,3.000,12.000,20.000,10.000,1.000
116.799,0,-1.3979,3.1299,-0.0892,0.100,10.000,0.100,3.000,3.000,3.000,12.000,20.000,10.000,1.000
116.799,1,-0.8285,2.7932,-0.4109,0.100,10.000,0.100,3.000,3.000,3.000,12.000,20.000,10.000,1.000
116.799,2,-0.4454,2.6496,-0.2186,0.100,10.000,0.100,3.000,3.000,3.000,12.000,20.000,10.000,1.000
116.799,3,-1.5360,2.5208,0.4953,0.100,10.000,0.100,3.000,3.000,3.000,12.000,20.000,10.000,1.000
116.799,4,-1.1593,3.0732,0.6036,0.100,10.000,0.100,3.000,3.000,3.000,12.000,20.000,10.000,1.000
116.799,5,-1.6933,3.2834,0.4070,0.100,10.000,0.100,3.000,3.000,3.000,12.000,20.000,10.000,1.000
116.999,0,-1.3978,2.8585,0.1676,0.100,10.000,0.100,3.000,3.000,3.000,12.000,20.000,10.000,1.000
116.999,1,-0.8302,2.3093,0.0557,0.100,10.000,0.100,3.000,3.000,3.000,12.000,20.000,10.000,1.000
116.999,2,-0.4459,2.3048,0.1150,0.100,10.000,0.100,3.000,3.000,3.000,12.000,20.000,10.000,1.000
116.999,3,-1.5197,2.1892,0.8242,0.100,10.000,0.100,3.000,3.000,3.000,12.000,20.000,10.000,1.000
116.999,4,-1.1595,2.4883,1.1645,0.100,10.000,0.100,3.000,3.000,3.000,12.000,20.000,10.000,1.000
116.999,5,-1.7038,2.7715,0.8815,0.100,10.000,0.100,3.000,3.000,3.000,12.000,20.000,10.000,1.000
117.199,0,-1.3391,2.5869,0.4351,0.100,10.000,0.100,3.000,3.000,3.000,12.000,20.000,10.000,1.000
117.199,1,-0.7393,1.8768,0.4910,0.100,10.000,0.100,3.000,3.000,3.000,12.000,20.000,10.000,1.000
117.199,2,-0.3752,1.9833,0.4398,0.100,10.000,0.100,3.000,3.000,3.000,12.000,20.000,10.000,1.000
117.199,3,-1.4284,1.9274,1.1051,0.100,10.000,0.100,3.000,3.000,3.000,12.000,20.000,10.000,1.000
117.199,4,-1.0530,1.9710,1.6838,0.100,10.000,0.100,3.000,3.000,3.000,12.000,20.000,10.000,1.000
117.199,5,-1.6235,2.3166,1.3063,0.100,10.000,0.100,3.000,3.000,3.000,12.000,20.000,10.000,1.000
117.399,0,-1.1967,2.3394,0.7100,0.100,10.000,0.100,3.000,3.000,3.000,12.000,20.000,10.000,1.000
117.399,1,-0.5520,1.5395,0.8758,0.100,10.000,0.100,3.000,3.000,3.000,12.000,20.000,10.000,1.000
117.399,2,-0.2142,1.7088,0.7539,0.100,10.000,0.100,3.000,3.000,3.000,12.000,20.000,10.000,1.000
117.399,3,-1.2567,1.7193,1.3635,0.100,10.000,0.100,3.000,3.000,3.000,12.000,20.000,10.000,1.000
117.399,4,-0.8548,1.5922,2.1126,0.100,10.000,0.100,3.000,3.000,3.000,12.000,20.000,10.000,1.000
117.399,5,-1.4427,1.9728,1.6589,0.100,10.000,0.100,3.000,3.000,3.000,12.000,20.000,10.000,1.000
117.599,0,-0.9601,2.1488,0.9811,0.100,10.000,0.100,3.000,3.000,3.000,12.000,20.000,10.000,1.000
117.599,1,-0.2866,1.3306,1.1888,0.100,10.000,0.100,3.000,3.000,3.000,12.000,20.000,10.000,1.000
117.599,2,0.0355,1.5135,1.0525,0.100,10.000,0.100,3.000,3.000,3.000,12.000,20.000,10.000,1.000
117.599,3,-0.9872,1.5442,1.6412,0.100,10.000,0.100,3.000,3.000,3.000,12.000,20.000,10.000,1.000
117.599,4,-0.5993,1.3902,2.4106,0.100,10.000,0.100,3.000,3.000,3.000,12.000,20.000,10.000,1.000
117.599,5,-1.1879,1.7707,1.9322,0.100,10.000,0.100,3.000,3.000,3.000,12.000,20.000,10.000,1.000
117.799,0,-0.6386,2.0371,1.2334,0.100,10.000,0.100,3.000,3.000,3.000,12.000,20.000,10.000,1.000
117.799,1,0.0108,1.2464,1.4204,0.100,10.000,0.100,3.000,3.000,3.000,12.000,20.000,10.000,1.000
117.799,2,0.3592,1.4224,1.3113,0.100,10.000,0.100,3.000,3.000,3.000,12.000,20.000,10.000,1.000
117.799,3,-0.5780,1.4388,1.9475,0.100,10.000,0.100,3.000,3.000,3.000,12.000,20.000,10.000,1.000
117.799,4,-0.3741,1.3298,2.5811,0.100,10.000,0.100,3.000,3.000,3.000,12.000,20.000,10.000,1.000
117.799,5,-0.9131,1.6964,2.1347,0.100,10.000,0.100,3.000,3.000,3.000,12.000,20.000,10.000,1.000
117.999,0,-0.2540,2.0130,1.4435,0.100,10.000,0.100,3.000,3.000,3.000,12.000,20.000,10.000,1.000
117.999,1,0.3099,1.2491,1.5776,0.100,10.000,0.100,3.000,3.000,3.000,12.000,20.000,10.000,1.000
117.999,2,0.7291,1.4263,1.5120,0.100,10.000,0.100,3.000,3.000,3.000,12.000,20.000,10.000,1.000
117.999,3,-0.0279,1.4477,2.2255,0.100,10.000,0.100,3.000,3.000,3.000,12.000,20.000,10.000,1.000
117.999,4,-0.2161,1.3361,2.6573,0.100,10.000,0.100,3.000,3.000,3.000,12.000,20.000,10.000,1.000
117.999,5,-0.6367,1.7002,2.2704,0.100,10.000,0.100,3.000,3.000,3.000,12.000,20.000,10.000,1.000
118.199,0,0.1600,2.0710,1.5846,0.100,10.000,0.100,3.000,3.000,3.000,12.000,20.000,10.000,1.000
118.199,1,0.6086,1.3211,1.6710,0.100,10.000,0.100,3.000,3.000,3.000,12.000,20.000,10.000,1.000
118.199,2,1.1151,1.5186,1.6385,0.100,10.000,0.100,3.000,3.000,3.000,12.000,20.000,10.000,1.000
118.199,3,0.5791,1.5917,2.4093,0.100,10.000,0.100,3.000,3.000,3.000,12.000,20.000,10.000,1.000
118.199,4,-0.0934,1.3824,2.6802,0.100,10.000,0.100,3.000,3.000,3.000,12.000,20.000,10.000,1.000
118.199,5,-0.3509,1.7692,2.3511,0.100,10.000,0.100,3.000,3.000,3.000,12.000,20.000,10.000,1.000
118.399,0,0.5614,2.2008,1.6469,0.100,10.000,0.100,3.000,3.000,3.000,12.000,20.000,10.000,1.000
118.399,1,0.9206,1.4614,1.7016,0.100,10.000,0.100,3.000,3.000,3.000,12.000,20.000,10.000,1.000
118.399,2,1.4929,1.6911,1.6812,0.100,10.000,0.100,3.000,3.000,3.000,12.000,20.000,10.000,1.000
118.399,3,1.1528,1.8488,2.4627,0.100,10.000,0.100,3.000,3.000,3.000,12.000,20.000,10.000,1.000
118.399,4,0.0546,1.4773,2.6727,0.100,10.000,0.100,3.000,3.000,3.000,12.000,20.000,10.000,1.000
118.399,5,-0.0451,1.9056,2.3729,0.100,10.000,0.100,3.000,3.000,3.000,12.000,20.000,10.000,1.000
118.599,0,0.9116,2.3848,1.6285,0.100,10.000,0.100,3.000,3.000,3.000,12.000,20.000,10.000,1.000
118.599,1,1.2507,1.6731,1.6701,0.100,10.000,0.100,3.000,3.000,3.000,12.000,20.000,10.000,1.000
118.599,2,1.8494,1.9200,1.6495,0.100,10.000,0.100,3.000,3.000,3.000,12.000,20.000,10.000,1.000
118.599,3,1.6369,2.1585,2.4140,0.100,10.000,0.100,3.000,3.000,3.000,12.000,20.000,10.000,1.000
118.599,4,0.2632,1.6222,2.6425,0.100,10.000,0.100,3.000,3.000,3.000,12.000,20.000,10.000,1.000
118.599,5,0.2760,2.1091,2.3341,0.100,10.000,0.100,3.000,3.000,3.000,12.000,20.000,10.000,1.000
118.799,0,1.1855,2.6078,1.5478,0.100,10.000,0.100,3.000,3.000,3.000,12.000,20.000,10.000,1.000
118.799,1,1.5765,1.9769,1.5613,0.100,10.000,0.100,3.000,3.000,3.000,12.000,20.000,10.000,1.000
118.799,2,2.1608,2.2118,1.5464,0.100,10.000,0.100,3.000,3.000,3.000,12.000,20.000,10.000,1.000
118.799,3,1.9880,2.4889,2.2937,0.100,10.000,0.100,3.000,3.000,3.000,12.000,20.000,10.000,1.000
118.799,4,0.5066,1.8553,2.5546,0.100,10.000,0.100,3.000,3.000,3.000,12.000,20.000,10.000,1.000
118.799,5,0.5911,2.4014,2.2195,0.100,10.000,0.100,3.000,3.000,3.000,12.000,20.000,10.000,1.000
118.999,0,1.3693,2.8543,1.4200,0.100,10.000,0.100,3.000,3.000,3.000,12.000,20.000,10.000,1.000
118.999,1,1.8538,2.3791,1.3562,0.100,10.000,0.100,3.000,3.000,3.000,12.000,20.000,10.000,1.000
118.999,2,2.4040,2.5714,1.3698,0.100,10.000,0.100,3.000,3.000,3.000,12.000,20.000,10.000,1.000
118.999,3,2.2004,2.8047,2.1314,0.100,10.000,0.100,3.000,3.000,3.000,12.000,20.000,10.000,1.000
118.999,4,0.7414,2.2052,2.3724,0.100,10.000,0.100,3.000,3.000,3.000,12.000,20.000,10.000,1.000
118.999,5,0.8628,2.7837,2.0118,0.100,10.000,0.100,3.000,3.000,3.000,12.000,20.000,10.000,1.000
119.199,0,1.4771,3.1056,1.2642,0.100,10.000,0.100,3.000,3.000,3.000,12.000,20.000,10.000,1.000
119.199,1,2.0500,2.8588,1.0635,0.100,10.000,0.100,3.000,3.000,3.000,12.000,20.000,10.000,1.000
119.199,2,2.5689,2.9946,1.1341,0.100,10.000,0.100,3.000,3.000,3.000,12.000,20.000,10.000,1.000
119.199,3,2.3019,3.0898,1.9563,0.100,10.000,0.100,3.000,3.000,3.000,12.000,20.000,10.000,1.000
119.199,4,0.9268,2.6666,2.0880,0.100,10.000,0.100,3.000,3.000,3.000,12.000,20.000,10.000,1.000
119.199,5,1.0698,3.2298,1.7143,0.100,10.000,0.100,3.000,3.000,3.000,12.000,20.000,10.000,1.000
119.399,0,1.5312,3.3693,1.0947,0.100,10.000,0.100,3.000,3.000,3.000,12.000,20.000,10.000,1.000
119.399,1,2.1518,3.3911,0.7250,0.100,10.000,0.100,3.000,3.000,3.000,12.000,20.000,10.000,1.000
119.399,2,2.6451,3.4473,0.9057,0.100,10.000,0.100,3.000,3.000,3.000,12.000,20.000,10.000,1.000
119.399,3,2.3163,3.3643,1.7760,0.100,10.000,0.100,3.000,3.000,3.000,12.000,20.000,10.000,1.000
119.399,4,1.0296,3.2238,1.7334,0.100,10.000,0.100,3.000,3.000,3.000,12.000,20.000,10.000,1.000
119.399,5,1.2032,3.7076,1.3608,0.100,10.000,0.100,3.000,3.000,3.000,12.000,20.000,10.000,1.000
119.599,0,1.5342,3.6689,0.8919,0.100,10.000,0.100,3.000,3.000,3.000,12.000,20.000,10.000,1.000
119.599,1,2.1452,3.9242,0.3668,0.100,10.000,0.100,3.000,3.000,3.000,12.000,20.000,10.000,1.000
119.599,2,2.6169,3.8209,0.7317,0.100,10.000,0.100,3.000,3.000,3.000,12.000,20.000,10.000,1.000
119.599,3,2.2609,3.6524,1.5811,0.100,10.000,0.100,3.000,3.000,3.000,12.000,20.000,10.000,1.000
119.599,4,1.0173,3.8296,1.3237,0.100,10.000,0.100,3.000,3.000,3.000,12.000,20.000,10.000,1.000
119.599,5,1.2578,4.1789,0.9741,0.100,10.000,0.100,3.000,3.000,3.000,12.000,20.000,10.000,1.000
119.799,0,1.4727,4.0122,0.6212,0.100,10.000,0.100,3.000,3.000,3.000,12.000,20.000,10.000,1.000
119.799,1,2.0435,4.3811,0.0083,0.100,10.000,0.100,3.000,3.000,3.000,12.000,20.000,10.000,1.000
119.799,2,2.5187,4.0841,0.5908,0.100,10.000,0.100,3.000,3.000,3.000,12.000,20.000,10.000,1.000
119.799,3,2.1514,3.9628,1.3393,0.100,10.000,0.100,3.000,3.000,3.000,12.000,20.000,10.000,1.000
119.799,4,0.8870,4.4050,0.8672,0.100,10.000,0.100,3.000,3.000,3.000,12.000,20.000,10.000,1.000
119.799,5,1.2203,4.6002,0.5778,0.100,10.000,0.100,3.000,3.000,3.000,12.000,20.000,10.000,1.000
119.999,0,1.3490,4.3801,0.2717,0.100,10.000,0.100,3.000,3.000,3.000,12.000,20.000,10.000,1.000
119.999,1,1.8926,4.7174,-0.3161,0.100,10.000,0.100,3.000,3.000,3.000,12.000,20.000,10.000,1.000
119.999,2,2.3813,4.2687,0.4629,0.100,10.000,0.100,3.000,3.000,3.000,12.000,20.000,10.000,1.000
119.999,3,1.9922,4.2844,1.0302,0.100,10.000,0.100,3.000,3.000,3.000,12.000,20.000,10.000,1.000
119.999,4,0.6675,4.8890,0.3958,0.100,10.000,0.100,3.000,3.000,3.000,12.000,20.000,10.000,1.000
119.999,5,1.0928,4.9392,0.2009,0.100,10.000,0.100,3.000,3.000,3.000,12.000,20.000,10.000,1.000
120.199,0,1.1735,4.7370,-0.1286,0.100,10.000,0.100,3.000,3.000,3.000,12.000,20.000,10.000,1.000
120.199,1,1.7367,4.9399,-0.5710,0.100,10.000,0.100,3.000,3.000,3.000,12.000,20.000,10.000,1.000
120.199,2,2.2210,4.4135,0.3293,0.100,10.000,0.100,3.000,3.000,3.000,12.000,20.000,10.000,1.000
120.199,3,1.7613,4.6044,0.6649,0.100,10.000,0.100,3.000,3.000,3.000,12.000,20.000,10.000,1.000
120.199,4,0.4011,5.0000,-0.0395,0.100,10.000,0.100,3.000,3.000,3.000,12.000,20.000,10.000,1.000
120.199,5,0.9053,5.0000,-0.1249,0.100,10.000,0.100,3.000,3.000,3.000,12.000,20.000,10.000,1.000
120.399,0,0.9572,5.0000,-0.5202,0.100,10.000,0.100,3.000,3.000,3.000,12.000,20.000,10.000,1.000
120.399,1,1.6042,5.0000,-0.7503,0.100,10.000,0.100,3.000,3.000,3.000,12.000,20.000,10.000,1.000
120.399,2,2.0485,4.5359,0.1749,0.100,10.000,0.100,3.000,3.000,3.000,12.000,20.000,10.000,1.000
120.399,3,1.4527,4.8971,0.2438,0.100,10.000,0.100,3.000,3.000,3.000,12.000,20.000,10.000,1.000
120.399,4,0.1207,5.0000,-0.4277,0.100,10.000,0.100,3.000,3.000,3.000,12.000,20.000,10.000,1.000
120.399,5,0.7021,5.0000,-0.4098,0.100,10.000,0.100,3.000,3.000,3.000,12.000,20.000,10.000,1.000
120.599,0,0.7100,5.0000,-0.8557,0.100,10.000,0.100,3.000,3.000,3.000,12.000,20.000,10.000,1.000
120.599,1,1.4978,5.0000,-0.8743,0.100,10.000,0.100,3.000,3.000,3.000,12.000,20.000,10.000,1.000
120.599,2,1.8637,4.6096,-0.0223,0.100,10.000,0.100,3.000,3.000,3.000,12.000,20.000,10.000,1.000
120.599,3,1.0409,5.0000,-0.2489,0.100,10.000,0.100,3.000,3.000,3.000,12.000,20.000,10.000,1.000
120.599,4,-0.1696,5.0000,-0.7775,0.100,10.000,0.100,3.000,3.000,3.000,12.000,20.000,10.000,1.000
120.599,5,0.4796,5.0000,-0.6792,0.100,10.000,0.100,3.000,3.000,3.000,12.000,20.000,10.000,1.000
120.799,0,0.4625,4.9747,-1.1110,0.100,10.000,0.100,3.000,3.000,3.000,12.000,20.000,10.000,1.000
120.799,1,1.3944,4.9866,-0.9736,0.100,10.000,0.100,3.000,3.000,3.000,12.000,20.000,10.000,1.000
120.799,2,1.6423,4.5903,-0.2402,0.100,10.000,0.100,3.000,3.000,3.000,12.000,20.000,10.000,1.000
120.799,3,0.5271,4.9560,-0.7744,0.100,10.000,0.100,3.000,3.000,3.000,12.000,20.000,10.000,1.000
120.799,4,-0.4484,4.9682,-1.0583,0.100,10.000,0.100,3.000,3.000,3.000,12.000,20.000,10.000,1.000
120.799,5,0.2367,4.9695,-0.9262,0.100,10.000,0.100,3.000,3.000,3.000,12.000,20.000,10.000,1.000
120.999,0,0.2554,4.8643,-1.3029,0.100,10.000,0.100,3.000,3.000,3.000,12.000,20.000,10.000,1.000
120.999,1,1.2682,4.9167,-1.0844,0.100,10.000,0.100,3.000,3.000,3.000,12.000,20.000,10.000,1.000
120.999,2,1.3923,4.4641,-0.4619,0.100,10.000,0.100,3.000,3.000,3.000,12.000,20.000,10.000,1.000
120.999,3,0.0361,4.7199,-1.2269,0.100,10.000,0.100,3.000,3.000,3.000,12.000,20.000,10.000,1.000
120.999,4,-0.6863,4.8384,-1.2724,0.100,10.000,0.100,3.000,3.000,3.000,12.000,20.000,10.000,1.000
120.999,5,-0.0070,4.8336,-1.1494,0.100,10.000,0.100,3.000,3.000,3.000,12.000,20.000,10.000,1.000
121.199,0,0.0716,4.6723,-1.4306,0.100,10.000,0.100,3.000,3.000,3.000,12.000,20.000,10.000,1.000
121.199,1,1.1013,4.7489,-1.1932,0.100,10.000,0.100,3.000,3.000,3.000,12.000,20.000,10.000,1.000
121.199,2,1.1210,4.2171,-0.6387,0.100,10.000,0.100,3.000,3.000,3.000,12.000,20.000,10.000,1.000
121.199,3,-0.3490,4.3456,-1.4854,0.100,10.000,0.100,3.000,3.000,3.000,12.000,20.000,10.000,1.000
121.199,4,-0.8930,4.6262,-1.4092,0.100,10.000,0.100,3.000,3.000,3.000,12.000,20.000,10.000,1.000
121.199,5,-0.2541,4.5750,-1.3239,0.100,10.000,0.100,3.000,3.000,3.000,12.000,20.000,10.000,1.000
121.399,0,-0.1137,4.3820,-1.5090,0.100,10.000,0.100,3.000,3.000,3.000,12.000,20.000,10.000,1.000
121.399,1,0.9042,4.4614,-1.2707,0.100,10.000,0.100,3.000,3.000,3.000,12.000,20.000,10.000,1.000
121.399,2,0.8522,3.8718,-0.7414,0.100,10.000,0.100,3.000,3.000,3.000,12.000,20.000,10.000,1.000
121.399,3,-0.6280,3.9380,-1.5932,0.100,10.000,0.100,3.000,3.000,3.000,12.000,20.000,10.000,1.000
121.399,4,-1.0804,4.3457,-1.4808,0.100,10.000,0.100,3.000,3.000,3.000,12.000,20.000,10.000,1.000
121.399,5,-0.4968,4.2070,-1.4270,0.100,10.000,0.100,3.000,3.000,3.000,12.000,20.000,10.000,1.000
121.599,0,-0.3138,3.9882,-1.5349,0.100,10.000,0.100,3.000,3.000,3.000,12.000,20.000,10.000,1.000
121.599,1,0.6917,4.0635,-1.2955,0.100,10.000,0.100,3.000,3.000,3.000,12.000,20.000,10.000,1.000
121.599,2,0.6085,3.4652,-0.7695,0.100,10.000,0.100,3.000,3.000,3.000,12.000,20.000,10.000,1.000
121.599,3,-0.8293,3.5574,-1.6112,0.100,10.000,0.100,3.000,3.000,3.000,12.000,20.000,10.000,1.000
121.599,4,-1.2588,4.0047,-1.4981,0.100,10.000,0.100,3.000,3.000,3.000,12.000,20.000,10.000,1.000
121.599,5,-0.7266,3.7627,-1.4625,0.100,10.000,0.100,3.000,3.000,3.000,12.000,20.000,10.000,1.000
121.799,0,-0.5167,3.5087,-1.5068,0.100,10.000,0.100,3.000,3.000,3.000,12.000,20.000,10.000,1.000
121.799,1,0.4807,3.5792,-1.2662,0.100,10.000,0.100,3.000,3.000,3.000,12.000,20.000,10.000,1.000
121.799,2,0.4000,3.0330,-0.7414,0.100,10.000,0.100,3.000,3.000,3.000,12.000,20.000,10.000,1.000
121.799,3,-0.9727,3.2199,-1.5780,0.100,10.000,0.100,3.000,3.000,3.000,12.000,20.000,10.000,1.000
121.799,4,-1.4319,3.6010,-1.4683,0.100,10.000,0.100,3.000,3.000,3.000,12.000,20.000,10.000,1.000
121.799,5,-0.9244,3.2895,-1.4543,0.100,10.000,0.100,3.000,3.000,3.000,12.000,20.000,10.000,1.000
121.999,0,-0.6861,2.9816,-1.4096,0.100,10.000,0.100,3.000,3.000,3.000,12.000,20.000,10.000,1.000
121.999,1,0.3010,3.0399,-1.1662,0.100,10.000,0.100,3.000,3.000,3.000,12.000,20.000,10.000,1.000
121.999,2,0.2322,2.6060,-0.6603,0.100,10.000,0.100,3.000,3.000,3.000,12.000,20.000,10.000,1.000
121.999,3,-1.0654,2.9105,-1.4911,0.100,10.000,0.100,3.000,3.000,3.000,12.000,20.000,10.000,1.000
121.999,4,-1.5815,3.1424,-1.3778,0.100,10.000,0.100,3.000,3.000,3.000,12.000,20.000,10.000,1.000
121.999,5,-1.0573,2.8520,-1.4086,0.100,10.000,0.100,3.000,3.000,3.000,12.000,20.000,10.000,1.000
122.199,0,-0.7945,2.4678,-1.2172,0.100,10.000,0.100,3.000,3.000,3.000,12.000,20.000,10.000,1.000
122.199,1,0.1785,2.4962,-0.9622,0.100,10.000,0.100,3.000,3.000,3.000,12.000,20.000,10.000,1.000
122.199,2,0.1130,2.2156,-0.5153,0.100,10.000,0.100,3.000,3.000,3.000,12.000,20.000,10.000,1.000
122.199,3,-1.1239,2.5927,-1.3382,0.100,10.000,0.100,3.000,3.000,3.000,12.000,20.000,10.000,1.000
122.199,4,-1.6835,2.6724,-1.1941,0.100,10.000,0.100,3.000,3.000,3.000,12.000,20.000,10.000,1.000
122.199,5,-1.1143,2.5076,-1.3093,0.100,10.000,0.100,3.000,3.000,3.000,12.000,20.000,10.000,1.000
122.399,0,-0.8523,2.0495,-0.9351,0.100,10.000,0.100,3.000,3.000,3.000,12.000,20.000,10.000,1.000
122.399,1,0.1039,2.0211,-0.6438,0.100,10.000,0.100,3.000,3.000,3.000,12.000,20.000,10.000,1.000
122.399,2,0.0426,1.8958,-0.2998,0.100,10.000,0.100,3.000,3.000,3.000,12.000,20.000,10.000,1.000
122.399,3,-1.1705,2.2533,-1.0934,0.100,10.000,0.100,3.000,3.000,3.000,12.000,20.000,10.000,1.000
122.399,4,-1.7432,2.2648,-0.9099,0.100,10.000,0.100,3.000,3.000,3.000,12.000,20.000,10.000,1.000
122.399,5,-1.1355,2.2693,-1.1556,0.100,10.000,0.100,3.000,3.000,3.000,12.000,20.000,10.000,1.000
122.599,0,-0.8719,1.7868,-0.5870,0.100,10.000,0.100,3.000,3.000,3.000,12.000,20.000,10.000,1.000
122.599,1,0.0594,1.6866,-0.2216,0.100,10.000,0.100,3.000,3.000,3.000,12.000,20.000,10.000,1.000
122.599,2,0.0115,1.6832,-0.0131,0.100,10.000,0.100,3.000,3.000,3.000,12.000,20.000,10.000,1.000
122.599,3,-1.2000,1.9527,-0.6727,0.100,10.000,0.100,3.000,3.000,3.000,12.000,20.000,10.000,1.000
122.599,4,-1.7695,1.9961,-0.5382,0.100,10.000,0.100,3.000,3.000,3.000,12.000,20.000,10.000,1.000
122.599,5,-1.1472,2.1281,-0.9596,0.100,10.000,0.100,3.000,3.000,3.000,12.000,20.000,10.000,1.000
122.799,0,-0.8646,1.6768,-0.2003,0.100,10.000,0.100,3.000,3.000,3.000,12.000,20.000,10.000,1.000
122.799,1,0.0530,1.5391,0.2498,0.100,10.000,0.100,3.000,3.000,3.000,12.000,20.000,10.000,1.000
122.799,2,0.0090,1.5920,0.3185,0.100,10.000,0.100,3.000,3.000,3.000,12.000,20.000,10.000,1.000
122.799,3,-1.1910,1.7838,-0.0740,0.100,10.000,0.100,3.000,3.000,3.000,12.000,20.000,10.000,1.000
122.799,4,-1.7633,1.8875,-0.1392,0.100,10.000,0.100,3.000,3.000,3.000,12.000,20.000,10.000,1.000
122.799,5,-1.1405,2.0681,-0.7332,0.100,10.000,0.100,3.000,3.000,3.000,12.000,20.000,10.000,1.000
122.999,0,-0.8131,1.6999,0.2302,0.100,10.000,0.100,3.000,3.000,3.000,12.000,20.000,10.000,1.000
122.999,1,0.1013,1.5623,0.7078,0.100,10.000,0.100,3.000,3.000,3.000,12.000,20.000,10.000,1.000
122.999,2,0.0345,1.6140,0.6770,0.100,10.000,0.100,3.000,3.000,3.000,12.000,20.000,10.000,1.000
122.999,3,-1.1133,1.8047,0.6060,0.100,10.000,0.100,3.000,3.000,3.000,12.000,20.000,10.000,1.000
122.999,4,-1.7186,1.9118,0.2352,0.100,10.000,0.100,3.000,3.000,3.000,12.000,20.000,10.000,1.000
122.999,5,-1.1087,2.0851,-0.4887,0.100,10.000,0.100,3.000,3.000,3.000,12.000,20.000,10.000,1.000
123.199,0,-0.7297,1.8714,0.6989,0.100,10.000,0.100,3.000,3.000,3.000,12.000,20.000,10.000,1.000
123.199,1,0.1690,1.7151,1.1233,0.100,10.000,0.100,3.000,3.000,3.000,12.000,20.000,10.000,1.000
123.199,2,0.0802,1.7532,1.0529,0.100,10.000,0.100,3.000,3.000,3.000,12.000,20.000,10.000,1.000
123.199,3,-1.0045,2.0284,1.2512,0.100,10.000,0.100,3.000,3.000,3.000,12.000,20.000,10.000,1.000
123.199,4,-1.6593,2.0406,0.5683,0.100,10.000,0.100,3.000,3.000,3.000,12.000,20.000,10.000,1.000
123.199,5,-1.0648,2.1814,-0.2373,0.100,10.000,0.100,3.000,3.000,3.000,12.000,20.000,10.000,1.000
123.399,0,-0.6310,2.2270,1.1502,0.100,10.000,0.100,3.000,3.000,3.000,12.000,20.000,10.000,1.000
123.399,1,0.2352,1.9999,1.4799,0.100,10.000,0.100,3.000,3.000,3.000,12.000,20.000,10.000,1.000
123.399,2,0.1291,2.0405,1.4256,0.100,10.000,0.100,3.000,3.000,3.000,12.000,20.000,10.000,1.000
123.399,3,-0.9096,2.4316,1.7653,0.100,10.000,0.100,3.000,3.000,3.000,12.000,20.000,10.000,1.000
123.399,4,-1.6044,2.2682,0.8444,0.100,10.000,0.100,3.000,3.000,3.000,12.000,20.000,10.000,1.000
123.399,5,-1.0177,2.3774,0.0015,0.100,10.000,0.100,3.000,3.000,3.000,12.000,20.000,10.000,1.000
123.599,0,-0.5636,2.6558,1.4559,0.100,10.000,0.100,3.000,3.000,3.000,12.000,20.000,10.000,1.000
123.599,1,0.2830,2.4101,1.7699,0.100,10.000,0.100,3.000,3.000,3.000,12.000,20.000,10.000,1.000
123.599,2,0.1606,2.4939,1.7689,0.100,10.000,0.100,3.000,3.000,3.000,12.000,20.000,10.000,1.000
123.599,3,-0.8546,2.9313,2.1161,0.100,10.000,0.100,3.000,3.000,3.000,12.000,20.000,10.000,1.000
123.599,4,-1.5682,2.5784,1.0600,0.100,10.000,0.100,3.000,3.000,3.000,12.000,20.000,10.000,1.000
123.599,5,-0.9813,2.6669,0.2046,0.100,10.000,0.100,3.000,3.000,3.000,12.000,20.000,10.000,1.000
123.799,0,-0.5553,3.0510,1.6298,0.100,10.000,0.100,3.000,3.000,3.000,12.000,20.000,10.000,1.000
123.799,1,0.2845,2.9125,1.9984,0.100,10.000,0.100,3.000,3.000,3.000,12.000,20.000,10.000,1.000
123.799,2,0.1439,3.0949,2.0646,0.100,10.000,0.100,3.000,3.000,3.000,12.000,20.000,10.000,1.000
123.799,3,-0.8566,3.4198,2.3347,0.100,10.000,0.100,3.000,3.000,3.000,12.000,20.000,10.000,1.000
123.799,4,-1.5639,2.9428,1.2214,0.100,10.000,0.100,3.000,3.000,3.000,12.000,20.000,10.000,1.000
123.799,5,-0.9733,3.0213,0.3677,0.100,10.000,0.100,3.000,3.000,3.000,12.000,20.000,10.000,1.000
123.999,0,-0.5897,3.4659,1.7560,0.100,10.000,0.100,3.000,3.000,3.000,12.000,20.000,10.000,1.000
123.999,1,0.2326,3.4580,2.1771,0.100,10.000,0.100,3.000,3.000,3.000,12.000,20.000,10.000,1.000
123.999,2,0.0568,3.7672,2.3083,0.100,10.000,0.100,3.000,3.000,3.000,12.000,20.000,10.000,1.000
123.999,3,-0.9002,3.8343,2.4670,0.100,10.000,0.100,3.000,3.000,3.000,12.000,20.000,10.000,1.000
123.999,4,-1.5985,3.3329,1.3461,0.100,10.000,0.100,3.000,3.000,3.000,12.000,20.000,10.000,1.000
123.999,5,-1.0019,3.4102,0.4969,0.100,10.000,0.100,3.000,3.000,3.000,12.000,20.000,10.000,1.000
124.199,0,-0.6769,3.9441,1.8763,0.100,10.000,0.100,3.000,3.000,3.000,12.000,20.000,10.000,1.000
124.199,1,0.1326,3.9903,2.3141,0.100,10.000,0.100,3.000,3.000,3.000,12.000,20.000,10.000,1.000
124.199,2,-0.0858,4.3827,2.4849,0.100,10.000,0.100,3.000,3.000,3.000,12.000,20.000,10.000,1.000
124.199,3,-0.9629,4.1474,2.5402,0.100,10.000,0.100,3.000,3.000,3.000,12.000,20.000,10.000,1.000
124.199,4,-1.6627,3.7245,1.4408,0.100,10.000,0.100,3.000,3.000,3.000,12.000,20.000,10.000,1.000
124.199,5,-1.0651,3.8016,0.6003,0.100,10.000,0.100,3.000,3.000,3.000,12.000,20.000,10.000,1.000
124.399,0,-0.8177,4.4544,1.9314,0.100,10.000,0.100,3.000,3.000,3.000,12.000,20.000,10.000,1.000
124.399,1,-0.0015,4.4715,2.3657,0.100,10.000,0.100,3.000,3.000,3.000,12.000,20.000,10.000,1.000
124.399,2,-0.2489,4.8805,2.5527,0.100,10.000,0.100,3.000,3.000,3.000,12.000,20.000,10.000,1.000
124.399,3,-1.0330,4.3751,2.5468,0.100,10.000,0.100,3.000,3.000,3.000,12.000,20.000,10.000,1.000
124.399,4,-1.7598,4.1015,1.4773,0.100,10.000,0.100,3.000,3.000,3.000,12.000,20.000,10.000,1.000
124.399,5,-1.1553,4.1796,0.6515,0.100,10.000,0.100,3.000,3.000,3.000,12.000,20.000,10.000,1.000
124.599,0,-0.9573,4.8398,1.8741,0.100,10.000,0.100,3.000,3.000,3.000,12.000,20.000,10.000,1.000
124.599,1,-0.1497,4.8724,2.3031,0.100,10.000,0.100,3.000,3.000,3.000,12.000,20.000,10.000,1.000
124.599,2,-0.4091,5.0000,2.5019,0.100,10.000,0.100,3.000,3.000,3.000,12.000,20.000,10.000,1.000
124.599,3,-1.1152,4.5651,2.4841,0.100,10.000,0.100,3.000,3.000,3.000,12.000,20.000,10.000,1.000
124.599,4,-1.8769,4.4429,1.4214,0.100,10.000,0.100,3.000,3.000,3.000,12.000,20.000,10.000,1.000
124.599,5,-1.2514,4.5203,0.6279,0.100,10.000,0.100,3.000,3.000,3.000,12.000,20.000,10.000,1.000
124.799,0,-1.0496,5.0000,1.7634,0.100,10.000,0.100,3.000,3.000,3.000,12.000,20.000,10.000,1.000
124.799,1,-0.2865,5.0000,2.1434,0.100,10.000,0.100,3.000,3.000,3.000,12.000,20.000,10.000,1.000
124.799,2,-0.5522,5.0000,2.3643,0.100,10.000,0.100,3.000,3.000,3.000,12.000,20.000,10.000,1.000
124.799,3,-1.2149,4.7635,2.3462,0.100,10.000,0.100,3.000,3.000,3.000,12.000,20.000,10.000,1.000
124.799,4,-1.9944,4.7164,1.2738,0.100,10.000,0.100,3.000,3.000,3.000,12.000,20.000,10.000,1.000
124.799,5,-1.3295,4.7857,0.5344,0.100,10.000,0.100,3.000,3.000,3.000,12.000,20.000,10.000,1.000
124.999,0,-1.1075,5.0000,1.6409,0.100,10.000,0.100,3.000,3.000,3.000,12.000,20.000,10.000,1.000
124.999,1,-0.4069,5.0000,1.9067,0.100,10.000,0.100,3.000,3.000,3.000,12.000,20.000,10.000,1.000
124.999,2,-0.6829,5.0000,2.1526,0.100,10.000,0.100,3.000,3.000,3.000,12.000,20.000,10.000,1.000
124.999,3,-1.3365,4.9595,2.0961,0.100,10.000,0.100,3.000,3.000,3.000,12.000,20.000,10.000,1.000
124.999,4,-2.0962,4.8925,1.0577,0.100,10.000,0.100,3.000,3.000,3.000,12.000,20.000,10.000,1.000
124.999,5,-1.3822,4.9326,0.3985,0.100,10.000,0.100,3.000,3.000,3.000,12.000,20.000,10.000,1.000
125.199,0,-1.1700,4.9972,1.4216,0.100,10.000,0.100,3.000,3.000,3.000,12.000,20.000,10.000,1.000
125.199,1,-0.5046,4.9965,1.5863,0.100,10.000,0.100,3.000,3.000,3.000,12.000,20.000,10.000,1.000
125.199,2,-0.7951,4.9969,1.8407,0.100,10.000,0.100,3.000,3.000,3.000,12.000,20.000,10.000,1.000
125.199,3,-1.4666,4.9955,1.6565,0.100,10.000,0.100,3.000,3.000,3.000,12.000,20.000,10.000,1.000
125.199,4,-2.1673,4.9302,0.7863,0.100,10.000,0.100,3.000,3.000,3.000,12.000,20.000,10.000,1.000
125.199,5,-1.4144,4.9522,0.2777,0.100,10.000,0.100,3.000,3.000,3.000,12.000,20.000,10.000,1.000
125.399,0,-1.2394,4.9054,1.0689,0.100,10.000,0.100,3.000,3.000,3.000,12.000,20.000,10.000,1.000
125.399,1,-0.5799,4.9025,1.2278,0.100,10.000,0.100,3.000,3.000,3.000,12.000,20.000,10.000,1.000
125.399,2,-0.8903,4.8922,1.4440,0.100,10.000,0.100,3.000,3.000,3.000,12.000,20.000,10.000,1.000
125.399,3,-1.5854,4.8450,1.0634,0.100,10.000,0.100,3.000,3.000,3.000,12.000,20.000,10.000,1.000
125.399,4,-2.2192,4.8501,0.4969,0.100,10.000,0.100,3.000,3.000,3.000,12.000,20.000,10.000,1.000
125.399,5,-1.4234,4.9309,0.2063,0.100,10.000,0.100,3.000,3.000,3.000,12.000,20.000,10.000,1.000
125.599,0,-1.2978,4.6659,0.6190,0.100,10.000,0.100,3.000,3.000,3.000,12.000,20.000,10.000,1.000
125.599,1,-0.6303,4.7028,0.8622,0.100,10.000,0.100,3.000,3.000,3.000,12.000,20.000,10.000,1.000
125.599,2,-0.9620,4.6510,0.9988,0.100,10.000,0.100,3.000,3.000,3.000,12.000,20.000,10.000,1.000
125.599,3,-1.6677,4.5044,0.4215,0.100,10.000,0.100,3.000,3.000,3.000,12.000,20.000,10.000,1.000
125.599,4,-2.2533,4.6795,0.1886,0.100,10.000,0.100,3.000,3.000,3.000,12.000,20.000,10.000,1.000
125.599,5,-1.4256,4.8987,0.1577,0.100,10.000,0.100,3.000,3.000,3.000,12.000,20.000,10.000,1.000
125.799,0,-1.3315,4.3060,0.1411,0.100,10.000,0.100,3.000,3.000,3.000,12.000,20.000,10.000,1.000
125.799,1,-0.6565,4.4198,0.5022,0.100,10.000,0.100,3.000,3.000,3.000,12.000,20.000,10.000,1.000
125.799,2,-1.0172,4.2951,0.5421,0.100,10.000,0.100,3.000,3.000,3.000,12.000,20.000,10.000,1.000
125.799,3,-1.7080,4.0434,-0.1624,0.100,10.000,0.100,3.000,3.000,3.000,12.000,20.000,10.000,1.000
125.799,4,-2.2624,4.4137,-0.1484,0.100,10.000,0.100,3.000,3.000,3.000,12.000,20.000,10.000,1.000
125.799,5,-1.4212,4.8117,0.0706,0.100,10.000,0.100,3.000,3.000,3.000,12.000,20.000,10.000,1.000
125.999,0,-1.3428,3.9115,-0.2641,0.100,10.000,0.100,3.000,3.000,3.000,12.000,20.000,10.000,1.000
125.999,1,-0.6693,4.0742,0.1570,0.100,10.000,0.100,3.000,3.000,3.000,12.000,20.000,10.000,1.000
125.999,2,-1.0684,3.8669,0.1045,0.100,10.000,0.100,3.000,3.000,3.000,12.000,20.000,10.000,1.000
125.999,3,-1.7266,3.5520,-0.6558,0.100,10.000,0.100,3.000,3.000,3.000,12.000,20.000,10.000,1.000
125.999,4,-2.2390,4.0533,-0.5215,0.100,10.000,0.100,3.000,3.000,3.000,12.000,20.000,10.000,1.000
125.999,5,-1.4185,4.6117,-0.1192,0.100,10.000,0.100,3.000,3.000,3.000,12.000,20.000,10.000,1.000
126.199,0,-1.3344,3.5617,-0.5934,0.100,10.000,0.100,3.000,3.000,3.000,12.000,20.000,10.000,1.000
126.199,1,-0.6633,3.7082,-0.1831,0.100,10.000,0.100,3.000,3.000,3.000,12.000,20.000,10.000,1.000
126.199,2,-1.1157,3.4272,-0.3056,0.100,10.000,0.100,3.000,3.000,3.000,12.000,20.000,10.000,1.000
126.199,3,-1.7206,3.1243,-1.0545,0.100,10.000,0.100,3.000,3.000,3.000,12.000,20.000,10.000,1.000
126.199,4,-2.1759,3.6175,-0.9404,0.100,10.000,0.100,3.000,3.000,3.000,12.000,20.000,10.000,1.000
126.199,5,-1.4044,4.2778,-0.4281,0.100,10.000,0.100,3.000,3.000,3.000,12.000,20.000,10.000,1.000
126.399,0,-1.3123,3.2600,-0.8803,1.004,9.466,0.931,2.898,2.577,2.126,11.118,18.213,9.052,1.000
126.399,1,-0.6386,3.3480,-0.5200,1.004,9.466,0.931,2.898,2.577,2.126,11.118,18.213,9.052,1.000
126.399,2,-1.1552,3.0284,-0.6815,1.004,9.466,0.931,2.898,2.577,2.126,11.118,18.213,9.052,1.000
126.399,3,-1.6988,2.8166,-1.3457,1.004,9.466,0.931,2.898,2.577,2.126,11.118,18.213,9.052,1.000
126.399,4,-2.0653,3.1403,-1.4036,1.004,9.466,0.931,2.898,2.577,2.126,11.118,18.213,9.052,1.000
126.399,5,-1.3637,3.8225,-0.8618,1.004,9.466,0.931,2.898,2.577,2.126,11.118,18.213,9.052,1.000
126.599,0,-1.2759,2.9636,-1.1637,3.717,7.866,2.500,2.592,1.307,0.200,8.474,12.851,6.208,1.000
126.599,1,-0.5945,3.0021,-0.8487,3.717,7.866,2.500,2.592,1.307,0.200,8.474,12.851,6.208,1.000
126.599,2,-1.1418,2.6568,-1.0277,3.717,7.866,2.500,2.592,1.307,0.200,8.474,12.851,6.208,1.000
126.599,3,-1.6686,2.5673,-1.5823,3.717,7.866,2.500,2.592,1.307,0.200,8.474,12.851,6.208,1.000
126.599,4,-1.9767,2.6386,-1.8911,3.717,7.866,2.500,2.592,1.307,0.200,8.474,12.851,6.208,1.000
126.599,5,-1.2988,3.3032,-1.3564,3.717,7.866,2.500,2.592,1.307,0.200,8.474,12.851,6.208,1.000
126.799,0,-1.2431,2.6957,-1.3978,5.000,6.265,2.500,2.286,0.037,0.200,5.829,7.490,3.364,1.000
126.799,1,-0.5489,2.6592,-1.1481,5.000,6.265,2.500,2.286,0.037,0.200,5.829,7.490,3.364,1.000
126.799,2,-1.0934,2.2697,-1.3620,5.000,6.265,2.500,2.286,0.037,0.200,5.829,7.490,3.364,1.000
126.799,3,-1.6378,2.2833,-1.8313,5.000,6.265,2.500,2.286,0.037,0.200,5.829,7.490,3.364,1.000
126.799,4,-1.9111,2.0827,-2.3806,5.000,6.265,2.500,2.286,0.037,0.200,5.829,7.490,3.364,1.000
126.799,5,-1.2347,2.7812,-1.8206,5.000,6.265,2.500,2.286,0.037,0.200,5.829,7.490,3.364,1.000
126.999,0,-1.2192,2.4952,-1.5687,5.000,4.665,2.500,1.980,0.000,0.200,3.185,2.129,0.521,1.000
126.999,1,-0.5035,2.3420,-1.4153,5.000,4.665,2.500,1.980,0.000,0.200,3.185,2.129,0.521,1.000
126.999,2,-1.0428,1.8638,-1.6924,5.000,4.665,2.500,1.980,0.000,0.200,3.185,2.129,0.521,1.000
126.999,3,-1.6108,1.9593,-2.1071,5.000,4.665,2.500,1.980,0.000,0.200,3.185,2.129,0.521,1.000
126.999,4,-1.8449,1.5022,-2.8784,5.000,4.665,2.500,1.980,0.000,0.200,3.185,2.129,0.521,1.000
126.999,5,-1.1713,2.2786,-2.2728,5.000,4.665,2.500,1.980,0.000,0.200,3.185,2.129,0.521,1.000
127.199,0,-1.2000,2.3461,-1.6918,5.000,3.064,2.500,1.674,0.000,0.200,0.540,1.000,0.500,1.000
127.199,1,-0.4590,2.1104,-1.6006,5.000,3.064,2.500,1.674,0.000,0.200,0.540,1.000,0.500,1.000
127.199,2,-1.0031,1.5890,-1.8965,5.000,3.064,2.500,1.674,0.000,0.200,0.540,1.000,0.500,1.000
127.199,3,-1.6020,1.7087,-2.3130,5.000,3.064,2.500,1.674,0.000,0.200,0.540,1.000,0.500,1.000
127.199,4,-1.8120,1.2339,-3.1015,5.000,3.064,2.500,1.674,0.000,0.200,0.540,1.000,0.500,1.000
127.199,5,-1.1337,2.0253,-2.5121,5.000,3.064,2.500,1.674,0.000,0.200,0.540,1.000,0.500,1.000
127.399,0,-1.1898,2.2795,-1.7431,5.000,1.463,2.500,1.368,0.000,0.200,0.500,1.000,0.500,1.000
127.399,1,-0.4312,2.0404,-1.6459,5.000,1.463,2.500,1.368,0.000,0.200,0.500,1.000,0.500,1.000
127.399,2,-0.9843,1.5012,-1.9400,5.000,1.463,2.500,1.368,0.000,0.200,0.500,1.000,0.500,1.000
127.399,3,-1.6165,1.6295,-2.3721,5.000,1.463,2.500,1.368,0.000,0.200,0.500,1.000,0.500,1.000
127.399,4,-1.8042,1.1557,-3.1634,5.000,1.463,2.500,1.368,0.000,0.200,0.500,1.000,0.500,1.000
127.399,5,-1.1168,1.9659,-2.5904,5.000,1.463,2.500,1.368,0.000,0.200,0.500,1.000,0.500,1.000
127.599,0,-1.1801,2.2401,-1.7698,5.000,0.500,2.500,1.062,0.000,0.200,0.500,1.000,0.500,1.000
127.599,1,-0.3799,1.9827,-1.6659,5.000,0.500,2.500,1.062,0.000,0.200,0.500,1.000,0.500,1.000
127.599,2,-0.9573,1.4076,-1.9610,5.000,0.500,2.500,1.062,0.000,0.200,0.500,1.000,0.500,1.000
127.599,3,-1.6536,1.5538,-2.4252,5.000,0.500,2.500,1.062,0.000,0.200,0.500,1.000,0.500,1.000
127.599,4,-1.8095,1.0811,-3.2296,5.000,0.500,2.500,1.062,0.000,0.200,0.500,1.000,0.500,1.000
127.599,5,-1.0937,1.9266,-2.6791,5.000,0.500,2.500,1.062,0.000,0.200,0.500,1.000,0.500,1.000
127.799,0,-1.1738,2.2296,-1.7699,5.000,0.500,2.500,0.757,0.000,0.200,0.500,1.000,0.500,1.000
127.799,1,-0.2988,1.9328,-1.6632,5.000,0.500,2.500,0.757,0.000,0.200,0.500,1.000,0.500,1.000
127.799,2,-0.9260,1.3130,-1.9561,5.000,0.500,2.500,0.757,0.000,0.200,0.500,1.000,0.500,1.000
127.799,3,-1.7126,1.4859,-2.4685,5.000,0.500,2.500,0.757,0.000,0.200,0.500,1.000,0.500,1.000
127.799,4,-1.8266,1.0115,-3.2992,5.000,0.500,2.500,0.757,0.000,0.200,0.500,1.000,0.500,1.000
127.799,5,-1.0653,1.9115,-2.7736,5.000,0.500,2.500,0.757,0.000,0.200,0.500,1.000,0.500,1.000
127.999,0,-1.1724,2.2479,-1.7432,5.000,0.500,2.500,0.451,0.000,0.200,0.500,1.000,0.500,1.000
127.999,1,-0.2077,1.8988,-1.6410,5.000,0.500,2.500,0.451,0.000,0.200,0.500,1.000,0.500,1.000
127.999,2,-0.8940,1.2214,-1.9323,5.000,0.500,2.500,0.451,0.000,0.200,0.500,1.000,0.500,1.000
127.999,3,-1.7863,1.4274,-2.5019,5.000,0.500,2.500,0.451,0.000,0.200,0.500,1.000,0.500,1.000
127.999,4,-1.8510,0.9461,-3.3709,5.000,0.500,2.500,0.451,0.000,0.200,0.500,1.000,0.500,1.000
127.999,5,-1.0334,1.9156,-2.8681,5.000,0.500,2.500,0.451,0.000,0.200,0.500,1.000,0.500,1.000
128.199,0,-1.1754,2.2950,-1.6897,5.000,0.500,2.500,0.145,0.000,0.200,0.500,1.000,0.500,1.000
128.199,1,-0.1161,1.8800,-1.6059,5.000,0.500,2.500,0.145,0.000,0.200,0.500,1.000,0.500,1.000
128.199,2,-0.8630,1.1334,-1.8965,5.000,0.500,2.500,0.145,0.000,0.200,0.500,1.000,0.500,1.000
128.199,3,-1.8684,1.3761,-2.5268,5.000,0.500,2.500,0.145,0.000,0.200,0.500,1.000,0.500,1.000
128.199,4,-1.8817,0.8845,-3.4433,5.000,0.500,2.500,0.145,0.000,0.200,0.500,1.000,0.500,1.000
128.199,5,-1.0009,1.9341,-2.9608,5.000,0.500,2.500,0.145,0.000,0.200,0.500,1.000,0.500,1.000
128.399,0,-1.1809,2.3623,-1.6173,5.000,0.500,2.500,0.000,0.000,0.200,0.500,1.000,0.500,1.000
128.399,1,-0.0257,1.8724,-1.5638,5.000,0.500,2.500,0.000,0.000,0.200,0.500,1.000,0.500,1.000
128.399,2,-0.8326,1.0485,-1.8532,5.000,0.500,2.500,0.000,0.000,0.200,0.500,1.000,0.500,1.000
128.399,3,-1.9555,1.3312,-2.5466,5.000,0.500,2.500,0.000,0.000,0.200,0.500,1.000,0.500,1.000
128.399,4,-1.9161,0.8250,-3.5160,5.000,0.500,2.500,0.000,0.000,0.200,0.500,1.000,0.500,1.000
128.399,5,-0.9682,1.9621,-3.0510,5.000,0.500,2.500,0.000,0.000,0.200,0.500,1.000,0.500,1.000
128.599,0,-1.1882,2.4302,-1.5442,5.000,0.500,2.500,0.000,0.000,0.200,0.500,1.000,0.500,1.000
128.599,1,0.0619,1.8721,-1.5158,5.000,0.500,2.500,0.000,0.000,0.200,0.500,1.000,0.500,1.000
128.599,2,-0.8036,0.9655,-1.8057,5.000,0.500,2.500,0.000,0.000,0.200,0.500,1.000,0.500,1.000
128.599,3,-2.0456,1.2907,-2.5623,5.000,0.500,2.500,0.000,0.000,0.200,0.500,1.000,0.500,1.000
128.599,4,-1.9512,0.7678,-3.5901,5.000,0.500,2.500,0.000,0.000,0.200,0.500,1.000,0.500,1.000
128.599,5,-0.9342,1.9961,-3.1387,5.000,0.500,2.500,0.000,0.000,0.200,0.500,1.000,0.500,1.000
128.799,0,-1.1958,2.4994,-1.4724,5.000,0.500,2.500,0.000,0.000,0.200,0.500,1.000,0.500,1.000
128.799,1,0.1483,1.8768,-1.4657,5.000,0.500,2.500,0.000,0.000,0.200,0.500,1.000,0.500,1.000
128.799,2,-0.7736,0.8849,-1.7546,5.000,0.500,2.500,0.000,0.000,0.200,0.500,1.000,0.500,1.000
128.799,3,-2.1376,1.2543,-2.5766,5.000,0.500,2.500,0.000,0.000,0.200,0.500,1.000,0.500,1.000
128.799,4,-1.9875,0.7116,-3.6644,5.000,0.500,2.500,0.000,0.000,0.200,0.500,1.000,0.500,1.000
128.799,5,-0.8989,2.0339,-3.2243,5.000,0.500,2.500,0.000,0.000,0.200,0.500,1.000,0.500,1.000
128.999,0,-1.2047,2.5688,-1.4010,5.000,0.500,2.500,0.000,0.000,0.200,0.500,1.000,0.500,1.000
128.999,1,0.2331,1.8855,-1.4134,5.000,0.500,2.500,0.000,0.000,0.200,0.500,1.000,0.500,1.000
128.999,2,-0.7442,0.8062,-1.7004,5.000,0.500,2.500,0.000,0.000,0.200,0.500,1.000,0.500,1.000
128.999,3,-2.2310,1.2208,-2.5885,5.000,0.500,2.500,0.000,0.000,0.200,0.500,1.000,0.500,1.000
128.999,4,-2.0243,0.6555,-3.7386,5.000,0.500,2.500,0.000,0.000,0.200,0.500,1.000,0.500,1.000
128.999,5,-0.8640,2.0747,-3.3087,5.000,0.500,2.500,0.000,0.000,0.200,0.500,1.000,0.500,1.000
129.199,0,-1.2148,2.6395,-1.3310,5.000,0.500,2.500,0.000,0.000,0.200,0.500,1.000,0.500,1.000
129.199,1,0.3161,1.8957,-1.3585,5.000,0.500,2.500,0.000,0.000,0.200,0.500,1.000,0.500,1.000
129.199,2,-0.7163,0.7281,-1.6446,5.000,0.500,2.500,0.000,0.000,0.200,0.500,1.000,0.500,1.000
129.199,3,-2.3251,1.1882,-2.5982,5.000,0.500,2.500,0.000,0.000,0.200,0.500,1.000,0.500,1.000
129.199,4,-2.0590,0.6001,-3.8142,5.000,0.500,2.500,0.000,0.000,0.200,0.500,1.000,0.500,1.000
129.199,5,-0.8301,2.1178,-3.3922,5.000,0.500,2.500,0.000,0.000,0.200,0.500,1.000,0.500,1.000
129.399,0,-1.2258,2.7111,-1.2620,5.000,0.500,2.500,0.000,0.000,0.200,0.500,1.000,0.500,1.000
129.399,1,0.3981,1.9071,-1.3025,5.000,0.500,2.500,0.000,0.000,0.200,0.500,1.000,0.500,1.000
129.399,2,-0.6896,0.6503,-1.5877,5.000,0.500,2.500,0.000,0.000,0.200,0.500,1.000,0.500,1.000
129.399,3,-2.4193,1.1561,-2.6072,5.000,0.500,2.500,0.000,0.000,0.200,0.500,1.000,0.500,1.000
129.399,4,-2.0940,0.5458,-3.8906,5.000,0.500,2.500,0.000,0.000,0.200,0.500,1.000,0.500,1.000
129.399,5,-0.7949,2.1631,-3.4741,5.000,0.500,2.500,0.000,0.000,0.200,0.500,1.000,0.500,1.000
129.599,0,-1.2375,2.7828,-1.1933,5.000,0.500,2.500,0.000,0.000,0.200,0.500,1.000,0.500,1.000
129.599,1,0.4794,1.9196,-1.2455,5.000,0.500,2.500,0.000,0.000,0.200,0.500,1.000,0.500,1.000
129.599,2,-0.6643,0.5725,-1.5301,5.000,0.500,2.500,0.000,0.000,0.200,0.500,1.000,0.500,1.000
129.599,3,-2.5139,1.1242,-2.6131,5.000,0.500,2.500,0.000,0.000,0.200,0.500,1.000,0.500,1.000
129.599,4,-2.1289,0.5000,-3.9676,5.000,0.500,2.500,0.000,0.000,0.200,0.500,1.000,0.500,1.000
129.599,5,-0.7601,2.2098,-3.5555,5.000,0.500,2.500,0.000,0.000,0.200,0.500,1.000,0.500,1.000
129.799,0,-1.2501,2.8540,-1.1242,5.000,0.500,2.500,0.000,0.000,0.200,0.500,1.000,0.500,1.000
129.799,1,0.5609,1.9326,-1.1891,5.000,0.500,2.500,0.000,0.000,0.200,0.500,1.000,0.500,1.000
129.799,2,-0.6409,0.5000,-1.4726,5.000,0.500,2.500,0.000,0.000,0.200,0.500,1.000,0.500,1.000
129.799,3,-2.6088,1.0931,-2.6185,5.000,0.500,2.500,0.000,0.000,0.200,0.500,1.000,0.500,1.000
129.799,4,-2.1633,0.5000,-4.0454,5.000,0.500,2.500,0.000,0.000,0.200,0.500,1.000,0.500,1.000
129.799,5,-0.7240,2.2568,-3.6360,5.000,0.500,2.500,0.000,0.000,0.200,0.500,1.000,0.500,1.000
129.999,0,-1.2629,2.9253,-1.0554,5.000,0.500,2.500,0.000,0.000,0.200,0.500,1.000,0.500,1.000
129.999,1,0.6434,1.9467,-1.1344,5.000,0.500,2.500,0.000,0.000,0.200,0.500,1.000,0.500,1.000
129.999,2,-0.6190,0.5000,-1.4139,5.000,0.500,2.500,0.000,0.000,0.200,0.500,1.000,0.500,1.000
129.999,3,-2.7037,1.0620,-2.6240,5.000,0.500,2.500,0.000,0.000,0.200,0.500,1.000,0.500,1.000
129.999,4,-2.1967,0.5000,-4.1234,5.000,0.500,2.500,0.000,0.000,0.200,0.500,1.000,0.500,1.000
129.999,5,-0.6868,2.3048,-3.7154,5.000,0.500,2.500,0.000,0.000,0.200,0.500,1.000,0.500,1.000
130.199,0,-1.2757,2.9972,-0.9870,5.000,0.500,2.500,0.000,0.000,0.200,0.500,1.000,0.500,1.000
130.199,1,0.7269,1.9607,-1.0811,5.000,0.500,2.500,0.000,0.000,0.200,0.500,1.000,0.500,1.000
130.199,2,-0.5969,0.5000,-1.3553,5.000,0.500,2.500,0.000,0.000,0.200,0.500,1.000,0.500,1.000
130.199,3,-2.7986,1.0309,-2.6296,5.000,0.500,2.500,0.000,0.000,0.200,0.500,1.000,0.500,1.000
130.199,4,-2.2319,0.5000,-4.2008,5.000,0.500,2.500,0.000,0.000,0.200,0.500,1.000,0.500,1.000
130.199,5,-0.6498,2.3530,-3.7949,5.000,0.500,2.500,0.000,0.000,0.200,0.500,1.000,0.500,1.000
130.399,0,-1.2887,3.0683,-0.9180,5.000,0.500,2.500,0.000,0.000,0.200,0.500,1.000,0.500,1.000
130.399,1,0.8100,1.9745,-1.0273,5.000,0.500,2.500,0.000,0.000,0.200,0.500,1.000,0.500,1.000
130.399,2,-0.5734,0.5000,-1.2970,5.000,0.500,2.500,0.000,0.000,0.200,0.500,1.000,0.500,1.000
130.399,3,-2.8933,0.9994,-2.6354,5.000,0.500,2.500,0.000,0.000,0.200,0.500,1.000,0.500,1.000
130.399,4,-2.2672,0.5000,-4.2789,5.000,0.500,2.500,0.000,0.000,0.200,0.500,1.000,0.500,1.000
130.399,5,-0.6123,2.4012,-3.8740,5.000,0.500,2.500,0.000,0.000,0.200,0.500,1.000,0.500,1.000
130.599,0,-1.3007,3.1394,-0.8487,5.000,0.500,2.500,0.000,0.000,0.200,0.500,1.000,0.500,1.000
130.599,1,0.8926,1.9876,-0.9725,5.000,0.500,2.500,0.000,0.000,0.200,0.500,1.000,0.500,1.000
130.599,2,-0.5497,0.5000,-1.2383,5.000,0.500,2.500,0.000,0.000,0.200,0.500,1.000,0.500,1.000
130.599,3,-2.9878,0.9672,-2.6405,5.000,0.500,2.500,0.000,0.000,0.200,0.500,1.000,0.500,1.000
130.599,4,-2.3028,0.5000,-4.3574,5.000,0.500,2.500,0.000,0.000,0.200,0.500,1.000,0.500,1.000
130.599,5,-0.5745,2.4494,-3.9531,5.000,0.500,2.500,0.000,0.000,0.200,0.500,1.000,0.500,1.000
130.799,0,-1.3139,3.2098,-0.7789,5.000,0.500,2.500,0.000,0.000,0.200,0.500,1.000,0.500,1.000
130.799,1,0.9760,2.0005,-0.9188,5.000,0.500,2.500,0.000,0.000,0.200,0.500,1.000,0.500,1.000
130.799,2,-0.5264,0.5000,-1.1783,5.000,0.500,2.500,0.000,0.000,0.200,0.500,1.000,0.500,1.000
130.799,3,-3.0821,0.9343,-2.6454,5.000,0.500,2.500,0.000,0.000,0.200,0.500,1.000,0.500,1.000
130.799,4,-2.3370,0.5000,-4.4367,5.000,0.500,2.500,0.000,0.000,0.200,0.500,1.000,0.500,1.000
130.799,5,-0.5372,2.4966,-4.0330,5.000,0.500,2.500,0.000,0.000,0.200,0.500,1.000,0.500,1.000
130.999,0,-1.3276,3.2796,-0.7086,5.000,0.500,2.500,0.000,0.000,0.200,0.500,1.000,0.500,1.000
130.999,1,1.0610,2.0114,-0.8673,5.000,0.500,2.500,0.000,0.000,0.200,0.500,1.000,0.500,1.000
130.999,2,-0.5037,0.5000,-1.1176,5.000,0.500,2.500,0.000,0.000,0.200,0.500,1.000,0.500,1.000
130.999,3,-3.1761,0.9005,-2.6500,5.000,0.500,2.500,0.000,0.000,0.200,0.500,1.000,0.500,1.000
130.999,4,-2.3671,0.5000,-4.5174,5.000,0.500,2.500,0.000,0.000,0.200,0.500,1.000,0.500,1.000
130.999,5,-0.5005,2.5437,-4.1132,5.000,0.500,2.500,0.000,0.000,0.200,0.500,1.000,0.500,1.000
131.199,0,-1.3417,3.3490,-0.6380,5.000,0.500,2.500,0.000,0.000,0.200,0.500,1.000,0.500,1.000
131.199,1,1.1476,2.0200,-0.8181,5.000,0.500,2.500,0.000,0.000,0.200,0.500,1.000,0.500,1.000
131.199,2,-0.4807,0.5000,-1.0562,5.000,0.500,2.500,0.000,0.000,0.200,0.500,1.000,0.500,1.000
131.199,3,-3.2701,0.8663,-2.6535,5.000,0.500,2.500,0.000,0.000,0.200,0.500,1.000,0.500,1.000
131.199,4,-2.3938,0.5000,-4.5994,5.000,0.500,2.500,0.000,0.000,0.200,0.500,1.000,0.500,1.000
131.199,5,-0.4624,2.5913,-4.1924,5.000,0.500,2.500,0.000,0.000,0.200,0.500,1.000,0.500,1.000
131.399,0,-1.3593,3.4188,-0.5686,5.000,0.500,2.500,0.000,0.000,0.200,0.500,1.000,0.500,1.000
131.399,1,1.2352,2.0265,-0.7703,5.000,0.500,2.500,0.000,0.000,0.200,0.500,1.000,0.500,1.000
131.399,2,-0.4581,0.5000,-0.9939,5.000,0.500,2.500,0.000,0.000,0.200,0.500,1.000,0.500,1.000
131.399,3,-3.3638,0.8316,-2.6543,5.000,0.500,2.500,0.000,0.000,0.200,0.500,1.000,0.500,1.000
131.399,4,-2.4202,0.5000,-4.6816,5.000,0.500,2.500,0.000,0.000,0.200,0.500,1.000,0.500,1.000
131.399,5,-0.4234,2.6375,-4.2721,5.000,0.500,2.500,0.000,0.000,0.200,0.500,1.000,0.500,1.000
131.599,0,-1.3812,3.4900,-0.5018,5.000,0.500,2.500,0.000,0.000,0.200,0.500,1.000,0.500,1.000
131.599,1,1.3232,2.0303,-0.7229,5.000,0.500,2.500,0.000,0.000,0.200,0.500,1.000,0.500,1.000
131.599,2,-0.4360,0.5000,-0.9320,5.000,0.500,2.500,0.000,0.000,0.200,0.500,1.000,0.500,1.000
131.599,3,-3.4571,0.7957,-2.6517,5.000,0.500,2.500,0.000,0.000,0.200,0.500,1.000,0.500,1.000
131.599,4,-2.4463,0.5000,-4.7653,5.000,0.500,2.500,0.000,0.000,0.200,0.500,1.000,0.500,1.000
131.599,5,-0.3843,2.6832,-4.3520,5.000,0.500,2.500,0.000,0.000,0.200,0.500,1.000,0.500,1.000
131.799,0,-1.4057,3.5619,-0.4369,5.000,0.500,2.500,0.000,0.000,0.200,0.500,1.000,0.500,1.000
131.799,1,1.4107,2.0319,-0.6746,5.000,0.500,2.500,0.000,0.000,0.200,0.500,1.000,0.500,1.000
131.799,2,-0.4142,0.5000,-0.8696,5.000,0.500,2.500,0.000,0.000,0.200,0.500,1.000,0.500,1.000
131.799,3,-3.5500,0.7589,-2.6474,5.000,0.500,2.500,0.000,0.000,0.200,0.500,1.000,0.500,1.000
131.799,4,-2.4723,0.5000,-4.8498,5.000,0.500,2.500,0.000,0.000,0.200,0.500,1.000,0.500,1.000
131.799,5,-0.3439,2.7294,-4.4309,5.000,0.500,2.500,0.000,0.000,0.200,0.500,1.000,0.500,1.000
131.999,0,-1.4311,3.6341,-0.3724,5.000,0.500,2.500,0.000,0.000,0.200,0.500,1.000,0.500,1.000
131.999,1,1.4988,2.0318,-0.6272,5.000,0.500,2.500,0.000,0.000,0.200,0.500,1.000,0.500,1.000
131.999,2,-0.3928,0.5000,-0.8071,5.000,0.500,2.500,0.000,0.000,0.200,0.500,1.000,0.500,1.000
131.999,3,-3.6423,0.7209,-2.6413,5.000,0.500,2.500,0.000,0.000,0.200,0.500,1.000,0.500,1.000
131.999,4,-2.4973,0.5000,-4.9360,5.000,0.500,2.500,0.000,0.000,0.200,0.500,1.000,0.500,1.000
131.999,5,-0.3024,2.7756,-4.5093,5.000,0.500,2.500,0.000,0.000,0.200,0.500,1.000,0.500,1.000
132.199,0,-1.4577,3.7059,-0.3082,5.000,0.500,2.500,0.000,0.000,0.200,0.500,1.000,0.500,1.000
132.199,1,1.5875,2.0299,-0.5810,5.000,0.500,2.500,0.000,0.000,0.200,0.500,1.000,0.500,1.000
132.199,2,-0.3716,0.5000,-0.7437,5.000,0.500,2.500,0.000,0.000,0.200,0.500,1.000,0.500,1.000
132.199,3,-3.7342,0.6821,-2.6345,5.000,0.500,2.500,0.000,0.000,0.200,0.500,1.000,0.500,1.000
132.199,4,-2.5231,0.5000,-5.0000,5.000,0.500,2.500,0.000,0.000,0.200,0.500,1.000,0.500,1.000
132.199,5,-0.2614,2.8216,-4.5880,5.000,0.500,2.500,0.000,0.000,0.200,0.500,1.000,0.500,1.000
132.399,0,-1.4855,3.7778,-0.2445,5.000,0.500,2.500,0.000,0.000,0.200,0.500,1.000,0.500,1.000
132.399,1,1.6759,2.0270,-0.5344,5.000,0.500,2.500,0.000,0.000,0.200,0.500,1.000,0.500,1.000
132.399,2,-0.3507,0.5000,-0.6796,5.000,0.500,2.500,0.000,0.000,0.200,0.500,1.000,0.500,1.000
132.399,3,-3.8256,0.6422,-2.6273,5.000,0.500,2.500,0.000,0.000,0.200,0.500,1.000,0.500,1.000
132.399,4,-2.5493,0.5000,-5.0000,5.000,0.500,2.500,0.000,0.000,0.200,0.500,1.000,0.500,1.000
132.399,5,-0.2201,2.8665,-4.6673,5.000,0.500,2.500,0.000,0.000,0.200,0.500,1.000,0.500,1.000
132.599,0,-1.5139,3.8503,-0.1817,5.000,0.500,2.500,0.000,0.000,0.200,0.500,1.000,0.500,1.000
132.599,1,1.7647,2.0226,-0.4887,5.000,0.500,2.500,0.000,0.000,0.200,0.500,1.000,0.500,1.000
132.599,2,-0.3320,0.5000,-0.6146,5.000,0.500,2.500,0.000,0.000,0.200,0.500,1.000,0.500,1.000
132.599,3,-3.9161,0.6006,-2.6184,5.000,0.500,2.500,0.000,0.000,0.200,0.500,1.000,0.500,1.000
132.599,4,-2.5756,0.5000,-5.0000,5.000,0.500,2.500,0.000,0.000,0.200,0.500,1.000,0.500,1.000
132.599,5,-0.1787,2.9108,-4.7468,5.000,0.500,2.500,0.000,0.000,0.200,0.500,1.000,0.500,1.000
132.799,0,-1.5429,3.9222,-0.1186,5.000,0.500,2.500,0.000,0.000,0.200,0.500,1.000,0.500,1.000
132.799,1,1.8539,2.0169,-0.4438,5.000,0.500,2.500,0.000,0.000,0.200,0.500,1.000,0.500,1.000
132.799,2,-0.3120,0.5000,-0.5488,5.000,0.500,2.500,0.000,0.000,0.200,0.500,1.000,0.500,1.000
132.799,3,-4.0067,0.5590,-2.6099,5.000,0.500,2.500,0.000,0.000,0.200,0.500,1.000,0.500,1.000
132.799,4,-2.6012,0.5000,-5.0000,5.000,0.500,2.500,0.000,0.000,0.200,0.500,1.000,0.500,1.000
132.799,5,-0.1360,2.9544,-4.8260,5.000,0.500,2.500,0.000,0.000,0.200,0.500,1.000,0.500,1.000
132.999,0,-1.5732,3.9981,-0.0610,5.000,0.500,2.500,0.000,0.000,0.200,0.500,1.000,0.500,1.000
132.999,1,1.9435,2.0103,-0.4000,5.000,0.500,2.500,0.000,0.000,0.200,0.500,1.000,0.500,1.000
132.999,2,-0.2928,0.5000,-0.4880,5.000,0.500,2.500,0.000,0.000,0.200,0.500,1.000,0.500,1.000
132.999,3,-4.0978,0.5181,-2.6055,5.000,0.500,2.500,0.000,0.000,0.200,0.500,1.000,0.500,1.000
132.999,4,-2.6245,0.5000,-5.0000,5.000,0.500,2.500,0.000,0.000,0.200,0.500,1.000,0.500,1.000
132.999,5,-0.0961,3.0023,-4.9041,5.000,0.500,2.500,0.000,0.000,0.200,0.500,1.000,0.500,1.000
133.199,0,-1.6099,4.0774,-0.0126,5.000,0.500,2.500,0.000,0.000,0.200,0.500,1.000,0.500,1.000
133.199,1,2.0377,2.0048,-0.3671,5.000,0.500,2.500,0.000,0.000,0.200,0.500,1.000,0.500,1.000
133.199,2,-0.2725,0.5000,-0.4399,5.000,0.500,2.500,0.000,0.000,0.200,0.500,1.000,0.500,1.000
133.199,3,-4.1915,0.5000,-2.5982,5.000,0.500,2.500,0.000,0.000,0.200,0.500,1.000,0.500,1.000
133.199,4,-2.6428,0.5000,-5.0000,5.000,0.500,2.500,0.000,0.000,0.200,0.500,1.000,0.500,1.000
133.199,5,-0.0433,3.0597,-4.9663,5.000,0.500,2.500,0.000,0.000,0.200,0.500,1.000,0.500,1.000
133.399,0,-1.6568,4.1570,0.0255,5.000,0.500,2.500,0.000,0.000,0.200,0.500,1.000,0.500,1.000
133.399,1,2.1355,2.0008,-0.3469,5.000,0.500,2.500,0.000,0.000,0.200,0.500,1.000,0.500,1.000
133.399,2,-0.2517,0.5000,-0.4011,5.000,0.500,2.500,0.000,0.000,0.200,0.500,1.000,0.500,1.000
133.399,3,-4.2875,0.5000,-2.5837,5.000,0.500,2.500,0.000,0.000,0.200,0.500,1.000,0.500,1.000
133.399,4,-2.6581,0.5000,-5.0000,5.000,0.500,2.500,0.000,0.000,0.200,0.500,1.000,0.500,1.000
133.399,5,0.0193,3.1239,-5.0000,5.000,0.500,2.500,0.000,0.000,0.200,0.500,1.000,0.500,1.000
133.599,0,-1.7126,4.2343,0.0555,5.000,0.500,2.500,0.000,0.000,0.200,0.500,1.000,0.500,1.000
133.599,1,2.2346,1.9975,-0.3341,5.000,0.500,2.500,0.000,0.000,0.200,0.500,1.000,0.500,1.000
133.599,2,-0.2307,0.5000,-0.3703,5.000,0.500,2.500,0.000,0.000,0.200,0.500,1.000,0.500,1.000
133.599,3,-4.3844,0.5000,-2.5653,5.000,0.500,2.500,0.000,0.000,0.200,0.500,1.000,0.500,1.000
133.599,4,-2.6726,0.5000,-5.0000,5.000,0.500,2.500,0.000,0.000,0.200,0.500,1.000,0.500,1.000
133.599,5,0.0868,3.1915,-5.0000,5.000,0.500,2.500,0.000,0.000,0.200,0.500,1.000,0.500,1.000
133.799,0,-1.7737,4.3099,0.0788,5.000,0.500,2.500,0.000,0.000,0.200,0.500,1.000,0.500,1.000
133.799,1,2.3343,1.9942,-0.3266,5.000,0.500,2.500,0.000,0.000,0.200,0.500,1.000,0.500,1.000
133.799,2,-0.2119,0.5000,-0.3446,5.000,0.500,2.500,0.000,0.000,0.200,0.500,1.000,0.500,1.000
133.799,3,-4.4815,0.5000,-2.5447,5.000,0.500,2.500,0.000,0.000,0.200,0.500,1.000,0.500,1.000
133.799,4,-2.6840,0.5000,-5.0000,5.000,0.500,2.500,0.000,0.000,0.200,0.500,1.000,0.500,1.000
133.799,5,0.1577,3.2600,-5.0000,5.000,0.500,2.500,0.000,0.000,0.200,0.500,1.000,0.500,1.000
133.999,0,-1.8372,4.3845,0.0988,5.000,0.500,2.500,0.000,0.000,0.200,0.500,1.000,0.500,1.000
133.999,1,2.4341,1.9907,-0.3231,5.000,0.500,2.500,0.000,0.000,0.200,0.500,1.000,0.500,1.000
133.999,2,-0.1928,0.5000,-0.3227,5.000,0.500,2.500,0.000,0.000,0.200,0.500,1.000,0.500,1.000
133.999,3,-4.5787,0.5000,-2.5226,5.000,0.500,2.500,0.000,0.000,0.200,0.500,1.000,0.500,1.000
133.999,4,-2.6940,0.5000,-5.0000,5.000,0.500,2.500,0.000,0.000,0.200,0.500,1.000,0.500,1.000
133.999,5,0.2300,3.3282,-5.0000,5.000,0.500,2.500,0.000,0.000,0.200,0.500,1.000,0.500,1.000
134.199,0,-1.9004,4.4602,0.1156,5.000,0.500,2.500,0.000,0.000,0.200,0.500,1.000,0.500,1.000
134.199,1,2.5341,1.9901,-0.3217,5.000,0.500,2.500,0.000,0.000,0.200,0.500,1.000,0.500,1.000
134.199,2,-0.1719,0.5000,-0.3034,5.000,0.500,2.500,0.000,0.000,0.200,0.500,1.000,0.500,1.000
134.199,3,-4.6762,0.5000,-2.5012,5.000,0.500,2.500,0.000,0.000,0.200,0.500,1.000,0.500,1.000
134.199,4,-2.7027,0.5000,-5.0000,5.000,0.500,2.500,0.000,0.000,0.200,0.500,1.000,0.500,1.000
134.199,5,0.3031,3.3963,-5.0000,5.000,0.500,2.500,0.000,0.000,0.200,0.500,1.000,0.500,1.000
134.399,0,-1.9573,4.5408,0.1317,5.000,0.500,2.500,0.000,0.000,0.200,0.500,1.000,0.500,1.000
134.399,1,2.6329,2.0049,-0.3227,5.000,0.500,2.500,0.000,0.000,0.200,0.500,1.000,0.500,1.000
134.399,2,-0.1610,0.5000,-0.2900,5.000,0.500,2.500,0.000,0.000,0.200,0.500,1.000,0.500,1.000
134.399,3,-4.7690,0.5000,-2.4649,5.000,0.500,2.500,0.000,0.000,0.200,0.500,1.000,0.500,1.000
134.399,4,-2.7109,0.5000,-5.0000,5.000,0.500,2.500,0.000,0.000,0.200,0.500,1.000,0.500,1.000
134.399,5,0.3775,3.4631,-4.9993,5.000,0.500,2.500,0.000,0.000,0.200,0.500,1.000,0.500,1.000
134.599,0,-2.0095,4.6249,0.1455,5.000,0.500,2.500,0.000,0.000,0.200,0.500,1.000,0.500,1.000
134.599,1,2.7293,2.0314,-0.3222,5.000,0.500,2.500,0.000,0.000,0.200,0.500,1.000,0.500,1.000
134.599,2,-0.1640,0.5000,-0.2838,5.000,0.500,2.500,0.000,0.000,0.200,0.500,1.000,0.500,1.000
134.599,3,-4.8541,0.5000,-2.4125,5.000,0.500,2.500,0.000,0.000,0.200,0.500,1.000,0.500,1.000
134.599,4,-2.7157,0.5000,-5.0000,5.000,0.500,2.500,0.000,0.000,0.200,0.500,1.000,0.500,1.000
134.599,5,0.4513,3.5305,-4.9965,5.000,0.500,2.500,0.000,0.000,0.200,0.500,1.000,0.500,1.000
134.799,0,-2.0589,4.7109,0.1587,5.000,0.500,2.500,0.000,0.000,0.200,0.500,1.000,0.500,1.000
134.799,1,2.8237,2.0643,-0.3213,5.000,0.500,2.500,0.000,0.000,0.200,0.500,1.000,0.500,1.000
134.799,2,-0.1766,0.5000,-0.2839,5.000,0.500,2.500,0.000,0.000,0.200,0.500,1.000,0.500,1.000
134.799,3,-4.9321,0.5000,-2.3501,5.000,0.500,2.500,0.000,0.000,0.200,0.500,1.000,0.500,1.000
134.799,4,-2.7188,0.5000,-5.0000,5.000,0.500,2.500,0.000,0.000,0.200,0.500,1.000,0.500,1.000
134.799,5,0.5254,3.5976,-4.9929,5.000,0.500,2.500,0.000,0.000,0.200,0.500,1.000,0.500,1.000
134.999,0,-2.1065,4.7978,0.1725,5.000,0.500,2.500,0.000,0.000,0.200,0.500,1.000,0.500,1.000
134.999,1,2.9165,2.1013,-0.3222,5.000,0.500,2.500,0.000,0.000,0.200,0.500,1.000,0.500,1.000
134.999,2,-0.1954,0.5000,-0.2886,5.000,0.500,2.500,0.000,0.000,0.200,0.500,1.000,0.500,1.000
134.999,3,-5.0000,0.5000,-2.2826,5.000,0.500,2.500,0.000,0.000,0.200,0.500,1.000,0.500,1.000
134.999,4,-2.7217,0.5000,-5.0000,5.000,0.500,2.500,0.000,0.000,0.200,0.500,1.000,0.500,1.000
134.999,5,0.6000,3.6640,-4.9884,5.000,0.500,2.500,0.000,0.000,0.200,0.500,1.000,0.500,1.000
135.199,0,-2.1525,4.8855,0.1860,5.000,0.500,2.500,0.000,0.000,0.200,0.500,1.000,0.500,1.000
135.199,1,3.0082,2.1412,-0.3244,5.000,0.500,2.500,0.000,0.000,0.200,0.500,1.000,0.500,1.000
135.199,2,-0.2191,0.5000,-0.2951,5.000,0.500,2.500,0.000,0.000,0.200,0.500,1.000,0.500,1.000
135.199,3,-5.0000,0.5000,-2.2106,5.000,0.500,2.500,0.000,0.000,0.200,0.500,1.000,0.500,1.000
135.199,4,-2.7240,0.5000,-5.0000,5.000,0.500,2.500,0.000,0.000,0.200,0.500,1.000,0.500,1.000
135.199,5,0.6750,3.7299,-4.9822,5.000,0.500,2.500,0.000,0.000,0.200,0.500,1.000,0.500,1.000
135.399,0,-2.1965,4.9741,0.2001,5.000,0.500,2.500,0.000,0.000,0.200,0.500,1.000,0.500,1.000
135.399,1,3.0992,2.1826,-0.3252,5.000,0.500,2.500,0.000,0.000,0.200,0.500,1.000,0.500,1.000
135.399,2,-0.2468,0.5000,-0.3031,5.000,0.500,2.500,0.000,0.000,0.200,0.500,1.000,0.500,1.000
135.399,3,-5.0000,0.5000,-2.1361,5.000,0.500,2.500,0.000,0.000,0.200,0.500,1.000,0.500,1.000
135.399,4,-2.7269,0.5000,-5.0000,5.000,0.500,2.500,0.000,0.000,0.200,0.500,1.000,0.500,1.000
135.399,5,0.7493,3.7964,-4.9750,5.000,0.500,2.500,0.000,0.000,0.200,0.500,1.000,0.500,1.000
135.599,0,-2.2409,5.0000,0.2132,5.000,0.500,2.500,0.000,0.000,0.200,0.500,1.000,0.500,1.000
135.599,1,3.1899,2.2249,-0.3255,5.000,0.500,2.500,0.000,0.000,0.200,0.500,1.000,0.500,1.000
135.599,2,-0.2764,0.5000,-0.3124,5.000,0.500,2.500,0.000,0.000,0.200,0.500,1.000,0.500,1.000
135.599,3,-5.0000,0.5000,-2.0599,5.000,0.500,2.500,0.000,0.000,0.200,0.500,1.000,0.500,1.000
135.599,4,-2.7298,0.5000,-5.0000,5.000,0.500,2.500,0.000,0.000,0.200,0.500,1.000,0.500,1.000
135.599,5,0.8234,3.8629,-4.9663,5.000,0.500,2.500,0.000,0.000,0.200,0.500,1.000,0.500,1.000
135.799,0,-2.2847,5.0000,0.2271,5.000,0.500,2.500,0.000,0.000,0.200,0.500,1.000,0.500,1.000
135.799,1,3.2800,2.2682,-0.3265,5.000,0.500,2.500,0.000,0.000,0.200,0.500,1.000,0.500,1.000
135.799,2,-0.3060,0.5000,-0.3229,5.000,0.500,2.500,0.000,0.000,0.200,0.500,1.000,0.500,1.000
135.799,3,-5.0000,0.5000,-1.9832,5.000,0.500,2.500,0.000,0.000,0.200,0.500,1.000,0.500,1.000
135.799,4,-2.7346,0.5000,-5.0000,5.000,0.500,2.500,0.000,0.000,0.200,0.500,1.000,0.500,1.000
135.799,5,0.8980,3.9291,-4.9589,5.000,0.500,2.500,0.000,0.000,0.200,0.500,1.000,0.500,1.000
135.999,0,-2.3286,5.0000,0.2416,5.000,0.500,2.500,0.000,0.000,0.200,0.500,1.000,0.500,1.000
135.999,1,3.3698,2.3121,-0.3275,5.000,0.500,2.500,0.000,0.000,0.200,0.500,1.000,0.500,1.000
135.999,2,-0.3212,0.5000,-0.3298,5.000,0.500,2.500,0.000,0.000,0.200,0.500,1.000,0.500,1.000
135.999,3,-5.0000,0.5000,-1.9163,5.000,0.500,2.500,0.000,0.000,0.200,0.500,1.000,0.500,1.000
135.999,4,-2.7296,0.5000,-5.0000,5.000,0.500,2.500,0.000,0.000,0.200,0.500,1.000,0.500,1.000
135.999,5,0.9716,3.9930,-4.9504,5.000,0.500,2.500,0.000,0.000,0.200,0.500,1.000,0.500,1.000
136.199,0,-2.3715,5.0000,0.2559,5.000,0.500,2.500,0.000,0.000,0.200,0.500,1.000,0.500,1.000
136.199,1,3.4593,2.3567,-0.3292,5.000,0.500,2.500,0.000,0.000,0.200,0.500,1.000,0.500,1.000
136.199,2,-0.3219,0.5000,-0.3322,5.000,0.500,2.500,0.000,0.000,0.200,0.500,1.000,0.500,1.000
136.199,3,-5.0000,0.5000,-1.8606,5.000,0.500,2.500,0.000,0.000,0.200,0.500,1.000,0.500,1.000
136.199,4,-2.7035,0.5000,-5.0000,5.000,0.500,2.500,0.000,0.000,0.200,0.500,1.000,0.500,1.000
136.199,5,1.0424,4.0514,-4.9366,5.000,0.500,2.500,0.000,0.000,0.200,0.500,1.000,0.500,1.000
136.399,0,-2.4144,5.0000,0.2715,5.000,0.500,2.500,0.000,0.000,0.200,0.500,1.000,0.500,1.000
136.399,1,3.5489,2.4010,-0.3309,5.000,0.500,2.500,0.000,0.000,0.200,0.500,1.000,0.500,1.000
136.399,2,-0.3106,0.5000,-0.3325,5.000,0.500,2.500,0.000,0.000,0.200,0.500,1.000,0.500,1.000
136.399,3,-5.0000,0.5000,-1.8121,5.000,0.500,2.500,0.000,0.000,0.200,0.500,1.000,0.500,1.000
136.399,4,-2.6626,0.5000,-5.0000,5.000,0.500,2.500,0.000,0.000,0.200,0.500,1.000,0.500,1.000
136.399,5,1.1081,4.1059,-4.9127,5.000,0.500,2.500,0.000,0.000,0.200,0.500,1.000,0.500,1.000
136.599,0,-2.4546,5.0000,0.2918,5.000,0.500,2.500,0.000,0.000,0.200,0.500,1.000,0.500,1.000
136.599,1,3.6385,2.4454,-0.3314,5.000,0.500,2.500,0.000,0.000,0.200,0.500,1.000,0.500,1.000
136.599,2,-0.2961,0.5000,-0.3200,5.000,0.500,2.500,0.000,0.000,0.200,0.500,1.000,0.500,1.000
136.599,3,-5.0000,0.5000,-1.7690,5.000,0.500,2.500,0.000,0.000,0.200,0.500,1.000,0.500,1.000
136.599,4,-2.6139,0.5000,-5.0000,5.000,0.500,2.500,0.000,0.000,0.200,0.500,1.000,0.500,1.000
136.599,5,1.1682,4.1547,-4.8806,5.000,0.500,2.500,0.000,0.000,0.200,0.500,1.000,0.500,1.000
136.799,0,-2.4961,5.0000,0.3120,5.000,0.500,2.500,0.000,0.000,0.200,0.500,1.000,0.500,1.000
136.799,1,3.7280,2.4900,-0.3334,5.000,0.500,2.500,0.000,0.000,0.200,0.500,1.000,0.500,1.000
136.799,2,-0.2810,0.5000,-0.2955,5.000,0.500,2.500,0.000,0.000,0.200,0.500,1.000,0.500,1.000
136.799,3,-5.0000,0.5000,-1.7280,5.000,0.500,2.500,0.000,0.000,0.200,0.500,1.000,0.500,1.000
136.799,4,-2.5596,0.5000,-5.0000,5.000,0.500,2.500,0.000,0.000,0.200,0.500,1.000,0.500,1.000
136.799,5,1.2254,4.1990,-4.8464,5.000,0.500,2.500,0.000,0.000,0.200,0.500,1.000,0.500,1.000
136.999,0,-2.5414,5.0000,0.3308,5.000,0.500,2.500,0.000,0.000,0.200,0.500,1.000,0.500,1.000
136.999,1,3.8172,2.5351,-0.3353,5.000,0.500,2.500,0.000,0.000,0.200,0.500,1.000,0.500,1.000
136.999,2,-0.2656,0.5000,-0.2636,5.000,0.500,2.500,0.000,0.000,0.200,0.500,1.000,0.500,1.000
136.999,3,-5.0000,0.5000,-1.6889,5.000,0.500,2.500,0.000,0.000,0.200,0.500,1.000,0.500,1.000
136.999,4,-2.5007,0.5000,-5.0000,5.000,0.500,2.500,0.000,0.000,0.200,0.500,1.000,0.500,1.000
136.999,5,1.2862,4.2380,-4.8100,5.000,0.500,2.500,0.000,0.000,0.200,0.500,1.000,0.500,1.000
137.199,0,-2.5871,5.0000,0.3445,5.000,0.500,2.500,0.000,0.000,0.200,0.500,1.000,0.500,1.000
137.199,1,3.9063,2.5806,-0.3380,5.000,0.500,2.500,0.000,0.000,0.200,0.500,1.000,0.500,1.000
137.199,2,-0.2507,0.5000,-0.2251,5.000,0.500,2.500,0.000,0.000,0.200,0.500,1.000,0.500,1.000
137.199,3,-5.0000,0.5000,-1.6520,5.000,0.500,2.500,0.000,0.000,0.200,0.500,1.000,0.500,1.000
137.199,4,-2.4394,0.5000,-5.0000,5.000,0.500,2.500,0.000,0.000,0.200,0.500,1.000,0.500,1.000
137.199,5,1.3466,4.2720,-4.7686,5.000,0.500,2.500,0.000,0.000,0.200,0.500,1.000,0.500,1.000
137.399,0,-2.6355,5.0000,0.3610,5.000,0.500,2.500,0.000,0.000,0.200,0.500,1.000,0.500,1.000
137.399,1,3.9952,2.6262,-0.3416,5.000,0.500,2.500,0.000,0.000,0.200,0.500,1.000,0.500,1.000
137.399,2,-0.2356,0.5000,-0.1814,5.000,0.500,2.500,0.000,0.000,0.200,0.500,1.000,0.500,1.000
137.399,3,-5.0000,0.5000,-1.6164,5.000,0.500,2.500,0.000,0.000,0.200,0.500,1.000,0.500,1.000
137.399,4,-2.3754,0.5000,-5.0000,5.000,0.500,2.500,0.000,0.000,0.200,0.500,1.000,0.500,1.000
137.399,5,1.4076,4.3008,-4.7209,5.000,0.500,2.500,0.000,0.000,0.200,0.500,1.000,0.500,1.000
137.599,0,-2.6823,5.0000,0.3785,5.000,0.500,2.500,0.000,0.000,0.200,0.500,1.000,0.500,1.000
137.599,1,4.0836,2.6725,-0.3471,5.000,0.500,2.500,0.000,0.000,0.200,0.500,1.000,0.500,1.000
137.599,2,-0.2204,0.5000,-0.1356,5.000,0.500,2.500,0.000,0.000,0.200,0.500,1.000,0.500,1.000
137.599,3,-5.0000,0.5000,-1.5810,5.000,0.500,2.500,0.000,0.000,0.200,0.500,1.000,0.500,1.000
137.599,4,-2.3105,0.5000,-5.0000,5.000,0.500,2.500,0.000,0.000,0.200,0.500,1.000,0.500,1.000
137.599,5,1.4662,4.3248,-4.6712,5.000,0.500,2.500,0.000,0.000,0.200,0.500,1.000,0.500,1.000
137.799,0,-2.7308,5.0000,0.3966,5.000,0.500,2.500,0.000,0.000,0.200,0.500,1.000,0.500,1.000
137.799,1,4.1722,2.7185,-0.3533,5.000,0.500,2.500,0.000,0.000,0.200,0.500,1.000,0.500,1.000
137.799,2,-0.2133,0.5000,-0.0897,5.000,0.500,2.500,0.000,0.000,0.200,0.500,1.000,0.500,1.000
137.799,3,-5.0000,0.5000,-1.5395,5.000,0.500,2.500,0.000,0.000,0.200,0.500,1.000,0.500,1.000
137.799,4,-2.2444,0.5000,-5.0000,5.000,0.500,2.500,0.000,0.000,0.200,0.500,1.000,0.500,1.000
137.799,5,1.5225,4.3446,-4.6205,5.000,0.500,2.500,0.000,0.000,0.200,0.500,1.000,0.500,1.000
137.999,0,-2.7810,5.0000,0.4105,5.000,0.500,2.500,0.000,0.000,0.200,0.500,1.000,0.500,1.000
137.999,1,4.2612,2.7632,-0.3595,5.000,0.500,2.500,0.000,0.000,0.200,0.500,1.000,0.500,1.000
137.999,2,-0.2191,0.5000,-0.0455,5.000,0.500,2.500,0.000,0.000,0.200,0.500,1.000,0.500,1.000
137.999,3,-5.0000,0.5000,-1.4906,5.000,0.500,2.500,0.000,0.000,0.200,0.500,1.000,0.500,1.000
137.999,4,-2.1771,0.5000,-5.0000,5.000,0.500,2.500,0.000,0.000,0.200,0.500,1.000,0.500,1.000
137.999,5,1.5792,4.3593,-4.5692,5.000,0.500,2.500,0.000,0.000,0.200,0.500,1.000,0.500,1.000
138.199,0,-2.8333,5.0000,0.4227,5.000,0.500,2.500,0.000,0.000,0.200,0.500,1.000,0.500,1.000
138.199,1,4.3490,2.8043,-0.3697,5.000,0.500,2.500,0.000,0.000,0.200,0.500,1.000,0.500,1.000
138.199,2,-0.1979,0.5000,0.0001,5.000,0.500,2.500,0.000,0.000,0.200,0.500,1.000,0.500,1.000
138.199,3,-5.0000,0.5000,-1.4402,5.000,0.500,2.500,0.000,0.000,0.200,0.500,1.000,0.500,1.000
138.199,4,-2.1093,0.5000,-5.0000,5.000,0.500,2.500,0.000,0.000,0.200,0.500,1.000,0.500,1.000
138.199,5,1.6311,4.3701,-4.5103,5.000,0.500,2.500,0.000,0.000,0.200,0.500,1.000,0.500,1.000
138.399,0,-2.8837,5.0000,0.4351,5.000,0.500,2.500,0.000,0.000,0.200,0.500,1.000,0.500,1.000
138.399,1,4.4298,2.8421,-0.3797,5.000,0.500,2.500,0.000,0.000,0.200,0.500,1.000,0.500,1.000
138.399,2,-0.1677,0.5000,0.0386,5.000,0.500,2.500,0.000,0.000,0.200,0.500,1.000,0.500,1.000
138.399,3,-5.0000,0.5000,-1.3788,5.000,0.500,2.500,0.000,0.000,0.200,0.500,1.000,0.500,1.000
138.399,4,-2.0409,0.5000,-5.0000,5.000,0.500,2.500,0.000,0.000,0.200,0.500,1.000,0.500,1.000
138.399,5,1.6787,4.3770,-4.4438,5.000,0.500,2.500,0.000,0.000,0.200,0.500,1.000,0.500,1.000
138.599,0,-2.9350,5.0000,0.4470,5.000,0.500,2.500,0.000,0.000,0.200,0.500,1.000,0.500,1.000
138.599,1,4.5032,2.8752,-0.3923,5.000,0.500,2.500,0.000,0.000,0.200,0.500,1.000,0.500,1.000
138.599,2,-0.1299,0.5000,0.0712,5.000,0.500,2.500,0.000,0.000,0.200,0.500,1.000,0.500,1.000
138.599,3,-5.0000,0.5000,-1.3098,5.000,0.500,2.500,0.000,0.000,0.200,0.500,1.000,0.500,1.000
138.599,4,-1.9725,0.5000,-5.0000,5.000,0.500,2.500,0.000,0.000,0.200,0.500,1.000,0.500,1.000
138.599,5,1.7205,4.3780,-4.3704,5.000,0.500,2.500,0.000,0.000,0.200,0.500,1.000,0.500,1.000
138.799,0,-2.9881,4.9956,0.4570,5.000,0.500,2.500,0.000,0.000,0.200,0.500,1.000,0.500,1.000
138.799,1,4.5704,2.9029,-0.4063,5.000,0.500,2.500,0.000,0.000,0.200,0.500,1.000,0.500,1.000
138.799,2,-0.0854,0.5000,0.0959,5.000,0.500,2.500,0.000,0.000,0.200,0.500,1.000,0.500,1.000
138.799,3,-5.0000,0.5000,-1.2359,5.000,0.500,2.500,0.000,0.000,0.200,0.500,1.000,0.500,1.000
138.799,4,-1.9020,0.5000,-5.0000,5.000,0.500,2.500,0.000,0.000,0.200,0.500,1.000,0.500,1.000
138.799,5,1.7606,4.3731,-4.2943,5.000,0.500,2.500,0.000,0.000,0.200,0.500,1.000,0.500,1.000
138.999,0,-3.0425,4.9834,0.4661,5.000,0.500,2.500,0.000,0.000,0.200,0.500,1.000,0.500,1.000
138.999,1,4.6402,2.9243,-0.4130,5.000,0.500,2.500,0.000,0.000,0.200,0.500,1.000,0.500,1.000
138.999,2,-0.0347,0.5000,0.1203,5.000,0.500,2.500,0.000,0.000,0.200,0.500,1.000,0.500,1.000
138.999,3,-5.0000,0.5000,-1.1586,5.000,0.500,2.500,0.000,0.000,0.200,0.500,1.000,0.500,1.000
138.999,4,-1.8314,0.5000,-5.0000,5.000,0.500,2.500,0.000,0.000,0.200,0.500,1.000,0.500,1.000
138.999,5,1.7932,4.3669,-4.2241,5.000,0.500,2.500,0.000,0.000,0.200,0.500,1.000,0.500,1.000
139.199,0,-3.0951,4.9627,0.4743,5.000,0.500,2.500,0.000,0.000,0.200,0.500,1.000,0.500,1.000
139.199,1,4.7298,2.9323,-0.3907,5.000,0.500,2.500,0.000,0.000,0.200,0.500,1.000,0.500,1.000
139.199,2,0.0167,0.5000,0.1427,5.000,0.500,2.500,0.000,0.000,0.200,0.500,1.000,0.500,1.000
139.199,3,-5.0000,0.5000,-1.0778,5.000,0.500,2.500,0.000,0.000,0.200,0.500,1.000,0.500,1.000
139.199,4,-1.7623,0.5000,-5.0000,5.000,0.500,2.500,0.000,0.000,0.200,0.500,1.000,0.500,1.000
139.199,5,1.8026,4.3700,-4.1825,5.000,0.500,2.500,0.000,0.000,0.200,0.500,1.000,0.500,1.000
139.399,0,-3.1493,4.9334,0.4830,5.000,0.500,2.500,0.000,0.000,0.200,0.500,1.000,0.500,1.000
139.399,1,4.8165,2.9318,-0.3577,5.000,0.500,2.500,0.000,0.000,0.200,0.500,1.000,0.500,1.000
139.399,2,0.0691,0.5000,0.1596,5.000,0.500,2.500,0.000,0.000,0.200,0.500,1.000,0.500,1.000
139.399,3,-5.0000,0.5000,-0.9933,5.000,0.500,2.500,0.000,0.000,0.200,0.500,1.000,0.500,1.000
139.399,4,-1.6914,0.5000,-5.0000,5.000,0.500,2.500,0.000,0.000,0.200,0.500,1.000,0.500,1.000
139.399,5,1.7949,4.3747,-4.1504,5.000,0.500,2.500,0.000,0.000,0.200,0.500,1.000,0.500,1.000
139.599,0,-3.2032,4.9037,0.4961,5.000,0.500,2.500,0.000,0.000,0.200,0.500,1.000,0.500,1.000
139.599,1,4.8979,2.9272,-0.3260,5.000,0.500,2.500,0.000,0.000,0.200,0.500,1.000,0.500,1.000
139.599,2,0.1231,0.5000,0.1658,5.000,0.500,2.500,0.000,0.000,0.200,0.500,1.000,0.500,1.000
139.599,3,-5.0000,0.5000,-0.9099,5.000,0.500,2.500,0.000,0.000,0.200,0.500,1.000,0.500,1.000
139.599,4,-1.6148,0.5000,-5.0000,5.000,0.500,2.500,0.000,0.000,0.200,0.500,1.000,0.500,1.000
139.599,5,1.7834,4.3747,-4.1169,5.000,0.500,2.500,0.000,0.000,0.200,0.500,1.000,0.500,1.000
139.799,0,-3.2433,4.9055,0.5212,5.000,0.500,2.500,0.000,0.000,0.200,0.500,1.000,0.500,1.000
139.799,1,4.9740,2.9179,-0.2966,5.000,0.500,2.500,0.000,0.000,0.200,0.500,1.000,0.500,1.000
139.799,2,0.1790,0.5000,0.1686,5.000,0.500,2.500,0.000,0.000,0.200,0.500,1.000,0.500,1.000
139.799,3,-5.0000,0.5000,-0.8400,5.000,0.500,2.500,0.000,0.000,0.200,0.500,1.000,0.500,1.000
139.799,4,-1.5378,0.5000,-5.0000,5.000,0.500,2.500,0.000,0.000,0.200,0.500,1.000,0.500,1.000
139.799,5,1.7696,4.3708,-4.0826,5.000,0.500,2.500,0.000,0.000,0.200,0.500,1.000,0.500,1.000
139.999,0,-3.2675,4.9418,0.5569,5.000,0.500,2.500,0.000,0.000,0.200,0.500,1.000,0.500,1.000
139.999,1,5.0000,2.9038,-0.2696,5.000,0.500,2.500,0.000,0.000,0.200,0.500,1.000,0.500,1.000
139.999,2,0.2369,0.5000,0.1673,5.000,0.500,2.500,0.000,0.000,0.200,0.500,1.000,0.500,1.000
139.999,3,-5.0000,0.5000,-0.7912,5.000,0.500,2.500,0.000,0.000,0.200,0.500,1.000,0.500,1.000
139.999,4,-1.4595,0.5000,-5.0000,5.000,0.500,2.500,0.000,0.000,0.200,0.500,1.000,0.500,1.000
139.999,5,1.7598,4.3615,-4.0393,5.000,0.500,2.500,0.000,0.000,0.200,0.500,1.000,0.500,1.000
140.199,0,-3.2769,5.0000,0.6035,5.000,0.500,2.500,0.000,0.000,0.200,0.500,1.000,0.500,1.000
140.199,1,5.0000,2.8839,-0.2453,5.000,0.500,2.500,0.000,0.000,0.200,0.500,1.000,0.500,1.000
140.199,2,0.2997,0.5000,0.1614,5.000,0.500,2.500,0.000,0.000,0.200,0.500,1.000,0.500,1.000
140.199,3,-5.0000,0.5000,-0.7629,5.000,0.500,2.500,0.000,0.000,0.200,0.500,1.000,0.500,1.000
140.199,4,-1.3798,0.5000,-5.0000,5.000,0.500,2.500,0.000,0.000,0.200,0.500,1.000,0.500,1.000
140.199,5,1.7507,4.3477,-3.9864,5.000,0.500,2.500,0.000,0.000,0.200,0.500,1.000,0.500,1.000
140.399,0,-3.2832,5.0000,0.6475,5.000,0.500,2.500,0.000,0.000,0.200,0.500,1.000,0.500,1.000
140.399,1,5.0000,2.8581,-0.2270,5.000,0.500,2.500,0.000,0.000,0.200,0.500,1.000,0.500,1.000
140.399,2,0.3685,0.5000,0.1495,5.000,0.500,2.500,0.000,0.000,0.200,0.500,1.000,0.500,1.000
140.399,3,-5.0000,0.5000,-0.7364,5.000,0.500,2.500,0.000,0.000,0.200,0.500,1.000,0.500,1.000
140.399,4,-1.3017,0.5000,-5.0000,5.000,0.500,2.500,0.000,0.000,0.200,0.500,1.000,0.500,1.000
140.399,5,1.7375,4.3276,-3.9266,5.000,0.500,2.500,0.000,0.000,0.200,0.500,1.000,0.500,1.000
140.599,0,-3.2874,5.0000,0.6904,5.000,0.500,2.500,0.000,0.000,0.200,0.500,1.000,0.500,1.000
140.599,1,5.0000,2.8279,-0.2115,5.000,0.500,2.500,0.000,0.000,0.200,0.500,1.000,0.500,1.000
140.599,2,0.4401,0.5000,0.1301,5.000,0.500,2.500,0.000,0.000,0.200,0.500,1.000,0.500,1.000
140.599,3,-5.0000,0.5000,-0.7041,5.000,0.500,2.500,0.000,0.000,0.200,0.500,1.000,0.500,1.000
140.599,4,-1.2356,0.5000,-5.0000,5.000,0.500,2.500,0.000,0.000,0.200,0.500,1.000,0.500,1.000
140.599,5,1.7333,4.3181,-3.8588,5.000,0.500,2.500,0.000,0.000,0.200,0.500,1.000,0.500,1.000
140.799,0,-3.2899,5.0000,0.7305,5.000,0.500,2.500,0.000,0.000,0.200,0.500,1.000,0.500,1.000
140.799,1,5.0000,2.7932,-0.1916,5.000,0.500,2.500,0.000,0.000,0.200,0.500,1.000,0.500,1.000
140.799,2,0.5106,0.5000,0.1089,5.000,0.500,2.500,0.000,0.000,0.200,0.500,1.000,0.500,1.000
140.799,3,-5.0000,0.5000,-0.6696,5.000,0.500,2.500,0.000,0.000,0.200,0.500,1.000,0.500,1.000
140.799,4,-1.1924,0.5000,-5.0000,5.000,0.500,2.500,0.000,0.000,0.200,0.500,1.000,0.500,1.000
140.799,5,1.7523,4.3390,-3.7808,5.000,0.500,2.500,0.000,0.000,0.200,0.500,1.000,0.500,1.000
140.999,0,-3.2938,5.0000,0.7714,5.000,0.500,2.500,0.000,0.000,0.200,0.500,1.000,0.500,1.000
140.999,1,5.0000,2.7555,-0.1755,5.000,0.500,2.500,0.000,0.000,0.200,0.500,1.000,0.500,1.000
140.999,2,0.5791,0.5000,0.0842,5.000,0.500,2.500,0.000,0.000,0.200,0.500,1.000,0.500,1.000
140.999,3,-5.0000,0.5000,-0.6340,5.000,0.500,2.500,0.000,0.000,0.200,0.500,1.000,0.500,1.000
140.999,4,-1.1660,0.5000,-5.0000,5.000,0.500,2.500,0.000,0.000,0.200,0.500,1.000,0.500,1.000
140.999,5,1.7851,4.3768,-3.6952,5.000,0.500,2.500,0.000,0.000,0.200,0.500,1.000,0.500,1.000
141.199,0,-3.2935,5.0000,0.8131,5.000,0.500,2.500,0.000,0.000,0.200,0.500,1.000,0.500,1.000
141.199,1,5.0000,2.7306,-0.1652,5.000,0.500,2.500,0.000,0.000,0.200,0.500,1.000,0.500,1.000
141.199,2,0.6199,0.5000,0.0591,5.000,0.500,2.500,0.000,0.000,0.200,0.500,1.000,0.500,1.000
141.199,3,-5.0000,0.5000,-0.5963,5.000,0.500,2.500,0.000,0.000,0.200,0.500,1.000,0.500,1.000
141.199,4,-1.1399,0.5000,-4.9999,5.000,0.500,2.500,0.000,0.000,0.200,0.500,1.000,0.500,1.000
141.199,5,1.8110,4.4108,-3.6071,5.000,0.500,2.500,0.000,0.000,0.200,0.500,1.000,0.500,1.000
141.399,0,-3.2885,5.0000,0.8518,5.000,0.500,2.500,0.000,0.000,0.200,0.500,1.000,0.500,1.000
141.399,1,5.0000,2.7141,-0.1474,5.000,0.500,2.500,0.000,0.000,0.200,0.500,1.000,0.500,1.000
141.399,2,0.6262,0.5000,0.0375,5.000,0.500,2.500,0.000,0.000,0.200,0.500,1.000,0.500,1.000
141.399,3,-5.0000,0.5000,-0.5571,5.000,0.500,2.500,0.000,0.000,0.200,0.500,1.000,0.500,1.000
141.399,4,-1.1152,0.5000,-4.9918,5.000,0.500,2.500,0.000,0.000,0.200,0.500,1.000,0.500,1.000
141.399,5,1.8176,4.4528,-3.5399,5.000,0.500,2.500,0.000,0.000,0.200,0.500,1.000,0.500,1.000
141.599,0,-3.2773,5.0000,0.8844,5.000,0.500,2.500,0.000,0.000,0.200,0.500,1.000,0.500,1.000
141.599,1,5.0000,2.7029,-0.1229,5.000,0.500,2.500,0.000,0.000,0.200,0.500,1.000,0.500,1.000
141.599,2,0.6014,0.5000,0.0217,5.000,0.500,2.500,0.000,0.000,0.200,0.500,1.000,0.500,1.000
141.599,3,-4.9969,0.5000,-0.5177,5.000,0.500,2.500,0.000,0.000,0.200,0.500,1.000,0.500,1.000
141.599,4,-1.0898,0.5000,-4.9761,5.000,0.500,2.500,0.000,0.000,0.200,0.500,1.000,0.500,1.000
141.599,5,1.7976,4.5077,-3.4993,5.000,0.500,2.500,0.000,0.000,0.200,0.500,1.000,0.500,1.000
141.799,0,-3.2601,5.0000,0.9142,5.000,0.500,2.500,0.000,0.000,0.200,0.500,1.000,0.500,1.000
141.799,1,5.0000,2.7006,-0.0987,5.000,0.500,2.500,0.000,0.000,0.200,0.500,1.000,0.500,1.000
141.799,2,0.5543,0.5000,0.0096,5.000,0.500,2.500,0.000,0.000,0.200,0.500,1.000,0.500,1.000
141.799,3,-4.9862,0.5000,-0.4738,5.000,0.500,2.500,0.000,0.000,0.200,0.500,1.000,0.500,1.000
141.799,4,-1.0631,0.5000,-4.9499,5.000,0.500,2.500,0.000,0.000,0.200,0.500,1.000,0.500,1.000
141.799,5,1.7572,4.5692,-3.4739,5.000,0.500,2.500,0.000,0.000,0.200,0.500,1.000,0.500,1.000
141.999,0,-3.2406,5.0000,0.9438,5.000,0.500,2.032,0.000,0.000,0.200,0.500,1.000,0.500,1.000
141.999,1,5.0000,2.7120,-0.0826,5.000,0.500,2.032,0.000,0.000,0.200,0.500,1.000,0.500,1.000
141.999,2,0.4926,0.5000,0.0004,5.000,0.500,2.032,0.000,0.000,0.200,0.500,1.000,0.500,1.000
141.999,3,-4.9713,0.5000,-0.4241,5.000,0.500,2.032,0.000,0.000,0.200,0.500,1.000,0.500,1.000
141.999,4,-1.0334,0.5000,-4.9099,5.000,0.500,2.032,0.000,0.000,0.200,0.500,1.000,0.500,1.000
141.999,5,1.7139,4.6249,-3.4471,5.000,0.500,2.032,0.000,0.000,0.200,0.500,1.000,0.500,1.000
142.199,0,-3.2212,4.9998,0.9734,5.000,0.500,1.096,0.000,0.000,0.200,0.500,1.000,0.500,1.000
142.199,1,5.0000,2.7216,-0.0709,5.000,0.500,1.096,0.000,0.000,0.200,0.500,1.000,0.500,1.000
142.199,2,0.4319,0.5000,-0.0034,5.000,0.500,1.096,0.000,0.000,0.200,0.500,1.000,0.500,1.000
142.199,3,-4.9511,0.5000,-0.3715,5.000,0.500,1.096,0.000,0.000,0.200,0.500,1.000,0.500,1.000
142.199,4,-1.0055,0.5000,-4.8619,5.000,0.500,1.096,0.000,0.000,0.200,0.500,1.000,0.500,1.000
142.199,5,1.6679,4.6744,-3.4233,5.000,0.500,1.096,0.000,0.000,0.200,0.500,1.000,0.500,1.000
142.399,0,-3.1952,4.9972,1.0045,5.000,0.500,0.161,0.000,0.000,0.200,0.500,1.000,0.500,1.000
142.399,1,5.0000,2.7267,-0.0649,5.000,0.500,0.161,0.000,0.000,0.200,0.500,1.000,0.500,1.000
142.399,2,0.3794,0.5000,-0.0053,5.000,0.500,0.161,0.000,0.000,0.200,0.500,1.000,0.500,1.000
142.399,3,-4.9253,0.5000,-0.3170,5.000,0.500,0.161,0.000,0.000,0.200,0.500,1.000,0.500,1.000
142.399,4,-0.9813,0.5000,-4.8093,5.000,0.500,0.161,0.000,0.000,0.200,0.500,1.000,0.500,1.000
142.399,5,1.6167,4.7177,-3.4028,5.000,0.500,0.161,0.000,0.000,0.200,0.500,1.000,0.500,1.000
142.599,0,-3.1644,4.9929,1.0344,5.000,0.500,0.100,0.000,0.000,0.200,0.500,1.000,0.500,1.000
142.599,1,5.0000,2.7270,-0.0629,5.000,0.500,0.100,0.000,0.000,0.200,0.500,1.000,0.500,1.000
142.599,2,0.3338,0.5000,-0.0016,5.000,0.500,0.100,0.000,0.000,0.200,0.500,1.000,0.500,1.000
142.599,3,-4.8976,0.5000,-0.2636,5.000,0.500,0.100,0.000,0.000,0.200,0.500,1.000,0.500,1.000
142.599,4,-0.9604,0.5000,-4.7535,5.000,0.500,0.100,0.000,0.000,0.200,0.500,1.000,0.500,1.000
142.599,5,1.5652,4.7541,-3.3816,5.000,0.500,0.100,0.000,0.000,0.200,0.500,1.000,0.500,1.000
142.799,0,-3.1322,4.9842,1.0622,5.000,0.500,0.100,0.000,0.000,0.200,0.500,1.000,0.500,1.000
142.799,1,5.0000,2.7224,-0.0693,5.000,0.500,0.100,0.000,0.000,0.200,0.500,1.000,0.500,1.000
142.799,2,0.2929,0.5000,0.0065,5.000,0.500,0.100,0.000,0.000,0.200,0.500,1.000,0.500,1.000
142.799,3,-4.8603,0.5000,-0.2107,5.000,0.500,0.100,0.000,0.000,0.200,0.500,1.000,0.500,1.000
142.799,4,-0.9372,0.5000,-4.6941,5.000,0.500,0.100,0.000,0.000,0.200,0.500,1.000,0.500,1.000
142.799,5,1.5080,4.7839,-3.3559,5.000,0.500,0.100,0.000,0.000,0.200,0.500,1.000,0.500,1.000
142.999,0,-3.0948,4.9716,1.0856,5.000,0.500,0.100,0.000,0.000,0.200,0.500,1.000,0.500,1.000
142.999,1,5.0000,2.7136,-0.0792,5.000,0.500,0.100,0.000,0.000,0.200,0.500,1.000,0.500,1.000
142.999,2,0.2546,0.5000,0.0194,5.000,0.500,0.100,0.000,0.000,0.200,0.500,1.000,0.500,1.000
142.999,3,-4.8158,0.5000,-0.1566,5.000,0.500,0.100,0.000,0.000,0.200,0.500,1.000,0.500,1.000
142.999,4,-0.9109,0.5000,-4.6341,5.000,0.500,0.100,0.000,0.000,0.200,0.500,1.000,0.500,1.000
142.999,5,1.4443,4.8075,-3.3319,5.000,0.500,0.100,0.000,0.000,0.200,0.500,1.000,0.500,1.000
143.199,0,-3.0532,4.9552,1.1049,5.000,0.500,0.100,0.000,0.000,0.200,0.500,1.000,0.500,1.000
143.199,1,5.0000,2.6987,-0.0911,5.000,0.500,0.100,0.000,0.000,0.200,0.500,1.000,0.500,1.000
143.199,2,0.2220,0.5000,0.0380,5.000,0.500,0.100,0.000,0.000,0.200,0.500,1.000,0.500,1.000
143.199,3,-4.7675,0.5000,-0.1056,5.000,0.500,0.100,0.000,0.000,0.200,0.500,1.000,0.500,1.000
143.199,4,-0.8854,0.5000,-4.5715,5.000,0.500,0.100,0.000,0.000,0.200,0.500,1.000,0.500,1.000
143.199,5,1.3702,4.8255,-3.3050,5.000,0.500,0.100,0.000,0.000,0.200,0.500,1.000,0.500,1.000
143.399,0,-3.0065,4.9368,1.1211,5.000,0.500,0.100,0.000,0.000,0.200,0.500,1.000,0.500,1.000
143.399,1,5.0000,2.6769,-0.1048,5.000,0.500,0.100,0.000,0.000,0.200,0.500,1.000,0.500,1.000
143.399,2,0.2007,0.5000,0.0585,5.000,0.500,0.100,0.000,0.000,0.200,0.500,1.000,0.500,1.000
143.399,3,-4.7189,0.5000,-0.0563,5.000,0.500,0.100,0.000,0.000,0.200,0.500,1.000,0.500,1.000
143.399,4,-0.8595,0.5000,-4.5061,5.000,0.500,0.100,0.000,0.000,0.200,0.500,1.000,0.500,1.000
143.399,5,1.2889,4.8368,-3.2695,5.000,0.500,0.100,0.000,0.000,0.200,0.500,1.000,0.500,1.000
143.599,0,-2.9543,4.9150,1.1352,5.000,0.500,0.100,0.000,0.000,0.200,0.500,1.000,0.500,1.000
143.599,1,5.0000,2.6497,-0.1183,5.000,0.500,0.100,0.000,0.000,0.200,0.500,1.000,0.500,1.000
143.599,2,0.1957,0.5000,0.0826,5.000,0.500,0.100,0.000,0.000,0.200,0.500,1.000,0.500,1.000
143.599,3,-4.6655,0.5000,-0.0095,5.000,0.500,0.100,0.000,0.000,0.200,0.500,1.000,0.500,1.000
143.599,4,-0.8337,0.5000,-4.4391,5.000,0.500,0.100,0.000,0.000,0.200,0.500,1.000,0.500,1.000
143.599,5,1.2040,4.8439,-3.2291,5.000,0.500,0.100,0.000,0.000,0.200,0.500,1.000,0.500,1.000
143.799,0,-2.8947,4.8889,1.1461,5.000,0.500,0.100,0.000,0.000,0.200,0.500,1.000,0.500,1.000
143.799,1,5.0000,2.6171,-0.1336,5.000,0.500,0.100,0.000,0.000,0.200,0.500,1.000,0.500,1.000
143.799,2,0.1998,0.5000,0.1104,5.000,0.500,0.100,0.000,0.000,0.200,0.500,1.000,0.500,1.000
143.799,3,-4.6086,0.5000,0.0349,5.000,0.500,0.100,0.000,0.000,0.200,0.500,1.000,0.500,1.000
143.799,4,-0.8195,0.5000,-4.3681,5.000,0.500,0.100,0.000,0.000,0.200,0.500,1.000,0.500,1.000
143.799,5,1.1165,4.8485,-3.1851,5.000,0.500,0.100,0.000,0.000,0.200,0.500,1.000,0.500,1.000
143.999,0,-2.8317,4.8584,1.1551,5.000,0.500,0.100,0.000,0.000,0.200,0.500,1.000,0.500,1.000
143.999,1,5.0000,2.5794,-0.1485,5.000,0.500,0.100,0.000,0.000,0.200,0.500,1.000,0.500,1.000
143.999,2,0.2195,0.5000,0.1462,5.000,0.500,0.100,0.000,0.000,0.200,0.500,1.000,0.500,1.000
143.999,3,-4.5525,0.5000,0.0796,5.000,0.500,0.100,0.000,0.000,0.200,0.500,1.000,0.500,1.000
143.999,4,-0.8150,0.5000,-4.2941,5.000,0.500,0.100,0.000,0.000,0.200,0.500,1.000,0.500,1.000
143.999,5,1.0288,4.8494,-3.1378,5.000,0.500,0.100,0.000,0.000,0.200,0.500,1.000,0.500,1.000
144.199,0,-2.7660,4.8241,1.1585,5.000,0.500,0.100,0.000,0.000,0.200,0.500,1.000,0.500,1.000
144.199,1,5.0000,2.5352,-0.1646,5.000,0.500,0.100,0.000,0.000,0.200,0.500,1.000,0.500,1.000
144.199,2,0.2554,0.5000,0.1871,5.000,0.500,0.100,0.000,0.000,0.200,0.500,1.000,0.500,1.000
144.199,3,-4.4966,0.5000,0.1238,5.000,0.500,0.100,0.000,0.000,0.200,0.500,1.000,0.500,1.000
144.199,4,-0.8096,0.5000,-4.2208,5.000,0.500,0.100,0.000,0.000,0.200,0.500,1.000,0.500,1.000
144.199,5,0.9418,4.8473,-3.0907,5.000,0.500,0.100,0.000,0.000,0.200,0.500,1.000,0.500,1.000
144.399,0,-2.6929,4.7880,1.1612,5.000,0.500,0.100,0.000,0.000,0.200,0.500,1.000,0.500,1.000
144.399,1,5.0000,2.4851,-0.1848,5.000,0.500,0.100,0.000,0.000,0.200,0.500,1.000,0.500,1.000
144.399,2,0.2970,0.5000,0.2334,5.000,0.500,0.100,0.000,0.000,0.200,0.500,1.000,0.500,1.000
144.399,3,-4.4409,0.5000,0.1663,5.000,0.500,0.100,0.000,0.000,0.200,0.500,1.000,0.500,1.000
144.399,4,-0.8056,0.5000,-4.1479,5.000,0.500,0.100,0.000,0.000,0.200,0.500,1.000,0.500,1.000
144.399,5,0.8538,4.8416,-3.0442,5.000,0.500,0.100,0.000,0.000,0.200,0.500,1.000,0.500,1.000
144.599,0,-2.6145,4.7492,1.1660,5.000,0.500,0.100,0.000,0.000,0.200,0.500,1.000,0.500,1.000
144.599,1,5.0000,2.4287,-0.2047,5.000,0.500,0.100,0.000,0.000,0.200,0.500,1.000,0.500,1.000
144.599,2,0.3443,0.5000,0.2792,5.000,0.500,0.100,0.000,0.000,0.200,0.500,1.000,0.500,1.000
144.599,3,-4.3850,0.5000,0.2106,5.000,0.500,0.100,0.000,0.000,0.200,0.500,1.000,0.500,1.000
144.599,4,-0.8060,0.5000,-4.0761,5.000,0.500,0.100,0.000,0.000,0.200,0.500,1.000,0.500,1.000
144.599,5,0.7658,4.8322,-2.9990,5.000,0.500,0.100,0.000,0.000,0.200,0.500,1.000,0.500,1.000
144.799,0,-2.5311,4.7075,1.1704,5.000,0.500,0.100,0.000,0.000,0.200,0.500,1.000,0.500,1.000
144.799,1,5.0000,2.3656,-0.2241,5.000,0.500,0.100,0.000,0.000,0.200,0.500,1.000,0.500,1.000
144.799,2,0.3969,0.5000,0.3268,5.000,0.500,0.100,0.000,0.000,0.200,0.500,1.000,0.500,1.000
144.799,3,-4.3284,0.5000,0.2572,5.000,0.500,0.100,0.000,0.000,0.200,0.500,1.000,0.500,1.000
144.799,4,-0.8125,0.5000,-4.0046,5.000,0.500,0.100,0.000,0.000,0.200,0.500,1.000,0.500,1.000
144.799,5,0.6789,4.8188,-2.9527,5.000,0.500,0.100,0.000,0.000,0.200,0.500,1.000,0.500,1.000
144.999,0,-2.4440,4.6630,1.1728,5.000,0.500,0.100,0.000,0.000,0.200,0.500,1.000,0.500,1.000
144.999,1,5.0000,2.2962,-0.2446,5.000,0.500,0.100,0.000,0.000,0.200,0.500,1.000,0.500,1.000
144.999,2,0.4480,0.5000,0.3786,5.000,0.500,0.100,0.000,0.000,0.200,0.500,1.000,0.500,1.000
144.999,3,-4.2697,0.5000,0.3052,5.000,0.500,0.100,0.000,0.000,0.200,0.500,1.000,0.500,1.000
144.999,4,-0.8259,0.5000,-3.9334,5.000,0.500,0.100,0.000,0.000,0.200,0.500,1.000,0.500,1.000
144.999,5,0.5930,4.8021,-2.9050,5.000,0.500,0.100,0.000,0.000,0.200,0.500,1.000,0.500,1.000
145.199,0,-2.3514,4.6291,1.1749,5.000,0.500,2.493,0.000,0.000,0.200,0.500,1.000,0.500,1.000
145.199,1,5.0000,2.2278,-0.2665,5.000,0.500,2.493,0.000,0.000,0.200,0.500,1.000,0.500,1.000
145.199,2,0.4978,0.5000,0.4390,5.000,0.500,2.493,0.000,0.000,0.200,0.500,1.000,0.500,1.000
145.199,3,-4.2196,0.5000,0.3501,5.000,0.500,2.493,0.000,0.000,0.200,0.500,1.000,0.500,1.000
145.199,4,-0.8440,0.5000,-3.8742,5.000,0.500,2.493,0.000,0.000,0.200,0.500,1.000,0.500,1.000
145.199,5,0.5133,4.7961,-2.8541,5.000,0.500,2.493,0.000,0.000,0.200,0.500,1.000,0.500,1.000
145.399,0,-2.2600,4.6225,1.2008,5.000,0.500,2.500,0.000,0.000,0.200,0.500,1.000,0.500,1.000
145.399,1,5.0000,2.1708,-0.2941,5.000,0.500,2.500,0.000,0.000,0.200,0.500,1.000,0.500,1.000
145.399,2,0.5440,0.5000,0.5101,5.000,0.500,2.500,0.000,0.000,0.200,0.500,1.000,0.500,1.000
145.399,3,-4.2018,0.5000,0.3877,5.000,0.500,2.500,0.000,0.000,0.200,0.500,1.000,0.500,1.000
145.399,4,-0.8754,0.5000,-3.8463,5.000,0.500,2.500,0.000,0.000,0.200,0.500,1.000,0.500,1.000
145.399,5,0.4545,4.8166,-2.8182,5.000,0.500,2.500,0.000,0.000,0.200,0.500,1.000,0.500,1.000
145.599,0,-2.1774,4.6406,1.2529,5.000,0.500,2.500,0.000,0.000,0.200,0.500,1.000,0.500,1.000
145.599,1,5.0000,2.1320,-0.3247,5.000,0.500,2.500,0.000,0.000,0.200,0.500,1.000,0.500,1.000
145.599,2,0.5872,0.5000,0.5882,5.000,0.500,2.500,0.000,0.000,0.200,0.500,1.000,0.500,1.000
145.599,3,-4.2158,0.5000,0.4164,5.000,0.500,2.500,0.000,0.000,0.200,0.500,1.000,0.500,1.000
145.599,4,-0.9136,0.5000,-3.8479,5.000,0.500,2.500,0.000,0.000,0.200,0.500,1.000,0.500,1.000
145.599,5,0.4204,4.8632,-2.7992,5.000,0.500,2.500,0.000,0.000,0.200,0.500,1.000,0.500,1.000
145.799,0,-2.1130,4.6753,1.3207,5.000,0.500,2.500,0.000,0.000,0.200,0.500,1.000,0.500,1.000
145.799,1,5.0000,2.1137,-0.3538,5.000,0.500,2.500,0.000,0.000,0.200,0.500,1.000,0.500,1.000
145.799,2,0.6266,0.5000,0.6712,5.000,0.500,2.500,0.000,0.000,0.200,0.500,1.000,0.500,1.000
145.799,3,-4.2538,0.5000,0.4351,5.000,0.500,2.500,0.000,0.000,0.200,0.500,1.000,0.500,1.000
145.799,4,-0.9544,0.5000,-3.8721,5.000,0.500,2.500,0.000,0.000,0.200,0.500,1.000,0.500,1.000
145.799,5,0.4100,4.9359,-2.7981,5.000,0.500,2.500,0.000,0.000,0.200,0.500,1.000,0.500,1.000
145.999,0,-2.0677,4.7207,1.3971,5.000,0.500,2.500,0.000,0.000,0.200,0.500,1.000,0.500,1.000
145.999,1,5.0000,2.1107,-0.3810,5.000,0.500,2.500,0.000,0.000,0.200,0.500,1.000,0.500,1.000
145.999,2,0.6641,0.5000,0.7570,5.000,0.500,2.500,0.000,0.000,0.200,0.500,1.000,0.500,1.000
145.999,3,-4.3081,0.5000,0.4450,5.000,0.500,2.500,0.000,0.000,0.200,0.500,1.000,0.500,1.000
145.999,4,-0.9979,0.5000,-3.9111,5.000,0.500,2.500,0.000,0.000,0.200,0.500,1.000,0.500,1.000
145.999,5,0.4227,5.0000,-2.8139,5.000,0.500,2.500,0.000,0.000,0.200,0.500,1.000,0.500,1.000
146.199,0,-2.0375,4.7722,1.4773,5.000,0.500,2.500,0.000,0.000,0.200,0.500,1.000,0.500,1.000
146.199,1,5.0000,2.1186,-0.4083,5.000,0.500,2.500,0.000,0.000,0.200,0.500,1.000,0.500,1.000
146.199,2,0.6904,0.5000,0.8459,5.000,0.500,2.500,0.000,0.000,0.200,0.500,1.000,0.500,1.000
146.199,3,-4.3666,0.5000,0.4491,5.000,0.500,2.500,0.000,0.000,0.200,0.500,1.000,0.500,1.000
146.199,4,-1.0420,0.5000,-3.9549,5.000,0.500,2.500,0.000,0.000,0.200,0.500,1.000,0.500,1.000
146.199,5,0.4513,5.0000,-2.8422,5.000,0.500,2.500,0.000,0.000,0.200,0.500,1.000,0.500,1.000
146.399,0,-2.0084,4.8267,1.5550,5.000,0.500,2.500,0.000,0.000,0.200,0.500,1.000,0.500,1.000
146.399,1,5.0000,2.1336,-0.4358,5.000,0.500,2.500,0.000,0.000,0.200,0.500,1.000,0.500,1.000
146.399,2,0.6828,0.5000,0.9344,5.000,0.500,2.500,0.000,0.000,0.200,0.500,1.000,0.500,1.000
146.399,3,-4.4193,0.5000,0.4502,5.000,0.500,2.500,0.000,0.000,0.200,0.500,1.000,0.500,1.000
146.399,4,-1.0834,0.5000,-3.9905,5.000,0.500,2.500,0.000,0.000,0.200,0.500,1.000,0.500,1.000
146.399,5,0.4850,5.0000,-2.8665,5.000,0.500,2.500,0.000,0.000,0.200,0.500,1.000,0.500,1.000
146.599,0,-1.9728,4.8754,1.6302,5.000,0.500,2.500,0.000,0.000,0.200,0.500,1.000,0.500,1.000
146.599,1,5.0000,2.1536,-0.4632,5.000,0.500,2.500,0.000,0.000,0.200,0.500,1.000,0.500,1.000
146.599,2,0.6479,0.5000,1.0152,5.000,0.500,2.500,0.000,0.000,0.200,0.500,1.000,0.500,1.000
146.599,3,-4.4675,0.5000,0.4539,5.000,0.500,2.500,0.000,0.000,0.200,0.500,1.000,0.500,1.000
146.599,4,-1.1229,0.5000,-4.0194,5.000,0.500,2.500,0.000,0.000,0.200,0.500,1.000,0.500,1.000
146.599,5,0.5183,5.0000,-2.8740,5.000,0.500,2.500,0.000,0.000,0.200,0.500,1.000,0.500,1.000
146.799,0,-1.9319,4.9168,1.7085,5.000,0.500,2.500,0.000,0.000,0.200,0.500,1.000,0.500,1.000
146.799,1,5.0000,2.1764,-0.4904,5.000,0.500,2.500,0.000,0.000,0.200,0.500,1.000,0.500,1.000
146.799,2,0.5946,0.5000,1.0861,5.000,0.500,2.500,0.000,0.000,0.200,0.500,1.000,0.500,1.000
146.799,3,-4.5111,0.5000,0.4593,5.000,0.500,2.500,0.000,0.000,0.200,0.500,1.000,0.500,1.000
146.799,4,-1.1624,0.5000,-4.0443,5.000,0.500,2.500,0.000,0.000,0.200,0.500,1.000,0.500,1.000
146.799,5,0.5514,5.0000,-2.8703,5.000,0.500,2.500,0.000,0.000,0.200,0.500,1.000,0.500,1.000
146.999,0,-1.8904,4.9504,1.7857,5.000,0.500,2.500,0.000,0.000,0.200,0.500,1.000,0.500,1.000
146.999,1,5.0000,2.1991,-0.5204,5.000,0.500,2.500,0.000,0.000,0.200,0.500,1.000,0.500,1.000
146.999,2,0.5344,0.5000,1.1503,5.000,0.500,2.500,0.000,0.000,0.200,0.500,1.000,0.500,1.000
146.999,3,-4.5496,0.5000,0.4690,5.000,0.500,2.500,0.000,0.000,0.200,0.500,1.000,0.500,1.000
146.999,4,-1.2018,0.5000,-4.0659,5.000,0.500,2.500,0.000,0.000,0.200,0.500,1.000,0.500,1.000
146.999,5,0.5838,5.0000,-2.8585,5.000,0.500,2.500,0.000,0.000,0.200,0.500,1.000,0.500,1.000
147.199,0,-1.8471,4.9766,1.8623,5.000,0.500,2.500,0.000,0.000,0.200,0.500,1.000,0.500,1.000
147.199,1,5.0000,2.2162,-0.5492,5.000,0.500,2.500,0.000,0.000,0.200,0.500,1.000,0.500,1.000
147.199,2,0.4776,0.5000,1.2193,5.000,0.500,2.500,0.000,0.000,0.200,0.500,1.000,0.500,1.000
147.199,3,-4.5810,0.5000,0.4854,5.000,0.500,2.500,0.000,0.000,0.200,0.500,1.000,0.500,1.000
147.199,4,-1.2406,0.5000,-4.0837,5.000,0.500,2.500,0.000,0.000,0.200,0.500,1.000,0.500,1.000
147.199,5,0.6145,5.0000,-2.8415,5.000,0.500,2.500,0.000,0.000,0.200,0.500,1.000,0.500,1.000
147.399,0,-1.8024,4.9951,1.9356,5.000,0.500,2.500,0.000,0.000,0.200,0.500,1.000,0.500,1.000
147.399,1,5.0000,2.2270,-0.5788,5.000,0.500,2.500,0.000,0.000,0.200,0.500,1.000,0.500,1.000
147.399,2,0.4242,0.5000,1.2911,5.000,0.500,2.500,0.000,0.000,0.200,0.500,1.000,0.500,1.000
147.399,3,-4.6061,0.5000,0.5095,5.000,0.500,2.500,0.000,0.000,0.200,0.500,1.000,0.500,1.000
147.399,4,-1.2813,0.5000,-4.0938,5.000,0.500,2.500,0.000,0.000,0.200,0.500,1.000,0.500,1.000
147.399,5,0.6430,5.0000,-2.8214,5.000,0.500,2.500,0.000,0.000,0.200,0.500,1.000,0.500,1.000
147.599,0,-1.7540,5.0000,2.0039,5.000,0.500,2.500,0.000,0.000,0.200,0.500,1.000,0.500,1.000
147.599,1,5.0000,2.2303,-0.6122,5.000,0.500,2.500,0.000,0.000,0.200,0.500,1.000,0.500,1.000
147.599,2,0.3763,0.5000,1.3653,5.000,0.500,2.500,0.000,0.000,0.200,0.500,1.000,0.500,1.000
147.599,3,-4.6241,0.5000,0.5404,5.000,0.500,2.500,0.000,0.000,0.200,0.500,1.000,0.500,1.000
147.599,4,-1.3251,0.5000,-4.0967,5.000,0.500,2.500,0.000,0.000,0.200,0.500,1.000,0.500,1.000
147.599,5,0.6692,5.0000,-2.7994,5.000,0.500,2.500,0.000,0.000,0.200,0.500,1.000,0.500,1.000
147.799,0,-1.7053,5.0000,2.0694,5.000,0.500,2.500,0.000,0.000,0.200,0.500,1.000,0.500,1.000
147.799,1,5.0000,2.2272,-0.6423,5.000,0.500,2.500,0.000,0.000,0.200,0.500,1.000,0.500,1.000
147.799,2,0.3361,0.5000,1.4414,5.000,0.500,2.500,0.000,0.000,0.200,0.500,1.000,0.500,1.000
147.799,3,-4.6359,0.5000,0.5713,5.000,0.500,2.500,0.000,0.000,0.200,0.500,1.000,0.500,1.000
147.799,4,-1.3718,0.5000,-4.0941,5.000,0.500,2.500,0.000,0.000,0.200,0.500,1.000,0.500,1.000
147.799,5,0.6893,5.0000,-2.7771,5.000,0.500,2.500,0.000,0.000,0.200,0.500,1.000,0.500,1.000
147.999,0,-1.6693,5.0000,2.1395,5.000,0.500,2.500,0.000,0.000,0.200,0.500,1.000,0.500,1.000
147.999,1,5.0000,2.2189,-0.6649,5.000,0.500,2.500,0.000,0.000,0.200,0.500,1.000,0.500,1.000
147.999,2,0.3154,0.5000,1.5067,5.000,0.500,2.500,0.000,0.000,0.200,0.500,1.000,0.500,1.000
147.999,3,-4.6394,0.5000,0.6082,5.000,0.500,2.500,0.000,0.000,0.200,0.500,1.000,0.500,1.000
147.999,4,-1.4195,0.5000,-4.0846,5.000,0.500,2.500,0.000,0.000,0.200,0.500,1.000,0.500,1.000
147.999,5,0.7069,5.0000,-2.7561,5.000,0.500,2.500,0.000,0.000,0.200,0.500,1.000,0.500,1.000
148.199,0,-1.6491,5.0000,2.2063,5.000,0.500,2.500,0.000,0.000,0.200,0.500,1.000,0.500,1.000
148.199,1,5.0000,2.2043,-0.6822,5.000,0.500,2.500,0.000,0.000,0.200,0.500,1.000,0.500,1.000
148.199,2,0.3116,0.5000,1.5553,5.000,0.500,2.500,0.000,0.000,0.200,0.500,1.000,0.500,1.000
148.199,3,-4.6376,0.5000,0.6470,5.000,0.500,2.500,0.000,0.000,0.200,0.500,1.000,0.500,1.000
148.199,4,-1.4717,0.5000,-4.0667,5.000,0.500,2.500,0.000,0.000,0.200,0.500,1.000,0.500,1.000
148.199,5,0.7221,5.0000,-2.7361,5.000,0.500,2.500,0.000,0.000,0.200,0.500,1.000,0.500,1.000
148.399,0,-1.6471,5.0000,2.2604,5.000,0.500,2.500,0.000,0.000,0.200,0.500,1.000,0.500,1.000
148.399,1,5.0000,2.1832,-0.6990,5.000,0.500,2.500,0.000,0.000,0.200,0.500,1.000,0.500,1.000
148.399,2,0.3202,0.5000,1.5890,5.000,0.500,2.500,0.000,0.000,0.200,0.500,1.000,0.500,1.000
148.399,3,-4.6301,0.5000,0.6866,5.000,0.500,2.500,0.000,0.000,0.200,0.500,1.000,0.500,1.000
148.399,4,-1.5247,0.5000,-4.0387,5.000,0.500,2.500,0.000,0.000,0.200,0.500,1.000,0.500,1.000
148.399,5,0.7363,5.0000,-2.7173,5.000,0.500,2.500,0.000,0.000,0.200,0.500,1.000,0.500,1.000
148.599,0,-1.6583,5.0000,2.3033,5.000,0.500,2.500,0.000,0.000,0.200,0.500,1.000,0.500,1.000
148.599,1,5.0000,2.1555,-0.7188,5.000,0.500,2.500,0.000,0.000,0.200,0.500,1.000,0.500,1.000
148.599,2,0.3384,0.5000,1.6111,5.000,0.500,2.500,0.000,0.000,0.200,0.500,1.000,0.500,1.000
148.599,3,-4.6155,0.5000,0.7259,5.000,0.500,2.500,0.000,0.000,0.200,0.500,1.000,0.500,1.000
148.599,4,-1.5806,0.5000,-4.0083,5.000,0.500,2.500,0.000,0.000,0.200,0.500,1.000,0.500,1.000
148.599,5,0.7521,5.0000,-2.6995,5.000,0.500,2.500,0.000,0.000,0.200,0.500,1.000,0.500,1.000
148.799,0,-1.6786,5.0000,2.3378,5.000,0.500,2.500,0.000,0.000,0.200,0.500,1.000,0.500,1.000
148.799,1,5.0000,2.1220,-0.7372,5.000,0.500,2.500,0.000,0.000,0.200,0.500,1.000,0.500,1.000
148.799,2,0.3631,0.5000,1.6244,5.000,0.500,2.500,0.000,0.000,0.200,0.500,1.000,0.500,1.000
148.799,3,-4.5924,0.5000,0.7650,5.000,0.500,2.500,0.000,0.000,0.200,0.500,1.000,0.500,1.000
148.799,4,-1.6369,0.5000,-3.9763,5.000,0.500,2.500,0.000,0.000,0.200,0.500,1.000,0.500,1.000
148.799,5,0.7676,5.0000,-2.6784,5.000,0.500,2.500,0.000,0.000,0.200,0.500,1.000,0.500,1.000
148.999,0,-1.7042,5.0000,2.3670,5.000,0.500,2.500,0.000,0.000,0.200,0.500,1.000,0.500,1.000
148.999,1,5.0000,2.0843,-0.7498,5.000,0.500,2.500,0.000,0.000,0.200,0.500,1.000,0.500,1.000
148.999,2,0.3906,0.5000,1.6348,5.000,0.500,2.500,0.000,0.000,0.200,0.500,1.000,0.500,1.000
148.999,3,-4.5604,0.5000,0.8014,5.000,0.500,2.500,0.000,0.000,0.200,0.500,1.000,0.500,1.000
148.999,4,-1.6933,0.5000,-3.9376,5.000,0.500,2.500,0.000,0.000,0.200,0.500,1.000,0.500,1.000
148.999,5,0.7848,5.0000,-2.6564,5.000,0.500,2.500,0.000,0.000,0.200,0.500,1.000,0.500,1.000
149.199,0,-1.7206,5.0000,2.3931,5.000,0.500,2.500,0.000,0.000,0.200,0.500,1.000,0.500,1.000
149.199,1,5.0000,2.0417,-0.7588,5.000,0.500,2.500,0.000,0.000,0.200,0.500,1.000,0.500,1.000
149.199,2,0.4127,0.5000,1.6534,5.000,0.500,2.500,0.000,0.000,0.200,0.500,1.000,0.500,1.000
149.199,3,-4.5221,0.5000,0.8362,5.000,0.500,2.500,0.000,0.000,0.200,0.500,1.000,0.500,1.000
149.199,4,-1.7455,0.5000,-3.8932,5.000,0.500,2.500,0.000,0.000,0.200,0.500,1.000,0.500,1.000
149.199,5,0.8049,5.0000,-2.6343,5.000,0.500,2.500,0.000,0.000,0.200,0.500,1.000,0.500,1.000
149.399,0,-1.7247,5.0000,2.4181,5.000,0.500,2.500,0.000,0.000,0.200,0.500,1.000,0.500,1.000
149.399,1,5.0000,1.9936,-0.7668,5.000,0.500,2.500,0.000,0.000,0.200,0.500,1.000,0.500,1.000
149.399,2,0.4443,0.5000,1.6784,5.000,0.500,2.500,0.000,0.000,0.200,0.500,1.000,0.500,1.000
149.399,3,-4.4916,0.5000,0.8699,5.000,0.500,2.500,0.000,0.000,0.200,0.500,1.000,0.500,1.000
149.399,4,-1.7996,0.5000,-3.8475,5.000,0.500,2.500,0.000,0.000,0.200,0.500,1.000,0.500,1.000
149.399,5,0.8203,5.0000,-2.6119,5.000,0.500,2.500,0.000,0.000,0.200,0.500,1.000,0.500,1.000
149.599,0,-1.7207,5.0000,2.4434,5.000,0.500,2.500,0.000,0.000,0.200,0.500,1.000,0.500,1.000
149.599,1,5.0000,1.9409,-0.7709,5.000,0.500,2.500,0.000,0.000,0.200,0.500,1.000,0.500,1.000
149.599,2,0.4875,0.5000,1.7069,5.000,0.500,2.500,0.000,0.000,0.200,0.500,1.000,0.500,1.000
149.599,3,-4.4618,0.5000,0.9043,5.000,0.500,2.500,0.000,0.000,0.200,0.500,1.000,0.500,1.000
149.599,4,-1.8557,0.5000,-3.8004,5.000,0.500,2.500,0.000,0.000,0.200,0.500,1.000,0.500,1.000
149.599,5,0.8356,4.9990,-2.5900,5.000,0.500,2.500,0.000,0.000,0.200,0.500,1.000,0.500,1.000
149.799,0,-1.7134,5.0000,2.4630,5.000,0.500,2.500,0.000,0.000,0.200,0.500,1.000,0.500,1.000
149.799,1,5.0000,1.8836,-0.7699,5.000,0.500,2.500,0.000,0.000,0.200,0.500,1.000,0.500,1.000
149.799,2,0.5257,0.5000,1.7406,5.000,0.500,2.500,0.000,0.000,0.200,0.500,1.000,0.500,1.000
149.799,3,-4.4280,0.5000,0.9338,5.000,0.500,2.500,0.000,0.000,0.200,0.500,1.000,0.500,1.000
149.799,4,-1.9108,0.5000,-3.7473,5.000,0.500,2.500,0.000,0.000,0.200,0.500,1.000,0.500,1.000
149.799,5,0.8488,4.9903,-2.5736,5.000,0.500,2.500,0.000,0.000,0.200,0.500,1.000,0.500,1.000
149.999,0,-1.7023,5.0000,2.4752,5.000,0.500,2.500,0.000,0.000,0.200,0.500,1.000,0.500,1.000
149.999,1,5.0000,1.8225,-0.7620,5.000,0.500,2.500,0.000,0.000,0.200,0.500,1.000,0.500,1.000
149.999,2,0.5576,0.5000,1.7792,5.000,0.500,2.500,0.000,0.000,0.200,0.500,1.000,0.500,1.000
149.999,3,-4.3900,0.5000,0.9621,5.000,0.500,2.500,0.000,0.000,0.200,0.500,1.000,0.500,1.000
149.999,4,-1.9595,0.5000,-3.6865,5.000,0.500,2.500,0.000,0.000,0.200,0.500,1.000,0.500,1.000
149.999,5,0.8647,4.9741,-2.5582,5.000,0.500,2.500,0.000,0.000,0.200,0.500,1.000,0.500,1.000
150.199,0,-1.6831,5.0000,2.4859,5.000,0.500,2.500,0.000,0.000,0.200,0.500,1.000,0.500,1.000
150.199,1,5.0000,1.7586,-0.7528,5.000,0.500,2.500,0.000,0.000,0.200,0.500,1.000,0.500,1.000
150.199,2,0.5802,0.5000,1.8198,5.000,0.500,2.500,0.000,0.000,0.200,0.500,1.000,0.500,1.000
150.199,3,-4.3483,0.5000,0.9874,5.000,0.500,2.500,0.000,0.000,0.200,0.500,1.000,0.500,1.000
150.199,4,-2.0036,0.5000,-3.6215,5.000,0.500,2.500,0.000,0.000,0.200,0.500,1.000,0.500,1.000
150.199,5,0.8856,4.9488,-2.5417,5.000,0.500,2.500,0.000,0.000,0.200,0.500,1.000,0.500,1.000
150.399,0,-1.6595,5.0000,2.4897,5.000,0.500,2.500,0.000,0.000,0.200,0.500,1.000,0.500,1.000
150.399,1,5.0000,1.6905,-0.7356,5.000,0.500,2.500,0.000,0.000,0.200,0.500,1.000,0.500,1.000
150.399,2,0.6137,0.5000,1.8633,5.000,0.500,2.500,0.000,0.000,0.200,0.500,1.000,0.500,1.000
150.399,3,-4.3159,0.5000,1.0040,5.000,0.500,2.500,0.000,0.000,0.200,0.500,1.000,0.500,1.000
150.399,4,-2.0416,0.5000,-3.5515,5.000,0.500,2.500,0.000,0.000,0.200,0.500,1.000,0.500,1.000
150.399,5,0.9055,4.9143,-2.5230,5.000,0.500,2.500,0.000,0.000,0.200,0.500,1.000,0.500,1.000
150.599,0,-1.6370,5.0000,2.4881,5.000,0.500,2.500,0.000,0.000,0.200,0.500,1.000,0.500,1.000
150.599,1,5.0000,1.6186,-0.7107,5.000,0.500,2.500,0.000,0.000,0.200,0.500,1.000,0.500,1.000
150.599,2,0.6518,0.5000,1.9065,5.000,0.500,2.500,0.000,0.000,0.200,0.500,1.000,0.500,1.000
150.599,3,-4.2833,0.5000,1.0180,5.000,0.500,2.500,0.000,0.000,0.200,0.500,1.000,0.500,1.000
150.599,4,-2.0749,0.5000,-3.4806,5.000,0.500,2.500,0.000,0.000,0.200,0.500,1.000,0.500,1.000
150.599,5,0.9255,4.8718,-2.5003,5.000,0.500,2.500,0.000,0.000,0.200,0.500,1.000,0.500,1.000
150.799,0,-1.6078,5.0000,2.4834,5.000,0.500,2.500,0.000,0.000,0.200,0.500,1.000,0.500,1.000
150.799,1,5.0000,1.5424,-0.6837,5.000,0.500,2.500,0.000,0.000,0.200,0.500,1.000,0.500,1.000
150.799,2,0.6854,0.5000,1.9517,5.000,0.500,2.500,0.000,0.000,0.200,0.500,1.000,0.500,1.000
150.799,3,-4.2513,0.5000,1.0440,5.000,0.500,2.500,0.000,0.000,0.200,0.500,1.000,0.500,1.000
150.799,4,-2.0967,0.5000,-3.4211,5.000,0.500,2.500,0.000,0.000,0.200,0.500,1.000,0.500,1.000
150.799,5,0.9448,4.8210,-2.4720,5.000,0.500,2.500,0.000,0.000,0.200,0.500,1.000,0.500,1.000
150.999,0,-1.5786,5.0000,2.4711,5.000,0.500,2.500,0.000,0.000,0.200,0.500,1.000,0.500,1.000
150.999,1,4.9989,1.4631,-0.6538,5.000,0.500,2.500,0.000,0.000,0.200,0.500,1.000,0.500,1.000
150.999,2,0.7186,0.5000,1.9992,5.000,0.500,2.500,0.000,0.000,0.200,0.500,1.000,0.500,1.000
150.999,3,-4.2372,0.5000,1.1001,5.000,0.500,2.500,0.000,0.000,0.200,0.500,1.000,0.500,1.000
150.999,4,-2.0995,0.5000,-3.3963,5.000,0.500,2.500,0.000,0.000,0.200,0.500,1.000,0.500,1.000
150.999,5,0.9643,4.7612,-2.4434,5.000,0.500,2.500,0.000,0.000,0.200,0.500,1.000,0.500,1.000
151.199,0,-1.5452,5.0000,2.4561,5.000,0.500,2.500,0.000,0.000,0.200,0.500,1.000,0.500,1.000
151.199,1,4.9932,1.3805,-0.6207,5.000,0.500,2.500,0.000,0.000,0.200,0.500,1.000,0.500,1.000
151.199,2,0.7422,0.5000,2.0440,5.000,0.500,2.500,0.000,0.000,0.200,0.500,1.000,0.500,1.000
151.199,3,-4.2357,0.5000,1.1706,5.000,0.500,2.500,0.000,0.000,0.200,0.500,1.000,0.500,1.000
151.199,4,-2.0877,0.5000,-3.3945,5.000,0.500,2.500,0.000,0.000,0.200,0.500,1.000,0.500,1.000
151.199,5,0.9854,4.6939,-2.4173,5.000,0.500,2.500,0.000,0.000,0.200,0.500,1.000,0.500,1.000
151.399,0,-1.5050,5.0000,2.4374,5.000,0.500,1.609,0.000,0.000,0.200,0.500,1.000,0.500,1.000
151.399,1,4.9806,1.2882,-0.5809,5.000,0.500,1.609,0.000,0.000,0.200,0.500,1.000,0.500,1.000
151.399,2,0.7596,0.5000,2.0891,5.000,0.500,1.609,0.000,0.000,0.200,0.500,1.000,0.500,1.000
151.399,3,-4.2283,0.5000,1.2420,5.000,0.500,1.609,0.000,0.000,0.200,0.500,1.000,0.500,1.000
151.399,4,-2.0666,0.5000,-3.3896,5.000,0.500,1.609,0.000,0.000,0.200,0.500,1.000,0.500,1.000
151.399,5,1.0141,4.6118,-2.3907,5.000,0.500,1.609,0.000,0.000,0.200,0.500,1.000,0.500,1.000
151.599,0,-1.4628,5.0000,2.4185,5.000,0.500,0.540,0.000,0.000,0.200,0.500,1.000,0.500,1.000
151.599,1,4.9603,1.2007,-0.5401,5.000,0.500,0.540,0.000,0.000,0.200,0.500,1.000,0.500,1.000
151.599,2,0.7657,0.5000,2.1343,5.000,0.500,0.540,0.000,0.000,0.200,0.500,1.000,0.500,1.000
151.599,3,-4.2107,0.5000,1.2962,5.000,0.500,0.540,0.000,0.000,0.200,0.500,1.000,0.500,1.000
151.599,4,-2.0389,0.5000,-3.3791,5.000,0.500,0.540,0.000,0.000,0.200,0.500,1.000,0.500,1.000
151.599,5,1.0406,4.5276,-2.3660,5.000,0.500,0.540,0.000,0.000,0.200,0.500,1.000,0.500,1.000
151.799,0,-1.4147,4.9971,2.4003,5.000,0.500,0.100,0.000,0.000,0.200,0.500,1.000,0.500,1.000
151.799,1,4.9360,1.1159,-0.4933,5.000,0.500,0.100,0.000,0.000,0.200,0.500,1.000,0.500,1.000
151.799,2,0.7620,0.5000,2.1749,5.000,0.500,0.100,0.000,0.000,0.200,0.500,1.000,0.500,1.000
151.799,3,-4.1838,0.5000,1.3425,5.000,0.500,0.100,0.000,0.000,0.200,0.500,1.000,0.500,1.000
151.799,4,-2.0069,0.5000,-3.3650,5.000,0.500,0.100,0.000,0.000,0.200,0.500,1.000,0.500,1.000
151.799,5,1.0661,4.4359,-2.3413,5.000,0.500,0.100,0.000,0.000,0.200,0.500,1.000,0.500,1.000
151.999,0,-1.3667,4.9890,2.3800,5.000,0.500,0.100,0.000,0.000,0.200,0.500,1.000,0.500,1.000
151.999,1,4.9086,1.0322,-0.4466,5.000,0.500,0.100,0.000,0.000,0.200,0.500,1.000,0.500,1.000
151.999,2,0.7482,0.5000,2.2153,5.000,0.500,0.100,0.000,0.000,0.200,0.500,1.000,0.500,1.000
151.999,3,-4.1508,0.5000,1.3832,5.000,0.500,0.100,0.000,0.000,0.200,0.500,1.000,0.500,1.000
151.999,4,-1.9671,0.5000,-3.3488,5.000,0.500,0.100,0.000,0.000,0.200,0.500,1.000,0.500,1.000
151.999,5,1.0902,4.3433,-2.3123,5.000,0.500,0.100,0.000,0.000,0.200,0.500,1.000,0.500,1.000
152.199,0,-1.3168,4.9778,2.3552,5.000,0.500,0.100,0.000,0.000,0.200,0.500,1.000,0.500,1.000
152.199,1,4.8763,0.9506,-0.3989,5.000,0.500,0.100,0.000,0.000,0.200,0.500,1.000,0.500,1.000
152.199,2,0.7286,0.5000,2.2524,5.000,0.500,0.100,0.000,0.000,0.200,0.500,1.000,0.500,1.000
152.199,3,-4.1170,0.5000,1.4140,5.000,0.500,0.100,0.000,0.000,0.200,0.500,1.000,0.500,1.000
152.199,4,-1.9196,0.5000,-3.3296,5.000,0.500,0.100,0.000,0.000,0.200,0.500,1.000,0.500,1.000
152.199,5,1.1184,4.2524,-2.2820,5.000,0.500,0.100,0.000,0.000,0.200,0.500,1.000,0.500,1.000
152.399,0,-1.2646,4.9653,2.3263,5.000,0.500,0.100,0.000,0.000,0.200,0.500,1.000,0.500,1.000
152.399,1,4.8397,0.8716,-0.3505,5.000,0.500,0.100,0.000,0.000,0.200,0.500,1.000,0.500,1.000
152.399,2,0.7060,0.5000,2.2860,5.000,0.500,0.100,0.000,0.000,0.200,0.500,1.000,0.500,1.000
152.399,3,-4.0877,0.5000,1.4311,5.000,0.500,0.100,0.000,0.000,0.200,0.500,1.000,0.500,1.000
152.399,4,-1.8727,0.5000,-3.3119,5.000,0.500,0.100,0.000,0.000,0.200,0.500,1.000,0.500,1.000
152.399,5,1.1524,4.1615,-2.2585,5.000,0.500,0.100,0.000,0.000,0.200,0.500,1.000,0.500,1.000
152.599,0,-1.2095,4.9487,2.2983,5.000,0.500,0.100,0.000,0.000,0.200,0.500,1.000,0.500,1.000
152.599,1,4.8046,0.7932,-0.3006,5.000,0.500,0.100,0.000,0.000,0.200,0.500,1.000,0.500,1.000
152.599,2,0.6809,0.5000,2.3152,5.000,0.500,0.100,0.000,0.000,0.200,0.500,1.000,0.500,1.000
152.599,3,-4.0555,0.5000,1.4386,5.000,0.500,0.100,0.000,0.000,0.200,0.500,1.000,0.500,1.000
152.599,4,-1.8250,0.5000,-3.2918,5.000,0.500,0.100,0.000,0.000,0.200,0.500,1.000,0.500,1.000
152.599,5,1.1889,4.0718,-2.2338,5.000,0.500,0.100,0.000,0.000,0.200,0.500,1.000,0.500,1.000
152.799,0,-1.1538,4.9294,2.2699,5.000,0.500,0.100,0.000,0.000,0.200,0.500,1.000,0.500,1.000
152.799,1,4.7676,0.7153,-0.2506,5.000,0.500,0.100,0.000,0.000,0.200,0.500,1.000,0.500,1.000
152.799,2,0.6507,0.5000,2.3423,5.000,0.500,0.100,0.000,0.000,0.200,0.500,1.000,0.500,1.000
152.799,3,-4.0281,0.5000,1.4357,5.000,0.500,0.100,0.000,0.000,0.200,0.500,1.000,0.500,1.000
152.799,4,-1.7743,0.5000,-3.2706,5.000,0.500,0.100,0.000,0.000,0.200,0.500,1.000,0.500,1.000
152.799,5,1.2253,3.9825,-2.2074,5.000,0.500,0.100,0.000,0.000,0.200,0.500,1.000,0.500,1.000
152.999,0,-1.0995,4.9081,2.2383,5.000,0.500,0.100,0.000,0.000,0.200,0.500,1.000,0.500,1.000
152.999,1,4.7299,0.6394,-0.1983,5.000,0.500,0.100,0.000,0.000,0.200,0.500,1.000,0.500,1.000
152.999,2,0.6152,0.5000,2.3644,5.000,0.500,0.100,0.000,0.000,0.200,0.500,1.000,0.500,1.000
152.999,3,-4.0029,0.5000,1.4249,5.000,0.500,0.100,0.000,0.000,0.200,0.500,1.000,0.500,1.000
152.999,4,-1.7208,0.5000,-3.2507,5.000,0.500,0.100,0.000,0.000,0.200,0.500,1.000,0.500,1.000
152.999,5,1.2620,3.8933,-2.1815,5.000,0.500,0.100,0.000,0.000,0.200,0.500,1.000,0.500,1.000
153.199,0,-1.0457,4.8844,2.2059,5.000,0.500,0.100,0.000,0.000,0.200,0.500,1.000,0.500,1.000
153.199,1,4.6917,0.5627,-0.1487,5.000,0.500,0.100,0.000,0.000,0.200,0.500,1.000,0.500,1.000
153.199,2,0.5756,0.5000,2.3890,5.000,0.500,0.100,0.000,0.000,0.200,0.500,1.000,0.500,1.000
153.199,3,-3.9769,0.5000,1.4078,5.000,0.500,0.100,0.000,0.000,0.200,0.500,1.000,0.500,1.000
153.199,4,-1.6651,0.5000,-3.2321,5.000,0.500,0.100,0.000,0.000,0.200,0.500,1.000,0.500,1.000
153.199,5,1.3030,3.8054,-2.1572,5.000,0.500,0.100,0.000,0.000,0.200,0.500,1.000,0.500,1.000
153.399,0,-0.9844,4.8564,2.1742,5.000,0.500,0.100,0.000,0.000,0.200,0.500,1.000,0.500,1.000
153.399,1,4.6542,0.5000,-0.0984,5.000,0.500,0.100,0.000,0.000,0.200,0.500,1.000,0.500,1.000
153.399,2,0.5335,0.5000,2.4164,5.000,0.500,0.100,0.000,0.000,0.200,0.500,1.000,0.500,1.000
153.399,3,-3.9522,0.5000,1.3792,5.000,0.500,0.100,0.000,0.000,0.200,0.500,1.000,0.500,1.000
153.399,4,-1.6061,0.5000,-3.2162,5.000,0.500,0.100,0.000,0.000,0.200,0.500,1.000,0.500,1.000
153.399,5,1.3462,3.7190,-2.1315,5.000,0.500,0.100,0.000,0.000,0.200,0.500,1.000,0.500,1.000
153.599,0,-0.9237,4.8251,2.1424,5.000,0.500,0.100,0.000,0.000,0.200,0.500,1.000,0.500,1.000
153.599,1,4.6144,0.5000,-0.0455,5.000,0.500,0.100,0.000,0.000,0.200,0.500,1.000,0.500,1.000
153.599,2,0.4865,0.5000,2.4424,5.000,0.500,0.100,0.000,0.000,0.200,0.500,1.000,0.500,1.000
153.599,3,-3.9285,0.5000,1.3442,5.000,0.500,0.100,0.000,0.000,0.200,0.500,1.000,0.500,1.000
153.599,4,-1.5457,0.5000,-3.1956,5.000,0.500,0.100,0.000,0.000,0.200,0.500,1.000,0.500,1.000
153.599,5,1.3890,3.6319,-2.1079,5.000,0.500,0.100,0.000,0.000,0.200,0.500,1.000,0.500,1.000
153.799,0,-0.8620,4.7900,2.1112,5.000,0.500,0.100,0.000,0.000,0.200,0.500,1.000,0.500,1.000
153.799,1,4.5738,0.5000,0.0068,5.000,0.500,0.100,0.000,0.000,0.200,0.500,1.000,0.500,1.000
153.799,2,0.4349,0.5000,2.4695,5.000,0.500,0.100,0.000,0.000,0.200,0.500,1.000,0.500,1.000
153.799,3,-3.9027,0.5000,1.3037,5.000,0.500,0.100,0.000,0.000,0.200,0.500,1.000,0.500,1.000
153.799,4,-1.4844,0.5000,-3.1748,5.000,0.500,0.100,0.000,0.000,0.200,0.500,1.000,0.500,1.000
153.799,5,1.4334,3.5444,-2.0888,5.000,0.500,0.100,0.000,0.000,0.200,0.500,1.000,0.500,1.000
153.999,0,-0.7984,4.7505,2.0819,5.000,0.500,0.100,0.000,0.000,0.200,0.500,1.000,0.500,1.000
153.999,1,4.5308,0.5000,0.0604,5.000,0.500,0.100,0.000,0.000,0.200,0.500,1.000,0.500,1.000
153.999,2,0.3806,0.5000,2.4939,5.000,0.500,0.100,0.000,0.000,0.200,0.500,1.000,0.500,1.000
153.999,3,-3.8782,0.5000,1.2589,5.000,0.500,0.100,0.000,0.000,0.200,0.500,1.000,0.500,1.000
153.999,4,-1.4225,0.5000,-3.1522,5.000,0.500,0.100,0.000,0.000,0.200,0.500,1.000,0.500,1.000
153.999,5,1.4808,3.4597,-2.0651,5.000,0.500,0.100,0.000,0.000,0.200,0.500,1.000,0.500,1.000
154.199,0,-0.7357,4.7076,2.0553,5.000,0.500,0.100,0.000,0.000,0.200,0.500,1.000,0.500,1.000
154.199,1,4.4861,0.5000,0.1172,5.000,0.500,0.100,0.000,0.000,0.200,0.500,1.000,0.500,1.000
154.199,2,0.3248,0.5000,2.5154,5.000,0.500,0.100,0.000,0.000,0.200,0.500,1.000,0.500,1.000
154.199,3,-3.8532,0.5000,1.2067,5.000,0.500,0.100,0.000,0.000,0.200,0.500,1.000,0.500,1.000
154.199,4,-1.3624,0.5000,-3.1311,5.000,0.500,0.100,0.000,0.000,0.200,0.500,1.000,0.500,1.000
154.199,5,1.5282,3.3751,-2.0411,5.000,0.500,0.100,0.000,0.000,0.200,0.500,1.000,0.500,1.000
154.399,0,-0.6751,4.6599,2.0290,5.000,0.500,0.100,0.000,0.000,0.200,0.500,1.000,0.500,1.000
154.399,1,4.4410,0.5000,0.1783,5.000,0.500,0.100,0.000,0.000,0.200,0.500,1.000,0.500,1.000
154.399,2,0.2670,0.5000,2.5364,5.000,0.500,0.100,0.000,0.000,0.200,0.500,1.000,0.500,1.000
154.399,3,-3.8248,0.5000,1.1513,5.000,0.500,0.100,0.000,0.000,0.200,0.500,1.000,0.500,1.000
154.399,4,-1.2995,0.5000,-3.1130,5.000,0.500,0.100,0.000,0.000,0.200,0.500,1.000,0.500,1.000
154.399,5,1.5785,3.2922,-2.0166,5.000,0.500,0.100,0.000,0.000,0.200,0.500,1.000,0.500,1.000
154.599,0,-0.6172,4.6078,2.0040,5.000,0.500,0.100,0.000,0.000,0.200,0.500,1.000,0.500,1.000
154.599,1,4.3928,0.5000,0.2398,5.000,0.500,0.100,0.000,0.000,0.200,0.500,1.000,0.500,1.000
154.599,2,0.2073,0.5000,2.5567,5.000,0.500,0.100,0.000,0.000,0.200,0.500,1.000,0.500,1.000
154.599,3,-3.7942,0.5000,1.0911,5.000,0.500,0.100,0.000,0.000,0.200,0.500,1.000,0.500,1.000
154.599,4,-1.2345,0.5000,-3.0978,5.000,0.500,0.100,0.000,0.000,0.200,0.500,1.000,0.500,1.000
154.599,5,1.6339,3.2120,-1.9945,5.000,0.500,0.100,0.000,0.000,0.200,0.500,1.000,0.500,1.000
154.799,0,-0.5626,4.5511,1.9876,5.000,0.500,0.100,0.000,0.000,0.200,0.500,1.000,0.500,1.000
154.799,1,4.3434,0.5000,0.3022,5.000,0.500,0.100,0.000,0.000,0.200,0.500,1.000,0.500,1.000
154.799,2,0.1453,0.5000,2.5742,5.000,0.500,0.100,0.000,0.000,0.200,0.500,1.000,0.500,1.000
154.799,3,-3.7631,0.5000,1.0296,5.000,0.500,0.100,0.000,0.000,0.200,0.500,1.000,0.500,1.000
154.799,4,-1.1698,0.5000,-3.0826,5.000,0.500,0.100,0.000,0.000,0.200,0.500,1.000,0.500,1.000
154.799,5,1.6915,3.1334,-1.9723,5.000,0.500,0.100,0.000,0.000,0.200,0.500,1.000,0.500,1.000
154.999,0,-0.5058,4.4902,1.9750,5.000,0.500,0.100,0.000,0.000,0.200,0.500,1.000,0.500,1.000
154.999,1,4.2945,0.5000,0.3663,5.000,0.500,0.100,0.000,0.000,0.200,0.500,1.000,0.500,1.000
154.999,2,0.0799,0.5000,2.5861,5.000,0.500,0.100,0.000,0.000,0.200,0.500,1.000,0.500,1.000
154.999,3,-3.7321,0.5000,0.9687,5.000,0.500,0.100,0.000,0.000,0.200,0.500,1.000,0.500,1.000
154.999,4,-1.1049,0.5000,-3.0728,5.000,0.500,0.100,0.000,0.000,0.200,0.500,1.000,0.500,1.000
154.999,5,1.7524,3.0571,-1.9507,5.000,0.500,0.100,0.000,0.000,0.200,0.500,1.000,0.500,1.000
155.199,0,-0.4520,4.4252,1.9626,5.000,0.500,0.100,0.000,0.000,0.200,0.500,1.000,0.500,1.000
155.199,1,4.2471,0.5000,0.4323,5.000,0.500,0.100,0.000,0.000,0.200,0.500,1.000,0.500,1.000
155.199,2,0.0137,0.5000,2.5941,5.000,0.500,0.100,0.000,0.000,0.200,0.500,1.000,0.500,1.000
155.199,3,-3.6986,0.5000,0.9055,5.000,0.500,0.100,0.000,0.000,0.200,0.500,1.000,0.500,1.000
155.199,4,-1.0404,0.5000,-3.0648,5.000,0.500,0.100,0.000,0.000,0.200,0.500,1.000,0.500,1.000
155.199,5,1.8146,2.9809,-1.9330,5.000,0.500,0.100,0.000,0.000,0.200,0.500,1.000,0.500,1.000
155.399,0,-0.4027,4.3553,1.9532,5.000,0.500,0.100,0.000,0.000,0.200,0.500,1.000,0.500,1.000
155.399,1,4.2009,0.5000,0.4981,5.000,0.500,0.100,0.000,0.000,0.200,0.500,1.000,0.500,1.000
155.399,2,-0.0541,0.5000,2.5971,5.000,0.500,0.100,0.000,0.000,0.200,0.500,1.000,0.500,1.000
155.399,3,-3.6669,0.5000,0.8404,5.000,0.500,0.100,0.000,0.000,0.200,0.500,1.000,0.500,1.000
155.399,4,-0.9744,0.5000,-3.0599,5.000,0.500,0.100,0.000,0.000,0.200,0.500,1.000,0.500,1.000
155.399,5,1.8773,2.9059,-1.9129,5.000,0.500,0.100,0.000,0.000,0.200,0.500,1.000,0.500,1.000
155.599,0,-0.3554,4.2821,1.9461,5.000,0.500,0.100,0.000,0.000,0.200,0.500,1.000,0.500,1.000
155.599,1,4.1523,0.5000,0.5606,5.000,0.500,0.100,0.000,0.000,0.200,0.500,1.000,0.500,1.000
155.599,2,-0.1244,0.5000,2.5952,5.000,0.500,0.100,0.000,0.000,0.200,0.500,1.000,0.500,1.000
155.599,3,-3.6377,0.5000,0.7703,5.000,0.500,0.100,0.000,0.000,0.200,0.500,1.000,0.500,1.000
155.599,4,-0.9070,0.5000,-3.0556,5.000,0.500,0.100,0.000,0.000,0.200,0.500,1.000,0.500,1.000
155.599,5,1.9390,2.8298,-1.8951,5.000,0.500,0.100,0.000,0.000,0.200,0.500,1.000,0.500,1.000
155.799,0,-0.3066,4.2063,1.9405,5.000,0.500,0.100,0.000,0.000,0.200,0.500,1.000,0.500,1.000
155.799,1,4.1015,0.5000,0.6204,5.000,0.500,0.100,0.000,0.000,0.200,0.500,1.000,0.500,1.000
155.799,2,-0.1949,0.5000,2.5873,5.000,0.500,0.100,0.000,0.000,0.200,0.500,1.000,0.500,1.000
155.799,3,-3.6082,0.5000,0.6963,5.000,0.500,0.100,0.000,0.000,0.200,0.500,1.000,0.500,1.000
155.799,4,-0.8359,0.5000,-3.0559,5.000,0.500,0.100,0.000,0.000,0.200,0.500,1.000,0.500,1.000
155.799,5,1.9983,2.7509,-1.8799,5.000,0.500,0.100,0.000,0.000,0.200,0.500,1.000,0.500,1.000
155.999,0,-0.2623,4.1257,1.9381,5.000,0.500,0.100,0.000,0.000,0.200,0.500,1.000,0.500,1.000
155.999,1,4.0508,0.5000,0.6777,5.000,0.500,0.100,0.000,0.000,0.200,0.500,1.000,0.500,1.000
155.999,2,-0.2652,0.5000,2.5722,5.000,0.500,0.100,0.000,0.000,0.200,0.500,1.000,0.500,1.000
155.999,3,-3.5796,0.5000,0.6186,5.000,0.500,0.100,0.000,0.000,0.200,0.500,1.000,0.500,1.000
155.999,4,-0.7646,0.5000,-3.0595,5.000,0.500,0.100,0.000,0.000,0.200,0.500,1.000,0.500,1.000
155.999,5,2.0573,2.6714,-1.8682,5.000,0.500,0.100,0.000,0.000,0.200,0.500,1.000,0.500,1.000
156.199,0,-0.2188,4.0413,1.9379,5.000,0.500,0.100,0.000,0.000,0.200,0.500,1.000,0.500,1.000
156.199,1,3.9979,0.5000,0.7349,5.000,0.500,0.100,0.000,0.000,0.200,0.500,1.000,0.500,1.000
156.199,2,-0.3359,0.5000,2.5566,5.000,0.500,0.100,0.000,0.000,0.200,0.500,1.000,0.500,1.000
156.199,3,-3.5539,0.5000,0.5405,5.000,0.500,0.100,0.000,0.000,0.200,0.500,1.000,0.500,1.000
156.199,4,-0.6918,0.5000,-3.0666,5.000,0.500,0.100,0.000,0.000,0.200,0.500,1.000,0.500,1.000
156.199,5,2.1227,2.5967,-1.8568,5.000,0.500,0.100,0.000,0.000,0.200,0.500,1.000,0.500,1.000
156.399,0,-0.1743,3.9531,1.9419,5.000,0.500,0.100,0.000,0.000,0.200,0.500,1.000,0.500,1.000
156.399,1,3.9423,0.5000,0.7923,5.000,0.500,0.100,0.000,0.000,0.200,0.500,1.000,0.500,1.000
156.399,2,-0.4063,0.5000,2.5381,5.000,0.500,0.100,0.000,0.000,0.200,0.500,1.000,0.500,1.000
156.399,3,-3.5286,0.5000,0.4623,5.000,0.500,0.100,0.000,0.000,0.200,0.500,1.000,0.500,1.000
156.399,4,-0.6196,0.5000,-3.0756,5.000,0.500,0.100,0.000,0.000,0.200,0.500,1.000,0.500,1.000
156.399,5,2.1905,2.5251,-1.8413,5.000,0.500,0.100,0.000,0.000,0.200,0.500,1.000,0.500,1.000
156.599,0,-0.1313,3.8632,1.9496,5.000,0.500,0.100,0.000,0.000,0.200,0.500,1.000,0.500,1.000
156.599,1,3.8826,0.5000,0.8492,5.000,0.500,0.100,0.000,0.000,0.200,0.500,1.000,0.500,1.000
156.599,2,-0.4770,0.5000,2.5129,5.000,0.500,0.100,0.000,0.000,0.200,0.500,1.000,0.500,1.000
156.599,3,-3.5006,0.5000,0.3826,5.000,0.500,0.100,0.000,0.000,0.200,0.500,1.000,0.500,1.000
156.599,4,-0.5481,0.5000,-3.0880,5.000,0.500,0.100,0.000,0.000,0.200,0.500,1.000,0.500,1.000
156.599,5,2.2556,2.4523,-1.8210,5.000,0.500,0.100,0.000,0.000,0.200,0.500,1.000,0.500,1.000
156.799,0,-0.0956,3.7705,1.9562,5.000,0.500,0.100,0.000,0.000,0.200,0.500,1.000,0.500,1.000
156.799,1,3.8200,0.5000,0.9051,5.000,0.500,0.100,0.000,0.000,0.200,0.500,1.000,0.500,1.000
156.799,2,-0.5486,0.5000,2.4844,5.000,0.500,0.100,0.000,0.000,0.200,0.500,1.000,0.500,1.000
156.799,3,-3.4703,0.5000,0.3015,5.000,0.500,0.100,0.000,0.000,0.200,0.500,1.000,0.500,1.000
156.799,4,-0.4756,0.5000,-3.1043,5.000,0.500,0.100,0.000,0.000,0.200,0.500,1.000,0.500,1.000
156.799,5,2.3190,2.3780,-1.8006,5.000,0.500,0.100,0.000,0.000,0.200,0.500,1.000,0.500,1.000
156.999,0,-0.0640,3.6765,1.9681,5.000,0.500,0.100,0.000,0.000,0.200,0.500,1.000,0.500,1.000
156.999,1,3.7524,0.5000,0.9575,5.000,0.500,0.100,0.000,0.000,0.200,0.500,1.000,0.500,1.000
156.999,2,-0.6202,0.5000,2.4523,5.000,0.500,0.100,0.000,0.000,0.200,0.500,1.000,0.500,1.000
156.999,3,-3.4381,0.5000,0.2208,5.000,0.500,0.100,0.000,0.000,0.200,0.500,1.000,0.500,1.000
156.999,4,-0.4003,0.5000,-3.1178,5.000,0.500,0.100,0.000,0.000,0.200,0.500,1.000,0.500,1.000
156.999,5,2.3828,2.3052,-1.7760,5.000,0.500,0.100,0.000,0.000,0.200,0.500,1.000,0.500,1.000
157.199,0,-0.0356,3.5816,1.9812,5.000,0.500,0.100,0.000,0.000,0.200,0.500,1.000,0.500,1.000
157.199,1,3.6820,0.5000,1.0076,5.000,0.500,0.100,0.000,0.000,0.200,0.500,1.000,0.500,1.000
157.199,2,-0.6940,0.5000,2.4233,5.000,0.500,0.100,0.000,0.000,0.200,0.500,1.000,0.500,1.000
157.199,3,-3.4052,0.5000,0.1393,5.000,0.500,0.100,0.000,0.000,0.200,0.500,1.000,0.500,1.000
157.199,4,-0.3244,0.5000,-3.1380,5.000,0.500,0.100,0.000,0.000,0.200,0.500,1.000,0.500,1.000
157.199,5,2.4450,2.2327,-1.7470,5.000,0.500,0.100,0.000,0.000,0.200,0.500,1.000,0.500,1.000
157.399,0,-0.0058,3.4868,1.9925,5.000,0.500,0.100,0.000,0.000,0.200,0.500,1.000,0.500,1.000
157.399,1,3.6119,0.5000,1.0567,5.000,0.500,0.100,0.000,0.000,0.200,0.500,1.000,0.500,1.000
157.399,2,-0.7695,0.5000,2.3966,5.000,0.500,0.100,0.000,0.000,0.200,0.500,1.000,0.500,1.000
157.399,3,-3.3718,0.5000,0.0572,5.000,0.500,0.100,0.000,0.000,0.200,0.500,1.000,0.500,1.000
157.399,4,-0.2511,0.5000,-3.1635,5.000,0.500,0.100,0.000,0.000,0.200,0.500,1.000,0.500,1.000
157.399,5,2.5085,2.1627,-1.7161,5.000,0.500,0.100,0.000,0.000,0.200,0.500,1.000,0.500,1.000
157.599,0,0.0241,3.3930,2.0100,5.000,0.500,0.100,0.000,0.000,0.200,0.500,1.000,0.500,1.000
157.599,1,3.5444,0.5000,1.1113,5.000,0.500,0.100,0.000,0.000,0.200,0.500,1.000,0.500,1.000
157.599,2,-0.8445,0.5000,2.3679,5.000,0.500,0.100,0.000,0.000,0.200,0.500,1.000,0.500,1.000
157.599,3,-3.3371,0.5000,-0.0255,5.000,0.500,0.100,0.000,0.000,0.200,0.500,1.000,0.500,1.000
157.599,4,-0.1788,0.5000,-3.1923,5.000,0.500,0.100,0.000,0.000,0.200,0.500,1.000,0.500,1.000
157.599,5,2.5724,2.0914,-1.6874,5.000,0.500,0.100,0.000,0.000,0.200,0.500,1.000,0.500,1.000
157.799,0,0.0463,3.2983,2.0325,5.000,0.500,0.100,0.000,0.000,0.200,0.500,1.000,0.500,1.000
157.799,1,3.4756,0.5000,1.1654,5.000,0.500,0.100,0.000,0.000,0.200,0.500,1.000,0.500,1.000
157.799,2,-0.9179,0.5000,2.3354,5.000,0.500,0.100,0.000,0.000,0.200,0.500,1.000,0.500,1.000
157.799,3,-3.3017,0.5000,-0.1088,5.000,0.500,0.100,0.000,0.000,0.200,0.500,1.000,0.500,1.000
157.799,4,-0.1075,0.5000,-3.2241,5.000,0.500,0.100,0.000,0.000,0.200,0.500,1.000,0.500,1.000
157.799,5,2.6342,2.0187,-1.6583,5.000,0.500,0.100,0.000,0.000,0.200,0.500,1.000,0.500,1.000
157.999,0,0.0629,3.2027,2.0565,5.000,0.500,0.100,0.000,0.000,0.200,0.500,1.000,0.500,1.000
157.999,1,3.4045,0.5000,1.2154,5.000,0.500,0.100,0.000,0.000,0.200,0.500,1.000,0.500,1.000
157.999,2,-0.9920,0.5000,2.3038,5.000,0.500,0.100,0.000,0.000,0.200,0.500,1.000,0.500,1.000
157.999,3,-3.2658,0.5000,-0.1927,5.000,0.500,0.100,0.000,0.000,0.200,0.500,1.000,0.500,1.000
157.999,4,-0.0350,0.5000,-3.2558,5.000,0.500,0.100,0.000,0.000,0.200,0.500,1.000,0.500,1.000
157.999,5,2.6950,1.9475,-1.6235,5.000,0.500,0.100,0.000,0.000,0.200,0.500,1.000,0.500,1.000
158.199,0,0.0786,3.1077,2.0834,5.000,0.500,0.100,0.000,0.000,0.200,0.500,1.000,0.500,1.000
158.199,1,3.3295,0.5000,1.2626,5.000,0.500,0.100,0.000,0.000,0.200,0.500,1.000,0.500,1.000
158.199,2,-1.0665,0.5000,2.2741,5.000,0.500,0.100,0.000,0.000,0.200,0.500,1.000,0.500,1.000
158.199,3,-3.2315,0.5000,-0.2778,5.000,0.500,0.100,0.000,0.000,0.200,0.500,1.000,0.500,1.000
158.199,4,0.0402,0.5000,-3.2862,5.000,0.500,0.100,0.000,0.000,0.200,0.500,1.000,0.500,1.000
158.199,5,2.7532,1.8785,-1.5806,5.000,0.500,0.100,0.000,0.000,0.200,0.500,1.000,0.500,1.000
158.399,0,0.0922,3.0158,2.1205,5.000,0.500,0.100,0.000,0.000,0.200,0.500,1.000,0.500,1.000
158.399,1,3.2533,0.5000,1.3079,5.000,0.500,0.100,0.000,0.000,0.200,0.500,1.000,0.500,1.000
158.399,2,-1.1400,0.5000,2.2450,5.000,0.500,0.100,0.000,0.000,0.200,0.500,1.000,0.500,1.000
158.399,3,-3.1943,0.5000,-0.3621,5.000,0.500,0.100,0.000,0.000,0.200,0.500,1.000,0.500,1.000
158.399,4,0.1162,0.5000,-3.3171,5.000,0.500,0.100,0.000,0.000,0.200,0.500,1.000,0.500,1.000
158.399,5,2.8095,1.8095,-1.5356,5.000,0.500,0.100,0.000,0.000,0.200,0.500,1.000,0.500,1.000
158.599,0,0.1035,2.9263,2.1633,5.000,0.500,0.100,0.000,0.000,0.200,0.500,1.000,0.500,1.000
158.599,1,3.1762,0.5000,1.3507,5.000,0.500,0.100,0.000,0.000,0.200,0.500,1.000,0.500,1.000
158.599,2,-1.2119,0.5000,2.2139,5.000,0.500,0.100,0.000,0.000,0.200,0.500,1.000,0.500,1.000
158.599,3,-3.1561,0.5000,-0.4453,5.000,0.500,0.100,0.000,0.000,0.200,0.500,1.000,0.500,1.000
158.599,4,0.1954,0.5000,-3.3433,5.000,0.500,0.100,0.000,0.000,0.200,0.500,1.000,0.500,1.000
158.599,5,2.8652,1.7411,-1.4887,5.000,0.500,0.100,0.000,0.000,0.200,0.500,1.000,0.500,1.000
158.799,0,0.1140,2.8391,2.2112,5.000,0.500,0.100,0.000,0.000,0.200,0.500,1.000,0.500,1.000
158.799,1,3.0982,0.5000,1.3930,5.000,0.500,0.100,0.000,0.000,0.200,0.500,1.000,0.500,1.000
158.799,2,-1.2836,0.5000,2.1804,5.000,0.500,0.100,0.000,0.000,0.200,0.500,1.000,0.500,1.000
158.799,3,-3.1190,0.5000,-0.5299,5.000,0.500,0.100,0.000,0.000,0.200,0.500,1.000,0.500,1.000
158.799,4,0.2755,0.5000,-3.3610,5.000,0.500,0.100,0.000,0.000,0.200,0.500,1.000,0.500,1.000
158.799,5,2.9204,1.6751,-1.4379,5.000,0.500,0.100,0.000,0.000,0.200,0.500,1.000,0.500,1.000
158.999,0,0.1214,2.7539,2.2626,5.000,0.500,0.100,0.000,0.000,0.200,0.500,1.000,0.500,1.000
158.999,1,3.0191,0.5000,1.4333,5.000,0.500,0.100,0.000,0.000,0.200,0.500,1.000,0.500,1.000
158.999,2,-1.3541,0.5000,2.1418,5.000,0.500,0.100,0.000,0.000,0.200,0.500,1.000,0.500,1.000
158.999,3,-3.0777,0.5000,-0.6133,5.000,0.500,0.100,0.000,0.000,0.200,0.500,1.000,0.500,1.000
158.999,4,0.3571,0.5000,-3.3767,5.000,0.500,0.100,0.000,0.000,0.200,0.500,1.000,0.500,1.000
158.999,5,2.9728,1.6105,-1.3826,5.000,0.500,0.100,0.000,0.000,0.200,0.500,1.000,0.500,1.000
159.199,0,0.1220,2.6696,2.3157,5.000,0.500,0.100,0.000,0.000,0.200,0.500,1.000,0.500,1.000
159.199,1,2.9382,0.5000,1.4703,5.000,0.500,0.100,0.000,0.000,0.200,0.500,1.000,0.500,1.000
159.199,2,-1.4230,0.5000,2.0971,5.000,0.500,0.100,0.000,0.000,0.200,0.500,1.000,0.500,1.000
159.199,3,-3.0356,0.5000,-0.6961,5.000,0.500,0.100,0.000,0.000,0.200,0.500,1.000,0.500,1.000
159.199,4,0.4407,0.5000,-3.3885,5.000,0.500,0.100,0.000,0.000,0.200,0.500,1.000,0.500,1.000
159.199,5,3.0222,1.5480,-1.3232,5.000,0.500,0.100,0.000,0.000,0.200,0.500,1.000,0.500,1.000
159.399,0,0.1190,2.5870,2.3717,5.000,0.500,0.100,0.000,0.000,0.200,0.500,1.000,0.500,1.000
159.399,1,2.8575,0.5000,1.5061,5.000,0.500,0.100,0.000,0.000,0.200,0.500,1.000,0.500,1.000
159.399,2,-1.4905,0.5000,2.0505,5.000,0.500,0.100,0.000,0.000,0.200,0.500,1.000,0.500,1.000
159.399,3,-2.9917,0.5000,-0.7769,5.000,0.500,0.100,0.000,0.000,0.200,0.500,1.000,0.500,1.000
159.399,4,0.5264,0.5000,-3.3946,5.000,0.500,0.100,0.000,0.000,0.200,0.500,1.000,0.500,1.000
159.399,5,3.0707,1.4858,-1.2626,5.000,0.500,0.100,0.000,0.000,0.200,0.500,1.000,0.500,1.000
159.599,0,0.1121,2.5045,2.4276,5.000,0.500,0.100,0.000,0.000,0.200,0.500,1.000,0.500,1.000
159.599,1,2.7758,0.5000,1.5373,5.000,0.500,0.100,0.000,0.000,0.200,0.500,1.000,0.500,1.000
159.599,2,-1.5575,0.5000,2.0023,5.000,0.500,0.100,0.000,0.000,0.200,0.500,1.000,0.500,1.000
159.599,3,-2.9457,0.5000,-0.8577,5.000,0.500,0.100,0.000,0.000,0.200,0.500,1.000,0.500,1.000
159.599,4,0.6127,0.5000,-3.3953,5.000,0.500,0.100,0.000,0.000,0.200,0.500,1.000,0.500,1.000
159.599,5,3.1171,1.4226,-1.2007,5.000,0.500,0.100,0.000,0.000,0.200,0.500,1.000,0.500,1.000
159.799,0,0.1009,2.4238,2.4854,5.000,0.500,0.100,0.000,0.000,0.200,0.500,1.000,0.500,1.000
159.799,1,2.6950,0.5000,1.5666,5.000,0.500,0.100,0.000,0.000,0.200,0.500,1.000,0.500,1.000
159.799,2,-1.6240,0.5000,1.9535,5.000,0.500,0.100,0.000,0.000,0.200,0.500,1.000,0.500,1.000
159.799,3,-2.8970,0.5000,-0.9357,5.000,0.500,0.100,0.000,0.000,0.200,0.500,1.000,0.500,1.000
159.799,4,0.7001,0.5000,-3.3906,5.000,0.500,0.100,0.000,0.000,0.200,0.500,1.000,0.500,1.000
159.799,5,3.1616,1.3605,-1.1368,5.000,0.500,0.100,0.000,0.000,0.200,0.500,1.000,0.500,1.000
159.999,0,0.0833,2.3438,2.5425,5.000,0.500,0.100,0.000,0.000,0.200,0.500,1.000,0.500,1.000
159.999,1,2.6138,0.5000,1.5948,5.000,0.500,0.100,0.000,0.000,0.200,0.500,1.000,0.500,1.000
159.999,2,-1.6901,0.5000,1.9037,5.000,0.500,0.100,0.000,0.000,0.200,0.500,1.000,0.500,1.000
159.999,3,-2.8461,0.5000,-1.0137,5.000,0.500,0.100,0.000,0.000,0.200,0.500,1.000,0.500,1.000
159.999,4,0.7872,0.5000,-3.3787,5.000,0.500,0.100,0.000,0.000,0.200,0.500,1.000,0.500,1.000
159.999,5,3.2009,1.2988,-1.0698,5.000,0.500,0.100,0.000,0.000,0.200,0.500,1.000,0.500,1.000
160.199,0,0.0587,2.2619,2.5939,5.000,0.500,0.100,0.000,0.000,0.200,0.500,1.000,0.500,1.000
160.199,1,2.5313,0.5000,1.6204,5.000,0.500,0.100,0.000,0.000,0.200,0.500,1.000,0.500,1.000
160.199,2,-1.7540,0.5000,1.8496,5.000,0.500,0.100,0.000,0.000,0.200,0.500,1.000,0.500,1.000
160.199,3,-2.7923,0.5000,-1.0906,5.000,0.500,0.100,0.000,0.000,0.200,0.500,1.000,0.500,1.000
160.199,4,0.8746,0.5000,-3.3640,5.000,0.500,0.100,0.000,0.000,0.200,0.500,1.000,0.500,1.000
160.199,5,3.2377,1.2367,-1.0010,5.000,0.500,0.100,0.000,0.000,0.200,0.500,1.000,0.500,1.000
160.399,0,0.0306,2.1787,2.6411,5.000,0.500,0.100,0.000,0.000,0.200,0.500,1.000,0.500,1.000
160.399,1,2.4477,0.5000,1.6413,5.000,0.500,0.100,0.000,0.000,0.200,0.500,1.000,0.500,1.000
160.399,2,-1.8162,0.5000,1.7931,5.000,0.500,0.100,0.000,0.000,0.200,0.500,1.000,0.500,1.000
160.399,3,-2.7365,0.5000,-1.1656,5.000,0.500,0.100,0.000,0.000,0.200,0.500,1.000,0.500,1.000
160.399,4,0.9602,0.5000,-3.3454,5.000,0.500,0.100,0.000,0.000,0.200,0.500,1.000,0.500,1.000
160.399,5,3.2688,1.1738,-0.9308,5.000,0.500,0.100,0.000,0.000,0.200,0.500,1.000,0.500,1.000
160.599,0,0.0003,2.0959,2.6880,5.000,0.500,0.100,0.000,0.000,0.200,0.500,1.000,0.500,1.000
160.599,1,2.3641,0.5000,1.6576,5.000,0.500,0.100,0.000,0.000,0.200,0.500,1.000,0.500,1.000
160.599,2,-1.8793,0.5000,1.7368,5.000,0.500,0.100,0.000,0.000,0.200,0.500,1.000,0.500,1.000
160.599,3,-2.6801,0.5000,-1.2388,5.000,0.500,0.100,0.000,0.000,0.200,0.500,1.000,0.500,1.000
160.599,4,1.0458,0.5000,-3.3271,5.000,0.500,0.100,0.000,0.000,0.200,0.500,1.000,0.500,1.000
160.599,5,3.2947,1.1114,-0.8575,5.000,0.500,0.100,0.000,0.000,0.200,0.500,1.000,0.500,1.000
160.799,0,-0.0334,2.0147,2.7355,5.000,0.500,0.100,0.000,0.000,0.200,0.500,1.000,0.500,1.000
160.799,1,2.2799,0.5000,1.6732,5.000,0.500,0.100,0.000,0.000,0.200,0.500,1.000,0.500,1.000
160.799,2,-1.9411,0.5000,1.6790,5.000,0.500,0.100,0.000,0.000,0.200,0.500,1.000,0.500,1.000
160.799,3,-2.6240,0.5000,-1.3133,5.000,0.500,0.100,0.000,0.000,0.200,0.500,1.000,0.500,1.000
160.799,4,1.1311,0.5000,-3.3064,5.000,0.500,0.100,0.000,0.000,0.200,0.500,1.000,0.500,1.000
160.799,5,3.3194,1.0503,-0.7824,5.000,0.500,0.100,0.000,0.000,0.200,0.500,1.000,0.500,1.000
160.999,0,-0.0745,1.9359,2.7805,5.000,0.500,0.100,0.000,0.000,0.200,0.500,1.000,0.500,1.000
160.999,1,2.1944,0.5000,1.6833,5.000,0.500,0.100,0.000,0.000,0.200,0.500,1.000,0.500,1.000
160.999,2,-1.9979,0.5000,1.6157,5.000,0.500,0.100,0.000,0.000,0.200,0.500,1.000,0.500,1.000
160.999,3,-2.5657,0.5000,-1.3856,5.000,0.500,0.100,0.000,0.000,0.200,0.500,1.000,0.500,1.000
160.999,4,1.2171,0.5000,-3.2879,5.000,0.500,0.100,0.000,0.000,0.200,0.500,1.000,0.500,1.000
160.999,5,3.3431,0.9903,-0.7067,5.000,0.500,0.100,0.000,0.000,0.200,0.500,1.000,0.500,1.000
161.199,0,-0.1200,1.8575,2.8225,5.000,0.500,0.100,0.000,0.000,0.200,0.500,1.000,0.500,1.000
161.199,1,2.1080,0.5000,1.6895,5.000,0.500,0.100,0.000,0.000,0.200,0.500,1.000,0.500,1.000
161.199,2,-2.0493,0.5000,1.5470,5.000,0.500,0.100,0.000,0.000,0.200,0.500,1.000,0.500,1.000
161.199,3,-2.5037,0.5000,-1.4547,5.000,0.500,0.100,0.000,0.000,0.200,0.500,1.000,0.500,1.000
161.199,4,1.3031,0.5000,-3.2693,5.000,0.500,0.100,0.000,0.000,0.200,0.500,1.000,0.500,1.000
161.199,5,3.3667,0.9321,-0.6291,5.000,0.500,0.100,0.000,0.000,0.200,0.500,1.000,0.500,1.000
161.399,0,-0.1712,1.7807,2.8603,5.000,0.500,0.100,0.000,0.000,0.200,0.500,1.000,0.500,1.000
161.399,1,2.0216,0.5000,1.6975,5.000,0.500,0.100,0.000,0.000,0.200,0.500,1.000,0.500,1.000
161.399,2,-2.0976,0.5000,1.4748,5.000,0.500,0.100,0.000,0.000,0.200,0.500,1.000,0.500,1.000
161.399,3,-2.4415,0.5000,-1.5239,5.000,0.500,0.100,0.000,0.000,0.200,0.500,1.000,0.500,1.000
161.399,4,1.3877,0.5000,-3.2443,5.000,0.500,0.100,0.000,0.000,0.200,0.500,1.000,0.500,1.000
161.399,5,3.3878,0.8737,-0.5510,5.000,0.500,0.100,0.000,0.000,0.200,0.500,1.000,0.500,1.000
161.599,0,-0.2314,1.7069,2.8901,5.000,0.500,0.100,0.000,0.000,0.200,0.500,1.000,0.500,1.000
161.599,1,1.9374,0.5000,1.7040,5.000,0.500,0.100,0.000,0.000,0.200,0.500,1.000,0.500,1.000
161.599,2,-2.1453,0.5000,1.4036,5.000,0.500,0.100,0.000,0.000,0.200,0.500,1.000,0.500,1.000
161.599,3,-2.3788,0.5000,-1.5920,5.000,0.500,0.100,0.000,0.000,0.200,0.500,1.000,0.500,1.000
161.599,4,1.4712,0.5000,-3.2142,5.000,0.500,0.100,0.000,0.000,0.200,0.500,1.000,0.500,1.000
161.599,5,3.4035,0.8161,-0.4714,5.000,0.500,0.100,0.000,0.000,0.200,0.500,1.000,0.500,1.000
161.799,0,-0.2954,1.6350,2.9156,5.000,0.500,0.100,0.000,0.000,0.200,0.500,1.000,0.500,1.000
161.799,1,1.8529,0.5000,1.7098,5.000,0.500,0.100,0.000,0.000,0.200,0.500,1.000,0.500,1.000
161.799,2,-2.1889,0.5000,1.3281,5.000,0.500,0.100,0.000,0.000,0.200,0.500,1.000,0.500,1.000
161.799,3,-2.3149,0.5000,-1.6597,5.000,0.500,0.100,0.000,0.000,0.200,0.500,1.000,0.500,1.000
161.799,4,1.5529,0.5000,-3.1791,5.000,0.500,0.100,0.000,0.000,0.200,0.500,1.000,0.500,1.000
161.799,5,3.4183,0.7597,-0.3904,5.000,0.500,0.100,0.000,0.000,0.200,0.500,1.000,0.500,1.000
161.999,0,-0.3653,1.5675,2.9386,5.000,0.500,0.100,0.000,0.000,0.200,0.500,1.000,0.500,1.000
161.999,1,1.7680,0.5000,1.7119,5.000,0.500,0.100,0.000,0.000,0.200,0.500,1.000,0.500,1.000
161.999,2,-2.2251,0.5000,1.2483,5.000,0.500,0.100,0.000,0.000,0.200,0.500,1.000,0.500,1.000
161.999,3,-2.2513,0.5000,-1.7290,5.000,0.500,0.100,0.000,0.000,0.200,0.500,1.000,0.500,1.000
161.999,4,1.6334,0.5000,-3.1395,5.000,0.500,0.100,0.000,0.000,0.200,0.500,1.000,0.500,1.000
161.999,5,3.4271,0.7072,-0.3060,5.000,0.500,0.100,0.000,0.000,0.200,0.500,1.000,0.500,1.000
162.199,0,-0.4403,1.5039,2.9557,5.000,0.500,0.100,0.000,0.000,0.200,0.500,1.000,0.500,1.000
162.199,1,1.6845,0.5000,1.7151,5.000,0.500,0.100,0.000,0.000,0.200,0.500,1.000,0.500,1.000
162.199,2,-2.2600,0.5000,1.1673,5.000,0.500,0.100,0.000,0.000,0.200,0.500,1.000,0.500,1.000
162.199,3,-2.1873,0.5000,-1.7968,5.000,0.500,0.100,0.000,0.000,0.200,0.500,1.000,0.500,1.000
162.199,4,1.7110,0.5000,-3.0928,5.000,0.500,0.100,0.000,0.000,0.200,0.500,1.000,0.500,1.000
162.199,5,3.4260,0.6574,-0.2195,5.000,0.500,0.100,0.000,0.000,0.200,0.500,1.000,0.500,1.000
162.399,0,-0.5170,1.4418,2.9713,5.000,0.500,0.100,0.000,0.000,0.200,0.500,1.000,0.500,1.000
162.399,1,1.6008,0.5000,1.7204,5.000,0.500,0.100,0.000,0.000,0.200,0.500,1.000,0.500,1.000
162.399,2,-2.2925,0.5000,1.0861,5.000,0.500,0.100,0.000,0.000,0.200,0.500,1.000,0.500,1.000
162.399,3,-2.1194,0.5000,-1.8616,5.000,0.500,0.100,0.000,0.000,0.200,0.500,1.000,0.500,1.000
162.399,4,1.7861,0.5000,-3.0458,5.000,0.500,0.100,0.000,0.000,0.200,0.500,1.000,0.500,1.000
162.399,5,3.4242,0.6097,-0.1318,5.000,0.500,0.100,0.000,0.000,0.200,0.500,1.000,0.500,1.000
162.599,0,-0.5967,1.3832,2.9842,5.000,0.500,0.100,0.000,0.000,0.200,0.500,1.000,0.500,1.000
162.599,1,1.5178,0.5000,1.7191,5.000,0.500,0.100,0.000,0.000,0.200,0.500,1.000,0.500,1.000
162.599,2,-2.3228,0.5000,1.0029,5.000,0.500,0.100,0.000,0.000,0.200,0.500,1.000,0.500,1.000
162.599,3,-2.0497,0.5000,-1.9248,5.000,0.500,0.100,0.000,0.000,0.200,0.500,1.000,0.500,1.000
162.599,4,1.8613,0.5000,-2.9952,5.000,0.500,0.100,0.000,0.000,0.200,0.500,1.000,0.500,1.000
162.599,5,3.4256,0.5635,-0.0437,5.000,0.500,0.100,0.000,0.000,0.200,0.500,1.000,0.500,1.000
162.799,0,-0.6784,1.3265,2.9898,5.000,0.500,0.100,0.000,0.000,0.200,0.500,1.000,0.500,1.000
162.799,1,1.4338,0.5000,1.7166,5.000,0.500,0.100,0.000,0.000,0.200,0.500,1.000,0.500,1.000
162.799,2,-2.3552,0.5000,0.9196,5.000,0.500,0.100,0.000,0.000,0.200,0.500,1.000,0.500,1.000
162.799,3,-1.9779,0.5000,-1.9868,5.000,0.500,0.100,0.000,0.000,0.200,0.500,1.000,0.500,1.000
162.799,4,1.9356,0.5000,-2.9421,5.000,0.500,0.100,0.000,0.000,0.200,0.500,1.000,0.500,1.000
162.799,5,3.4267,0.5162,0.0431,5.000,0.500,0.100,0.000,0.000,0.200,0.500,1.000,0.500,1.000
162.999,0,-0.7597,1.2697,2.9931,5.000,0.500,0.100,0.000,0.000,0.200,0.500,1.000,0.500,1.000
162.999,1,1.3501,0.5000,1.7109,5.000,0.500,0.100,0.000,0.000,0.200,0.500,1.000,0.500,1.000
162.999,2,-2.3854,0.5000,0.8356,5.000,0.500,0.100,0.000,0.000,0.200,0.500,1.000,0.500,1.000
162.999,3,-1.9043,0.5000,-2.0479,5.000,0.500,0.100,0.000,0.000,0.200,0.500,1.000,0.500,1.000
162.999,4,2.0051,0.5000,-2.8855,5.000,0.500,0.100,0.000,0.000,0.200,0.500,1.000,0.500,1.000
162.999,5,3.4272,0.5000,0.1293,5.000,0.500,0.100,0.000,0.000,0.200,0.500,1.000,0.500,1.000
163.199,0,-0.8433,1.2152,2.9947,5.000,0.500,0.100,0.000,0.000,0.200,0.500,1.000,0.500,1.000
163.199,1,1.2667,0.5000,1.7043,5.000,0.500,0.100,0.000,0.000,0.200,0.500,1.000,0.500,1.000
163.199,2,-2.4128,0.5000,0.7528,5.000,0.500,0.100,0.000,0.000,0.200,0.500,1.000,0.500,1.000
163.199,3,-1.8289,0.5000,-2.1071,5.000,0.500,0.100,0.000,0.000,0.200,0.500,1.000,0.500,1.000
163.199,4,2.0752,0.5000,-2.8267,5.000,0.500,0.100,0.000,0.000,0.200,0.500,1.000,0.500,1.000
163.199,5,3.4243,0.5000,0.2163,5.000,0.500,0.100,0.000,0.000,0.200,0.500,1.000,0.500,1.000
163.399,0,-0.9286,1.1636,2.9991,5.000,0.500,0.100,0.000,0.000,0.200,0.500,1.000,0.500,1.000
163.399,1,1.1835,0.5000,1.6926,5.000,0.500,0.100,0.000,0.000,0.200,0.500,1.000,0.500,1.000
163.399,2,-2.4412,0.5000,0.6703,5.000,0.500,0.100,0.000,0.000,0.200,0.500,1.000,0.500,1.000
163.399,3,-1.7525,0.5000,-2.1652,5.000,0.500,0.100,0.000,0.000,0.200,0.500,1.000,0.500,1.000
163.399,4,2.1463,0.5000,-2.7685,5.000,0.500,0.100,0.000,0.000,0.200,0.500,1.000,0.500,1.000
163.399,5,3.4148,0.5000,0.3033,5.000,0.500,0.100,0.000,0.000,0.200,0.500,1.000,0.500,1.000
163.599,0,-1.0156,1.1147,3.0045,5.000,0.500,0.100,0.000,0.000,0.200,0.500,1.000,0.500,1.000
163.599,1,1.0999,0.5000,1.6723,5.000,0.500,0.100,0.000,0.000,0.200,0.500,1.000,0.500,1.000
163.599,2,-2.4638,0.5000,0.5862,5.000,0.500,0.100,0.000,0.000,0.200,0.500,1.000,0.500,1.000
163.599,3,-1.6760,0.5000,-2.2234,5.000,0.500,0.100,0.000,0.000,0.200,0.500,1.000,0.500,1.000
163.599,4,2.2147,0.5000,-2.7061,5.000,0.500,0.100,0.000,0.000,0.200,0.500,1.000,0.500,1.000
163.599,5,3.4033,0.5000,0.3918,5.000,0.500,0.100,0.000,0.000,0.200,0.500,1.000,0.500,1.000
163.799,0,-1.1033,1.0675,3.0087,5.000,0.500,0.100,0.000,0.000,0.200,0.500,1.000,0.500,1.000
163.799,1,1.0176,0.5000,1.6457,5.000,0.500,0.100,0.000,0.000,0.200,0.500,1.000,0.500,1.000
163.799,2,-2.4808,0.5000,0.4974,5.000,0.500,0.100,0.000,0.000,0.200,0.500,1.000,0.500,1.000
163.799,3,-1.5974,0.5000,-2.2792,5.000,0.500,0.100,0.000,0.000,0.200,0.500,1.000,0.500,1.000
163.799,4,2.2829,0.5000,-2.6440,5.000,0.500,0.100,0.000,0.000,0.200,0.500,1.000,0.500,1.000
163.799,5,3.3906,0.5000,0.4804,5.000,0.500,0.100,0.000,0.000,0.200,0.500,1.000,0.500,1.000
163.999,0,-1.1908,1.0210,3.0103,5.000,0.500,0.100,0.000,0.000,0.200,0.500,1.000,0.500,1.000
163.999,1,0.9343,0.5000,1.6188,5.000,0.500,0.100,0.000,0.000,0.200,0.500,1.000,0.500,1.000
163.999,2,-2.4961,0.5000,0.4074,5.000,0.500,0.100,0.000,0.000,0.200,0.500,1.000,0.500,1.000
163.999,3,-1.5180,0.5000,-2.3339,5.000,0.500,0.100,0.000,0.000,0.200,0.500,1.000,0.500,1.000
163.999,4,2.3518,0.5000,-2.5819,5.000,0.500,0.100,0.000,0.000,0.200,0.500,1.000,0.500,1.000
163.999,5,3.3759,0.5000,0.5678,5.000,0.500,0.100,0.000,0.000,0.200,0.500,1.000,0.500,1.000
164.199,0,-1.2787,0.9742,3.0102,5.000,0.500,0.100,0.000,0.000,0.200,0.500,1.000,0.500,1.000
164.199,1,0.8498,0.5000,1.5923,5.000,0.500,0.100,0.000,0.000,0.200,0.500,1.000,0.500,1.000
164.199,2,-2.5063,0.5000,0.3166,5.000,0.500,0.100,0.000,0.000,0.200,0.500,1.000,0.500,1.000
164.199,3,-1.4370,0.5000,-2.3866,5.000,0.500,0.100,0.000,0.000,0.200,0.500,1.000,0.500,1.000
164.199,4,2.4207,0.5000,-2.5191,5.000,0.500,0.100,0.000,0.000,0.200,0.500,1.000,0.500,1.000
164.199,5,3.3582,0.5000,0.6560,5.000,0.500,0.100,0.000,0.000,0.200,0.500,1.000,0.500,1.000
164.399,0,-1.3673,0.9286,3.0097,5.000,0.500,0.100,0.000,0.000,0.200,0.500,1.000,0.500,1.000
164.399,1,0.7642,0.5000,1.5661,5.000,0.500,0.100,0.000,0.000,0.200,0.500,1.000,0.500,1.000
164.399,2,-2.5107,0.5000,0.2248,5.000,0.500,0.100,0.000,0.000,0.200,0.500,1.000,0.500,1.000
164.399,3,-1.3551,0.5000,-2.4388,5.000,0.500,0.100,0.000,0.000,0.200,0.500,1.000,0.500,1.000
164.399,4,2.4868,0.5000,-2.4524,5.000,0.500,0.100,0.000,0.000,0.200,0.500,1.000,0.500,1.000
164.399,5,3.3375,0.5000,0.7451,5.000,0.500,0.100,0.000,0.000,0.200,0.500,1.000,0.500,1.000
164.599,0,-1.4561,0.8839,3.0040,5.000,0.500,0.100,0.000,0.000,0.200,0.500,1.000,0.500,1.000
164.599,1,0.6805,0.5000,1.5386,5.000,0.500,0.100,0.000,0.000,0.200,0.500,1.000,0.500,1.000
164.599,2,-2.5105,0.5000,0.1322,5.000,0.500,0.100,0.000,0.000,0.200,0.500,1.000,0.500,1.000
164.599,3,-1.2710,0.5000,-2.4866,5.000,0.500,0.100,0.000,0.000,0.200,0.500,1.000,0.500,1.000
164.599,4,2.5533,0.5000,-2.3857,5.000,0.500,0.100,0.000,0.000,0.200,0.500,1.000,0.500,1.000
164.599,5,3.3069,0.5000,0.8319,5.000,0.500,0.100,0.000,0.000,0.200,0.500,1.000,0.500,1.000
164.799,0,-1.5440,0.8390,2.9943,5.000,0.500,0.100,0.000,0.000,0.200,0.500,1.000,0.500,1.000
164.799,1,0.5972,0.5000,1.5068,5.000,0.500,0.100,0.000,0.000,0.200,0.500,1.000,0.500,1.000
164.799,2,-2.5093,0.5000,0.0392,5.000,0.500,0.100,0.000,0.000,0.200,0.500,1.000,0.500,1.000
164.799,3,-1.1846,0.5000,-2.5314,5.000,0.500,0.100,0.000,0.000,0.200,0.500,1.000,0.500,1.000
164.799,4,2.6194,0.5000,-2.3179,5.000,0.500,0.100,0.000,0.000,0.200,0.500,1.000,0.500,1.000
164.799,5,3.2745,0.5000,0.9192,5.000,0.500,0.100,0.000,0.000,0.200,0.500,1.000,0.500,1.000
164.999,0,-1.6286,0.7928,2.9826,5.000,0.500,0.100,0.000,0.000,0.200,0.500,1.000,0.500,1.000
164.999,1,0.5154,0.5000,1.4740,5.000,0.500,0.100,0.000,0.000,0.200,0.500,1.000,0.500,1.000
164.999,2,-2.5076,0.5000,-0.0540,5.000,0.500,0.100,0.000,0.000,0.200,0.500,1.000,0.500,1.000
164.999,3,-1.0981,0.5000,-2.5757,5.000,0.500,0.100,0.000,0.000,0.200,0.500,1.000,0.500,1.000
164.999,4,2.6856,0.5000,-2.2508,5.000,0.500,0.100,0.000,0.000,0.200,0.500,1.000,0.500,1.000
164.999,5,3.2412,0.5000,1.0067,5.000,0.500,0.100,0.000,0.000,0.200,0.500,1.000,0.500,1.000
165.199,0,-1.7125,0.7450,2.9661,5.000,0.500,0.100,0.000,0.000,0.200,0.500,1.000,0.500,1.000
165.199,1,0.4363,0.5000,1.4348,5.000,0.500,0.100,0.000,0.000,0.200,0.500,1.000,0.500,1.000
165.199,2,-2.5026,0.5000,-0.1479,5.000,0.500,0.100,0.000,0.000,0.200,0.500,1.000,0.500,1.000
165.199,3,-1.0107,0.5000,-2.6165,5.000,0.500,0.100,0.000,0.000,0.200,0.500,1.000,0.500,1.000
165.199,4,2.7470,0.5000,-2.1790,5.000,0.500,0.100,0.000,0.000,0.200,0.500,1.000,0.500,1.000
165.199,5,3.2084,0.5000,1.0946,5.000,0.500,0.100,0.000,0.000,0.200,0.500,1.000,0.500,1.000
165.399,0,-1.7980,0.6976,2.9471,5.000,0.500,0.100,0.000,0.000,0.200,0.500,1.000,0.500,1.000
165.399,1,0.3569,0.5000,1.3934,5.000,0.500,0.100,0.000,0.000,0.200,0.500,1.000,0.500,1.000
165.399,2,-2.4960,0.5000,-0.2421,5.000,0.500,0.100,0.000,0.000,0.200,0.500,1.000,0.500,1.000
165.399,3,-0.9252,0.5000,-2.6553,5.000,0.500,0.100,0.000,0.000,0.200,0.500,1.000,0.500,1.000
165.399,4,2.8035,0.5000,-2.1053,5.000,0.500,0.100,0.000,0.000,0.200,0.500,1.000,0.500,1.000
165.399,5,3.1724,0.5000,1.1815,5.000,0.500,0.100,0.000,0.000,0.200,0.500,1.000,0.500,1.000
165.599,0,-1.8814,0.6504,2.9225,5.000,0.500,0.100,0.000,0.000,0.200,0.500,1.000,0.500,1.000
165.599,1,0.2785,0.5000,1.3504,5.000,0.500,0.100,0.000,0.000,0.200,0.500,1.000,0.500,1.000
165.599,2,-2.4836,0.5000,-0.3352,5.000,0.500,0.100,0.000,0.000,0.200,0.500,1.000,0.500,1.000
165.599,3,-0.8362,0.5000,-2.6917,5.000,0.500,0.100,0.000,0.000,0.200,0.500,1.000,0.500,1.000
165.599,4,2.8570,0.5000,-2.0280,5.000,0.500,0.100,0.000,0.000,0.200,0.500,1.000,0.500,1.000
165.599,5,3.1366,0.5000,1.2660,5.000,0.500,0.100,0.000,0.000,0.200,0.500,1.000,0.500,1.000
165.799,0,-1.9629,0.6028,2.8976,5.000,0.500,0.100,0.000,0.000,0.200,0.500,1.000,0.500,1.000
165.799,1,0.2002,0.5000,1.3055,5.000,0.500,0.100,0.000,0.000,0.200,0.500,1.000,0.500,1.000
165.799,2,-2.4634,0.5000,-0.4262,5.000,0.500,0.100,0.000,0.000,0.200,0.500,1.000,0.500,1.000
165.799,3,-0.7455,0.5000,-2.7245,5.000,0.500,0.100,0.000,0.000,0.200,0.500,1.000,0.500,1.000
165.799,4,2.9142,0.5000,-1.9529,5.000,0.500,0.100,0.000,0.000,0.200,0.500,1.000,0.500,1.000
165.799,5,3.0967,0.5000,1.3487,5.000,0.500,0.100,0.000,0.000,0.200,0.500,1.000,0.500,1.000
165.999,0,-2.0449,0.5551,2.8666,5.000,0.500,0.100,0.000,0.000,0.200,0.500,1.000,0.500,1.000
165.999,1,0.1244,0.5000,1.2586,5.000,0.500,0.100,0.000,0.000,0.200,0.500,1.000,0.500,1.000
165.999,2,-2.4327,0.5000,-0.5152,5.000,0.500,0.100,0.000,0.000,0.200,0.500,1.000,0.500,1.000
165.999,3,-0.6531,0.5000,-2.7506,5.000,0.500,0.100,0.000,0.000,0.200,0.500,1.000,0.500,1.000
165.999,4,2.9675,0.5000,-1.8747,5.000,0.500,0.100,0.000,0.000,0.200,0.500,1.000,0.500,1.000
165.999,5,3.0522,0.5000,1.4313,5.000,0.500,0.100,0.000,0.000,0.200,0.500,1.000,0.500,1.000
166.199,0,-2.1259,0.5106,2.8310,5.000,0.500,0.100,0.000,0.000,0.200,0.500,1.000,0.500,1.000
166.199,1,0.0531,0.5000,1.2097,5.000,0.500,0.100,0.000,0.000,0.200,0.500,1.000,0.500,1.000
166.199,2,-2.3952,0.5000,-0.6015,5.000,0.500,0.100,0.000,0.000,0.200,0.500,1.000,0.500,1.000
166.199,3,-0.5606,0.5000,-2.7694,5.000,0.500,0.100,0.000,0.000,0.200,0.500,1.000,0.500,1.000
166.199,4,3.0159,0.5000,-1.7944,5.000,0.500,0.100,0.000,0.000,0.200,0.500,1.000,0.500,1.000
166.199,5,3.0052,0.5000,1.5124,5.000,0.500,0.100,0.000,0.000,0.200,0.500,1.000,0.500,1.000
166.399,0,-2.2072,0.5000,2.7911,5.000,0.500,0.100,0.000,0.000,0.200,0.500,1.000,0.500,1.000
166.399,1,-0.0149,0.5000,1.1561,5.000,0.500,0.100,0.000,0.000,0.200,0.500,1.000,0.500,1.000
166.399,2,-2.3533,0.5000,-0.6869,5.000,0.500,0.100,0.000,0.000,0.200,0.500,1.000,0.500,1.000
166.399,3,-0.4682,0.5000,-2.7897,5.000,0.500,0.100,0.000,0.000,0.200,0.500,1.000,0.500,1.000
166.399,4,3.0634,0.5000,-1.7136,5.000,0.500,0.100,0.000,0.000,0.200,0.500,1.000,0.500,1.000
166.399,5,2.9564,0.5000,1.5938,5.000,0.500,0.100,0.000,0.000,0.200,0.500,1.000,0.500,1.000
166.599,0,-2.2874,0.5000,2.7494,5.000,0.500,0.100,0.000,0.000,0.200,0.500,1.000,0.500,1.000
166.599,1,-0.0812,0.5000,1.1037,5.000,0.500,0.100,0.000,0.000,0.200,0.500,1.000,0.500,1.000
166.599,2,-2.3105,0.5000,-0.7710,5.000,0.500,0.100,0.000,0.000,0.200,0.500,1.000,0.500,1.000
166.599,3,-0.3794,0.5000,-2.8055,5.000,0.500,0.100,0.000,0.000,0.200,0.500,1.000,0.500,1.000
166.599,4,3.1052,0.5000,-1.6291,5.000,0.500,0.100,0.000,0.000,0.200,0.500,1.000,0.500,1.000
166.599,5,2.9066,0.5000,1.6736,5.000,0.500,0.100,0.000,0.000,0.200,0.500,1.000,0.500,1.000
166.799,0,-2.3630,0.5000,2.7035,5.000,0.500,0.100,0.000,0.000,0.200,0.500,1.000,0.500,1.000
166.799,1,-0.1497,0.5000,1.0499,5.000,0.500,0.100,0.000,0.000,0.200,0.500,1.000,0.500,1.000
166.799,2,-2.2631,0.5000,-0.8529,5.000,0.500,0.100,0.000,0.000,0.200,0.500,1.000,0.500,1.000
166.799,3,-0.2886,0.5000,-2.8132,5.000,0.500,0.100,0.000,0.000,0.200,0.500,1.000,0.500,1.000
166.799,4,3.1447,0.5000,-1.5428,5.000,0.500,0.100,0.000,0.000,0.200,0.500,1.000,0.500,1.000
166.799,5,2.8564,0.5000,1.7532,5.000,0.500,0.100,0.000,0.000,0.200,0.500,1.000,0.500,1.000
166.999,0,-2.4356,0.5000,2.6535,5.000,0.500,0.100,0.000,0.000,0.200,0.500,1.000,0.500,1.000
166.999,1,-0.2153,0.5000,0.9925,5.000,0.500,0.100,0.000,0.000,0.200,0.500,1.000,0.500,1.000
166.999,2,-2.2138,0.5000,-0.9338,5.000,0.500,0.100,0.000,0.000,0.200,0.500,1.000,0.500,1.000
166.999,3,-0.1966,0.5000,-2.8173,5.000,0.500,0.100,0.000,0.000,0.200,0.500,1.000,0.500,1.000
166.999,4,3.1790,0.5000,-1.4547,5.000,0.500,0.100,0.000,0.000,0.200,0.500,1.000,0.500,1.000
166.999,5,2.8008,0.5000,1.8311,5.000,0.500,0.100,0.000,0.000,0.200,0.500,1.000,0.500,1.000
167.199,0,-2.5100,0.5000,2.6018,5.000,0.500,0.100,0.000,0.000,0.200,0.500,1.000,0.500,1.000
167.199,1,-0.2780,0.5000,0.9315,5.000,0.500,0.100,0.000,0.000,0.200,0.500,1.000,0.500,1.000
167.199,2,-2.1663,0.5000,-1.0164,5.000,0.500,0.100,0.000,0.000,0.200,0.500,1.000,0.500,1.000
167.199,3,-0.1052,0.5000,-2.8218,5.000,0.500,0.100,0.000,0.000,0.200,0.500,1.000,0.500,1.000
167.199,4,3.2061,0.5000,-1.3653,5.000,0.500,0.100,0.000,0.000,0.200,0.500,1.000,0.500,1.000
167.199,5,2.7415,0.5000,1.9059,5.000,0.500,0.100,0.000,0.000,0.200,0.500,1.000,0.500,1.000
167.399,0,-2.5837,0.5000,2.5511,5.000,0.500,0.100,0.000,0.000,0.200,0.500,1.000,0.500,1.000
167.399,1,-0.3386,0.5000,0.8658,5.000,0.500,0.100,0.000,0.000,0.200,0.500,1.000,0.500,1.000
167.399,2,-2.1162,0.5000,-1.0973,5.000,0.500,0.100,0.000,0.000,0.200,0.500,1.000,0.500,1.000
167.399,3,-0.0110,0.5000,-2.8218,5.000,0.500,0.100,0.000,0.000,0.200,0.500,1.000,0.500,1.000
167.399,4,3.2304,0.5000,-1.2801,5.000,0.500,0.100,0.000,0.000,0.200,0.500,1.000,0.500,1.000
167.399,5,2.6776,0.5000,1.9778,5.000,0.500,0.100,0.000,0.000,0.200,0.500,1.000,0.500,1.000
167.599,0,-2.6587,0.5000,2.4996,5.000,0.500,0.100,0.000,0.000,0.200,0.500,1.000,0.500,1.000
167.599,1,-0.3970,0.5000,0.7991,5.000,0.500,0.100,0.000,0.000,0.200,0.500,1.000,0.500,1.000
167.599,2,-2.0616,0.5000,-1.1722,5.000,0.500,0.100,0.000,0.000,0.200,0.500,1.000,0.500,1.000
167.599,3,0.0836,0.5000,-2.8177,5.000,0.500,0.100,0.000,0.000,0.200,0.500,1.000,0.500,1.000
167.599,4,3.2480,0.5000,-1.1943,5.000,0.500,0.100,0.000,0.000,0.200,0.500,1.000,0.500,1.000
167.599,5,2.6104,0.5000,2.0473,5.000,0.500,0.100,0.000,0.000,0.200,0.500,1.000,0.500,1.000
167.799,0,-2.7353,0.5000,2.4489,5.000,0.500,0.100,0.000,0.000,0.200,0.500,1.000,0.500,1.000
167.799,1,-0.4495,0.5000,0.7326,5.000,0.500,0.100,0.000,0.000,0.200,0.500,1.000,0.500,1.000
167.799,2,-2.0040,0.5000,-1.2487,5.000,0.500,0.100,0.000,0.000,0.200,0.500,1.000,0.500,1.000
167.799,3,0.1767,0.5000,-2.8111,5.000,0.500,0.100,0.000,0.000,0.200,0.500,1.000,0.500,1.000
167.799,4,3.2612,0.5000,-1.1047,5.000,0.500,0.100,0.000,0.000,0.200,0.500,1.000,0.500,1.000
167.799,5,2.5385,0.5000,2.1124,5.000,0.500,0.100,0.000,0.000,0.200,0.500,1.000,0.500,1.000
167.999,0,-2.8110,0.5000,2.3963,5.000,0.500,0.100,0.000,0.000,0.200,0.500,1.000,0.500,1.000
167.999,1,-0.4991,0.5000,0.6663,5.000,0.500,0.100,0.000,0.000,0.200,0.500,1.000,0.500,1.000
167.999,2,-1.9439,0.5000,-1.3238,5.000,0.500,0.100,0.000,0.000,0.200,0.500,1.000,0.500,1.000
167.999,3,0.2703,0.5000,-2.8014,5.000,0.500,0.100,0.000,0.000,0.200,0.500,1.000,0.500,1.000
167.999,4,3.2695,0.5000,-1.0138,5.000,0.500,0.100,0.000,0.000,0.200,0.500,1.000,0.500,1.000
167.999,5,2.4616,0.5000,2.1708,5.000,0.500,0.100,0.000,0.000,0.200,0.500,1.000,0.500,1.000
168.199,0,-2.8853,0.5000,2.3411,5.000,0.500,0.100,0.000,0.000,0.200,0.500,1.000,0.500,1.000
168.199,1,-0.5444,0.5000,0.5960,5.000,0.500,0.100,0.000,0.000,0.200,0.500,1.000,0.500,1.000
168.199,2,-1.8786,0.5000,-1.3943,5.000,0.500,0.100,0.000,0.000,0.200,0.500,1.000,0.500,1.000
168.199,3,0.3633,0.5000,-2.7854,5.000,0.500,0.100,0.000,0.000,0.200,0.500,1.000,0.500,1.000
168.199,4,3.2723,0.5000,-0.9194,5.000,0.500,0.100,0.000,0.000,0.200,0.500,1.000,0.500,1.000
168.199,5,2.3834,0.5000,2.2283,5.000,0.500,0.100,0.000,0.000,0.200,0.500,1.000,0.500,1.000
168.399,0,-2.9576,0.5000,2.2829,5.000,0.500,0.100,0.000,0.000,0.200,0.500,1.000,0.500,1.000
168.399,1,-0.5881,0.5000,0.5249,5.000,0.500,0.100,0.000,0.000,0.200,0.500,1.000,0.500,1.000
168.399,2,-1.8107,0.5000,-1.4625,5.000,0.500,0.100,0.000,0.000,0.200,0.500,1.000,0.500,1.000
168.399,3,0.4553,0.5000,-2.7623,5.000,0.500,0.100,0.000,0.000,0.200,0.500,1.000,0.500,1.000
168.399,4,3.2700,0.5000,-0.8273,5.000,0.500,0.100,0.000,0.000,0.200,0.500,1.000,0.500,1.000
168.399,5,2.3040,0.5000,2.2821,5.000,0.500,0.100,0.000,0.000,0.200,0.500,1.000,0.500,1.000
168.599,0,-3.0285,0.5000,2.2242,5.000,0.500,0.100,0.000,0.000,0.200,0.500,1.000,0.500,1.000
168.599,1,-0.6319,0.5000,0.4508,5.000,0.500,0.100,0.000,0.000,0.200,0.500,1.000,0.500,1.000
168.599,2,-1.7385,0.5000,-1.5267,5.000,0.500,0.100,0.000,0.000,0.200,0.500,1.000,0.500,1.000
168.599,3,0.5455,0.5000,-2.7355,5.000,0.500,0.100,0.000,0.000,0.200,0.500,1.000,0.500,1.000
168.599,4,3.2689,0.5000,-0.7362,5.000,0.500,0.100,0.000,0.000,0.200,0.500,1.000,0.500,1.000
168.599,5,2.2231,0.5000,2.3358,5.000,0.500,0.100,0.000,0.000,0.200,0.500,1.000,0.500,1.000
168.799,0,-3.0950,0.5000,2.1588,5.000,0.500,0.100,0.000,0.000,0.200,0.500,1.000,0.500,1.000
168.799,1,-0.6689,0.5000,0.3728,5.000,0.500,0.100,0.000,0.000,0.200,0.500,1.000,0.500,1.000
168.799,2,-1.6622,0.5000,-1.5863,5.000,0.500,0.100,0.000,0.000,0.200,0.500,1.000,0.500,1.000
168.799,3,0.6355,0.5000,-2.7065,5.000,0.500,0.100,0.000,0.000,0.200,0.500,1.000,0.500,1.000
168.799,4,3.2607,0.5000,-0.6418,5.000,0.500,0.100,0.000,0.000,0.200,0.500,1.000,0.500,1.000
168.799,5,2.1415,0.5000,2.3881,5.000,0.500,0.100,0.000,0.000,0.200,0.500,1.000,0.500,1.000
168.999,0,-3.1570,0.5000,2.0891,5.000,0.500,0.100,0.000,0.000,0.200,0.500,1.000,0.500,1.000
168.999,1,-0.6987,0.5000,0.2928,5.000,0.500,0.100,0.000,0.000,0.200,0.500,1.000,0.500,1.000
168.999,2,-1.5840,0.5000,-1.6436,5.000,0.500,0.100,0.000,0.000,0.200,0.500,1.000,0.500,1.000
168.999,3,0.7236,0.5000,-2.6720,5.000,0.500,0.100,0.000,0.000,0.200,0.500,1.000,0.500,1.000
168.999,4,3.2499,0.5000,-0.5468,5.000,0.500,0.100,0.000,0.000,0.200,0.500,1.000,0.500,1.000
168.999,5,2.0598,0.5000,2.4401,5.000,0.500,0.100,0.000,0.000,0.200,0.500,1.000,0.500,1.000
169.199,0,-3.2157,0.5000,2.0169,5.000,0.500,0.100,0.000,0.000,0.200,0.500,1.000,0.500,1.000
169.199,1,-0.7244,0.5000,0.2111,5.000,0.500,0.100,0.000,0.000,0.200,0.500,1.000,0.500,1.000
169.199,2,-1.5017,0.5000,-1.6941,5.000,0.500,0.100,0.000,0.000,0.200,0.500,1.000,0.500,1.000
169.199,3,0.8123,0.5000,-2.6359,5.000,0.500,0.100,0.000,0.000,0.200,0.500,1.000,0.500,1.000
169.199,4,3.2352,0.5000,-0.4542,5.000,0.500,0.100,0.000,0.000,0.200,0.500,1.000,0.500,1.000
169.199,5,1.9753,0.5000,2.4881,5.000,0.500,0.100,0.000,0.000,0.200,0.500,1.000,0.500,1.000
169.399,0,-3.2737,0.5000,1.9457,5.000,0.500,0.100,0.000,0.000,0.200,0.500,1.000,0.500,1.000
169.399,1,-0.7386,0.5000,0.1277,5.000,0.500,0.100,0.000,0.000,0.200,0.500,1.000,0.500,1.000
169.399,2,-1.4166,0.5000,-1.7398,5.000,0.500,0.100,0.000,0.000,0.200,0.500,1.000,0.500,1.000
169.399,3,0.8955,0.5000,-2.5934,5.000,0.500,0.100,0.000,0.000,0.200,0.500,1.000,0.500,1.000
169.399,4,3.2163,0.5000,-0.3612,5.000,0.500,0.100,0.000,0.000,0.200,0.500,1.000,0.500,1.000
169.399,5,1.8876,0.5000,2.5286,5.000,0.500,0.100,0.000,0.000,0.200,0.500,1.000,0.500,1.000
169.599,0,-3.3276,0.5000,1.8694,5.000,0.500,0.100,0.000,0.000,0.200,0.500,1.000,0.500,1.000
169.599,1,-0.7480,0.5000,0.0434,5.000,0.500,0.100,0.000,0.000,0.200,0.500,1.000,0.500,1.000
169.599,2,-1.3323,0.5000,-1.7840,5.000,0.500,0.100,0.000,0.000,0.200,0.500,1.000,0.500,1.000
169.599,3,0.9753,0.5000,-2.5424,5.000,0.500,0.100,0.000,0.000,0.200,0.500,1.000,0.500,1.000
169.599,4,3.1967,0.5000,-0.2679,5.000,0.500,0.100,0.000,0.000,0.200,0.500,1.000,0.500,1.000
169.599,5,1.7970,0.5000,2.5649,5.000,0.500,0.100,0.000,0.000,0.200,0.500,1.000,0.500,1.000
169.799,0,-3.3739,0.5000,1.7905,5.000,0.500,0.100,0.000,0.000,0.200,0.500,1.000,0.500,1.000
169.799,1,-0.7538,0.5000,-0.0403,5.000,0.500,0.100,0.000,0.000,0.200,0.500,1.000,0.500,1.000
169.799,2,-1.2472,0.5000,-1.8296,5.000,0.500,0.100,0.000,0.000,0.200,0.500,1.000,0.500,1.000
169.799,3,1.0514,0.5000,-2.4850,5.000,0.500,0.100,0.000,0.000,0.200,0.500,1.000,0.500,1.000
169.799,4,3.1714,0.5000,-0.1751,5.000,0.500,0.100,0.000,0.000,0.200,0.500,1.000,0.500,1.000
169.799,5,1.7063,0.5000,2.6023,5.000,0.500,0.100,0.000,0.000,0.200,0.500,1.000,0.500,1.000
169.999,0,-3.4192,0.5000,1.7129,5.000,0.500,0.100,0.000,0.000,0.200,0.500,1.000,0.500,1.000
169.999,1,-0.7582,0.5000,-0.1238,5.000,0.500,0.100,0.000,0.000,0.200,0.500,1.000,0.500,1.000
169.999,2,-1.1608,0.5000,-1.8720,5.000,0.500,0.100,0.000,0.000,0.200,0.500,1.000,0.500,1.000
169.999,3,1.1268,0.5000,-2.4257,5.000,0.500,0.100,0.000,0.000,0.200,0.500,1.000,0.500,1.000
169.999,4,3.1414,0.5000,-0.0839,5.000,0.500,0.100,0.000,0.000,0.200,0.500,1.000,0.500,1.000
169.999,5,1.6137,0.5000,2.6333,5.000,0.500,0.100,0.000,0.000,0.200,0.500,1.000,0.500,1.000
170.199,0,-3.4623,0.5000,1.6323,5.000,0.500,0.100,0.000,0.000,0.200,0.500,1.000,0.500,1.000
170.199,1,-0.7583,0.5000,-0.2073,5.000,0.500,0.100,0.000,0.000,0.200,0.500,1.000,0.500,1.000
170.199,2,-1.0737,0.5000,-1.9117,5.000,0.500,0.100,0.000,0.000,0.200,0.500,1.000,0.500,1.000
170.199,3,1.1980,0.5000,-2.3627,5.000,0.500,0.100,0.000,0.000,0.200,0.500,1.000,0.500,1.000
170.199,4,3.1108,0.5000,0.0070,5.000,0.500,0.100,0.000,0.000,0.200,0.500,1.000,0.500,1.000
170.199,5,1.5202,0.5000,2.6617,5.000,0.500,0.100,0.000,0.000,0.200,0.500,1.000,0.500,1.000
170.399,0,-3.5016,0.5000,1.5473,5.000,0.500,0.100,0.000,0.000,0.200,0.500,1.000,0.500,1.000
170.399,1,-0.7527,0.5000,-0.2923,5.000,0.500,0.100,0.000,0.000,0.200,0.500,1.000,0.500,1.000
170.399,2,-0.9849,0.5000,-1.9420,5.000,0.500,0.100,0.000,0.000,0.200,0.500,1.000,0.500,1.000
170.399,3,1.2626,0.5000,-2.2926,5.000,0.500,0.100,0.000,0.000,0.200,0.500,1.000,0.500,1.000
170.399,4,3.0779,0.5000,0.0979,5.000,0.500,0.100,0.000,0.000,0.200,0.500,1.000,0.500,1.000
170.399,5,1.4257,0.5000,2.6862,5.000,0.500,0.100,0.000,0.000,0.200,0.500,1.000,0.500,1.000
170.599,0,-3.5392,0.5000,1.4607,5.000,0.500,0.100,0.000,0.000,0.200,0.500,1.000,0.500,1.000
170.599,1,-0.7442,0.5000,-0.3774,5.000,0.500,0.100,0.000,0.000,0.200,0.500,1.000,0.500,1.000
170.599,2,-0.8945,0.5000,-1.9665,5.000,0.500,0.100,0.000,0.000,0.200,0.500,1.000,0.500,1.000
170.599,3,1.3233,0.5000,-2.2191,5.000,0.500,0.100,0.000,0.000,0.200,0.500,1.000,0.500,1.000
170.599,4,3.0423,0.5000,0.1874,5.000,0.500,0.100,0.000,0.000,0.200,0.500,1.000,0.500,1.000
170.599,5,1.3306,0.5000,2.7065,5.000,0.500,0.100,0.000,0.000,0.200,0.500,1.000,0.500,1.000
170.799,0,-3.5713,0.5000,1.3729,5.000,0.500,0.100,0.000,0.000,0.200,0.500,1.000,0.500,1.000
170.799,1,-0.7346,0.5000,-0.4579,5.000,0.500,0.100,0.000,0.000,0.200,0.500,1.000,0.500,1.000
170.799,2,-0.8011,0.5000,-1.9896,5.000,0.500,0.100,0.000,0.000,0.200,0.500,1.000,0.500,1.000
170.799,3,1.3810,0.5000,-2.1433,5.000,0.500,0.100,0.000,0.000,0.200,0.500,1.000,0.500,1.000
170.799,4,3.0034,0.5000,0.2753,5.000,0.500,0.100,0.000,0.000,0.200,0.500,1.000,0.500,1.000
170.799,5,1.2359,0.5000,2.7225,5.000,0.500,0.100,0.000,0.000,0.200,0.500,1.000,0.500,1.000
170.999,0,-3.6044,0.5000,1.2855,5.000,0.500,0.100,0.000,0.000,0.200,0.500,1.000,0.500,1.000
170.999,1,-0.7178,0.5000,-0.5369,5.000,0.500,0.100,0.000,0.000,0.200,0.500,1.000,0.500,1.000
170.999,2,-0.7096,0.5000,-2.0062,5.000,0.500,0.100,0.000,0.000,0.200,0.500,1.000,0.500,1.000
170.999,3,1.4345,0.5000,-2.0660,5.000,0.500,0.100,0.000,0.000,0.200,0.500,1.000,0.500,1.000
170.999,4,2.9606,0.5000,0.3624,5.000,0.500,0.100,0.000,0.000,0.200,0.500,1.000,0.500,1.000
170.999,5,1.1406,0.5000,2.7357,5.000,0.500,0.100,0.000,0.000,0.200,0.500,1.000,0.500,1.000
171.199,0,-3.6342,0.5000,1.1977,5.000,0.500,0.100,0.000,0.000,0.200,0.500,1.000,0.500,1.000
171.199,1,-0.6978,0.5000,-0.6167,5.000,0.500,0.100,0.000,0.000,0.200,0.500,1.000,0.500,1.000
171.199,2,-0.6184,0.5000,-2.0162,5.000,0.500,0.100,0.000,0.000,0.200,0.500,1.000,0.500,1.000
171.199,3,1.4851,0.5000,-1.9872,5.000,0.500,0.100,0.000,0.000,0.200,0.500,1.000,0.500,1.000
171.199,4,2.9173,0.5000,0.4493,5.000,0.500,0.100,0.000,0.000,0.200,0.500,1.000,0.500,1.000
171.199,5,1.0433,0.5000,2.7464,5.000,0.500,0.100,0.000,0.000,0.200,0.500,1.000,0.500,1.000
171.399,0,-3.6614,0.5000,1.1068,5.000,0.500,0.100,0.000,0.000,0.200,0.500,1.000,0.500,1.000
171.399,1,-0.6719,0.5000,-0.6978,5.000,0.500,0.100,0.000,0.000,0.200,0.500,1.000,0.500,1.000
171.399,2,-0.5229,0.5000,-2.0239,5.000,0.500,0.100,0.000,0.000,0.200,0.500,1.000,0.500,1.000
171.399,3,1.5359,0.5000,-1.9098,5.000,0.500,0.100,0.000,0.000,0.200,0.500,1.000,0.500,1.000
171.399,4,2.8697,0.5000,0.5340,5.000,0.500,0.100,0.000,0.000,0.200,0.500,1.000,0.500,1.000
171.399,5,0.9461,0.5000,2.7573,5.000,0.500,0.100,0.000,0.000,0.200,0.500,1.000,0.500,1.000
171.599,0,-3.6826,0.5000,1.0139,5.000,0.500,0.100,0.000,0.000,0.200,0.500,1.000,0.500,1.000
171.599,1,-0.6398,0.5000,-0.7766,5.000,0.500,0.100,0.000,0.000,0.200,0.500,1.000,0.500,1.000
171.599,2,-0.4268,0.5000,-2.0272,5.000,0.500,0.100,0.000,0.000,0.200,0.500,1.000,0.500,1.000
171.599,3,1.5805,0.5000,-1.8291,5.000,0.500,0.100,0.000,0.000,0.200,0.500,1.000,0.500,1.000
171.599,4,2.8160,0.5000,0.6153,5.000,0.500,0.100,0.000,0.000,0.200,0.500,1.000,0.500,1.000
171.599,5,0.8486,0.5000,2.7648,5.000,0.500,0.100,0.000,0.000,0.200,0.500,1.000,0.500,1.000
171.799,0,-3.7010,0.5000,0.9215,5.000,0.500,0.100,0.000,0.000,0.200,0.500,1.000,0.500,1.000
171.799,1,-0.6039,0.5000,-0.8548,5.000,0.500,0.100,0.000,0.000,0.200,0.500,1.000,0.500,1.000
171.799,2,-0.3315,0.5000,-2.0268,5.000,0.500,0.100,0.000,0.000,0.200,0.500,1.000,0.500,1.000
171.799,3,1.6204,0.5000,-1.7447,5.000,0.500,0.100,0.000,0.000,0.200,0.500,1.000,0.500,1.000
171.799,4,2.7581,0.5000,0.6928,5.000,0.500,0.100,0.000,0.000,0.200,0.500,1.000,0.500,1.000
171.799,5,0.7508,0.5000,2.7654,5.000,0.500,0.100,0.000,0.000,0.200,0.500,1.000,0.500,1.000
171.999,0,-3.7181,0.5000,0.8291,5.000,0.500,0.100,0.000,0.000,0.200,0.500,1.000,0.500,1.000
171.999,1,-0.5646,0.5000,-0.9313,5.000,0.500,0.100,0.000,0.000,0.200,0.500,1.000,0.500,1.000
171.999,2,-0.2364,0.5000,-2.0263,5.000,0.500,0.100,0.000,0.000,0.200,0.500,1.000,0.500,1.000
171.999,3,1.6591,0.5000,-1.6583,5.000,0.500,0.100,0.000,0.000,0.200,0.500,1.000,0.500,1.000
171.999,4,2.6979,0.5000,0.7688,5.000,0.500,0.100,0.000,0.000,0.200,0.500,1.000,0.500,1.000
171.999,5,0.6537,0.5000,2.7576,5.000,0.500,0.100,0.000,0.000,0.200,0.500,1.000,0.500,1.000
172.199,0,-3.7339,0.5000,0.7363,5.000,0.500,0.100,0.000,0.000,0.200,0.500,1.000,0.500,1.000
172.199,1,-0.5279,0.5000,-1.0084,5.000,0.500,0.100,0.000,0.000,0.200,0.500,1.000,0.500,1.000
172.199,2,-0.1442,0.5000,-2.0240,5.000,0.500,0.100,0.000,0.000,0.200,0.500,1.000,0.500,1.000
172.199,3,1.6920,0.5000,-1.5684,5.000,0.500,0.100,0.000,0.000,0.200,0.500,1.000,0.500,1.000
172.199,4,2.6349,0.5000,0.8430,5.000,0.500,0.100,0.000,0.000,0.200,0.500,1.000,0.500,1.000
172.199,5,0.5582,0.5000,2.7410,5.000,0.500,0.100,0.000,0.000,0.200,0.500,1.000,0.500,1.000
172.399,0,-3.7505,0.5000,0.6479,5.000,0.500,0.100,0.000,0.000,0.200,0.500,1.000,0.500,1.000
172.399,1,-0.4918,0.5000,-1.0848,5.000,0.500,0.100,0.000,0.000,0.200,0.500,1.000,0.500,1.000
172.399,2,-0.0539,0.5000,-2.0178,5.000,0.500,0.100,0.000,0.000,0.200,0.500,1.000,0.500,1.000
172.399,3,1.7239,0.5000,-1.4777,5.000,0.500,0.100,0.000,0.000,0.200,0.500,1.000,0.500,1.000
172.399,4,2.5697,0.5000,0.9133,5.000,0.500,0.100,0.000,0.000,0.200,0.500,1.000,0.500,1.000
172.399,5,0.4636,0.5000,2.7208,5.000,0.500,0.100,0.000,0.000,0.200,0.500,1.000,0.500,1.000
172.599,0,-3.7654,0.5000,0.5601,5.000,0.500,0.100,0.000,0.000,0.200,0.500,1.000,0.500,1.000
172.599,1,-0.4515,0.5000,-1.1596,5.000,0.500,0.100,0.000,0.000,0.200,0.500,1.000,0.500,1.000
172.599,2,0.0374,0.5000,-2.0092,5.000,0.500,0.100,0.000,0.000,0.200,0.500,1.000,0.500,1.000
172.599,3,1.7530,0.5000,-1.3865,5.000,0.500,0.100,0.000,0.000,0.200,0.500,1.000,0.500,1.000
172.599,4,2.5062,0.5000,0.9809,5.000,0.500,0.100,0.000,0.000,0.200,0.500,1.000,0.500,1.000
172.599,5,0.3702,0.5000,2.6988,5.000,0.500,0.100,0.000,0.000,0.200,0.500,1.000,0.500,1.000
172.799,0,-3.7767,0.5000,0.4700,5.000,0.500,0.100,0.000,0.000,0.200,0.500,1.000,0.500,1.000
172.799,1,-0.4119,0.5000,-1.2333,5.000,0.500,0.100,0.000,0.000,0.200,0.500,1.000,0.500,1.000
172.799,2,0.1269,0.5000,-1.9962,5.000,0.500,0.100,0.000,0.000,0.200,0.500,1.000,0.500,1.000
172.799,3,1.7765,0.5000,-1.2951,5.000,0.500,0.100,0.000,0.000,0.200,0.500,1.000,0.500,1.000
172.799,4,2.4384,0.5000,1.0480,5.000,0.500,0.100,0.000,0.000,0.200,0.500,1.000,0.500,1.000
172.799,5,0.2764,0.5000,2.6735,5.000,0.500,0.100,0.000,0.000,0.200,0.500,1.000,0.500,1.000
172.999,0,-3.7830,0.5000,0.3784,5.000,0.500,0.100,0.000,0.000,0.200,0.500,1.000,0.500,1.000
172.999,1,-0.3717,0.5000,-1.3011,5.000,0.500,0.100,0.000,0.000,0.200,0.500,1.000,0.500,1.000
172.999,2,0.2140,0.5000,-1.9828,5.000,0.500,0.100,0.000,0.000,0.200,0.500,1.000,0.500,1.000
172.999,3,1.7958,0.5000,-1.2033,5.000,0.500,0.100,0.000,0.000,0.200,0.500,1.000,0.500,1.000
172.999,4,2.3677,0.5000,1.1150,5.000,0.500,0.100,0.000,0.000,0.200,0.500,1.000,0.500,1.000
172.999,5,0.1830,0.5000,2.6466,5.000,0.500,0.100,0.000,0.000,0.200,0.500,1.000,0.500,1.000
173.199,0,-3.7883,0.5000,0.2858,5.000,0.500,0.100,0.000,0.000,0.200,0.500,1.000,0.500,1.000
173.199,1,-0.3280,0.5000,-1.3655,5.000,0.500,0.100,0.000,0.000,0.200,0.500,1.000,0.500,1.000
173.199,2,0.3027,0.5000,-1.9697,5.000,0.500,0.100,0.000,0.000,0.200,0.500,1.000,0.500,1.000
173.199,3,1.8143,0.5000,-1.1141,5.000,0.500,0.100,0.000,0.000,0.200,0.500,1.000,0.500,1.000
173.199,4,2.2947,0.5000,1.1766,5.000,0.500,0.100,0.000,0.000,0.200,0.500,1.000,0.500,1.000
173.199,5,0.0919,0.5000,2.6125,5.000,0.500,0.100,0.000,0.000,0.200,0.500,1.000,0.500,1.000
173.398,0,-3.7910,0.5000,0.1932,5.000,0.500,0.100,0.000,0.000,0.200,0.500,1.000,0.500,1.000
173.398,1,-0.2844,0.5000,-1.4237,5.000,0.500,0.100,0.000,0.000,0.200,0.500,1.000,0.500,1.000
173.398,2,0.3958,0.5000,-1.9534,5.000,0.500,0.100,0.000,0.000,0.200,0.500,1.000,0.500,1.000
173.398,3,1.8340,0.5000,-1.0271,5.000,0.500,0.100,0.000,0.000,0.200,0.500,1.000,0.500,1.000
173.398,4,2.2184,0.5000,1.2348,5.000,0.500,0.100,0.000,0.000,0.200,0.500,1.000,0.500,1.000
173.398,5,0.0024,0.5000,2.5754,5.000,0.500,0.100,0.000,0.000,0.200,0.500,1.000,0.500,1.000
173.598,0,-3.7919,0.5000,0.1021,5.000,0.500,0.100,0.000,0.000,0.200,0.500,1.000,0.500,1.000
173.598,1,-0.2354,0.5000,-1.4729,5.000,0.500,0.100,0.000,0.000,0.200,0.500,1.000,0.500,1.000
173.598,2,0.4887,0.5000,-1.9346,5.000,0.500,0.100,0.000,0.000,0.200,0.500,1.000,0.500,1.000
173.598,3,1.8519,0.5000,-0.9344,5.000,0.500,0.100,0.000,0.000,0.200,0.500,1.000,0.500,1.000
173.598,4,2.1404,0.5000,1.2919,5.000,0.500,0.100,0.000,0.000,0.200,0.500,1.000,0.500,1.000
173.598,5,-0.0842,0.5000,2.5334,5.000,0.500,0.100,0.000,0.000,0.200,0.500,1.000,0.500,1.000
173.798,0,-3.7872,0.5000,0.0139,5.000,0.500,0.100,0.000,0.000,0.200,0.500,1.000,0.500,1.000
173.798,1,-0.1827,0.5000,-1.5192,5.000,0.500,0.100,0.000,0.000,0.200,0.500,1.000,0.500,1.000
173.798,2,0.5800,0.5000,-1.9123,5.000,0.500,0.100,0.000,0.000,0.200,0.500,1.000,0.500,1.000
173.798,3,1.8703,0.5000,-0.8408,5.000,0.500,0.100,0.000,0.000,0.200,0.500,1.000,0.500,1.000
173.798,4,2.0605,0.5000,1.3467,5.000,0.500,0.100,0.000,0.000,0.200,0.500,1.000,0.500,1.000
173.798,5,-0.1696,0.5000,2.4881,5.000,0.500,0.100,0.000,0.000,0.200,0.500,1.000,0.500,1.000
173.998,0,-3.7793,0.5000,-0.0778,5.000,0.500,0.100,0.000,0.000,0.200,0.500,1.000,0.500,1.000
173.998,1,-0.1333,0.5000,-1.5638,5.000,0.500,0.100,0.000,0.000,0.200,0.500,1.000,0.500,1.000
173.998,2,0.6666,0.5000,-1.8859,5.000,0.500,0.100,0.000,0.000,0.200,0.500,1.000,0.500,1.000
173.998,3,1.8807,0.5000,-0.7463,5.000,0.500,0.100,0.000,0.000,0.200,0.500,1.000,0.500,1.000
173.998,4,1.9769,0.5000,1.3960,5.000,0.500,0.100,0.000,0.000,0.200,0.500,1.000,0.500,1.000
173.998,5,-0.2549,0.5000,2.4414,5.000,0.500,0.100,0.000,0.000,0.200,0.500,1.000,0.500,1.000
174.198,0,-3.7687,0.5000,-0.1694,5.000,0.500,0.100,0.000,0.000,0.200,0.500,1.000,0.500,1.000
174.198,1,-0.0824,0.5000,-1.6072,5.000,0.500,0.100,0.000,0.000,0.200,0.500,1.000,0.500,1.000
174.198,2,0.7510,0.5000,-1.8539,5.000,0.500,0.100,0.000,0.000,0.200,0.500,1.000,0.500,1.000
174.198,3,1.8854,0.5000,-0.6508,5.000,0.500,0.100,0.000,0.000,0.200,0.500,1.000,0.500,1.000
174.198,4,1.8910,0.5000,1.4390,5.000,0.500,0.100,0.000,0.000,0.200,0.500,1.000,0.500,1.000
174.198,5,-0.3386,0.5000,2.3928,5.000,0.500,0.100,0.000,0.000,0.200,0.500,1.000,0.500,1.000
174.398,0,-3.7576,0.5000,-0.2608,5.000,0.500,0.100,0.000,0.000,0.200,0.500,1.000,0.500,1.000
174.398,1,-0.0286,0.5000,-1.6467,5.000,0.500,0.100,0.000,0.000,0.200,0.500,1.000,0.500,1.000
174.398,2,0.8340,0.5000,-1.8148,5.000,0.500,0.100,0.000,0.000,0.200,0.500,1.000,0.500,1.000
174.398,3,1.8829,0.5000,-0.5558,5.000,0.500,0.100,0.000,0.000,0.200,0.500,1.000,0.500,1.000
174.398,4,1.8044,0.5000,1.4825,5.000,0.500,0.100,0.000,0.000,0.200,0.500,1.000,0.500,1.000
174.398,5,-0.4223,0.5000,2.3429,5.000,0.500,0.100,0.000,0.000,0.200,0.500,1.000,0.500,1.000
174.598,0,-3.7389,0.5000,-0.3516,5.000,0.500,0.100,0.000,0.000,0.200,0.500,1.000,0.500,1.000
174.598,1,0.0282,0.5000,-1.6872,5.000,0.500,0.100,0.000,0.000,0.200,0.500,1.000,0.500,1.000
174.598,2,0.9120,0.5000,-1.7766,5.000,0.500,0.100,0.000,0.000,0.200,0.500,1.000,0.500,1.000
174.598,3,1.8739,0.5000,-0.4599,5.000,0.500,0.100,0.000,0.000,0.200,0.500,1.000,0.500,1.000
174.598,4,1.7180,0.5000,1.5252,5.000,0.500,0.100,0.000,0.000,0.200,0.500,1.000,0.500,1.000
174.598,5,-0.5029,0.5000,2.2908,5.000,0.500,0.100,0.000,0.000,0.200,0.500,1.000,0.500,1.000
174.798,0,-3.7154,0.5000,-0.4383,5.000,0.500,0.100,0.000,0.000,0.200,0.500,1.000,0.500,1.000
174.798,1,0.0919,0.5000,-1.7246,5.000,0.500,0.100,0.000,0.000,0.200,0.500,1.000,0.500,1.000
174.798,2,0.9883,0.5000,-1.7404,5.000,0.500,0.100,0.000,0.000,0.200,0.500,1.000,0.500,1.000
174.798,3,1.8595,0.5000,-0.3651,5.000,0.500,0.100,0.000,0.000,0.200,0.500,1.000,0.500,1.000
174.798,4,1.6297,0.5000,1.5665,5.000,0.500,0.100,0.000,0.000,0.200,0.500,1.000,0.500,1.000
174.798,5,-0.5834,0.5000,2.2360,5.000,0.500,0.100,0.000,0.000,0.200,0.500,1.000,0.500,1.000
174.998,0,-3.6870,0.5000,-0.5208,5.000,0.500,0.100,0.000,0.000,0.200,0.500,1.000,0.500,1.000
174.998,1,0.1608,0.5000,-1.7564,5.000,0.500,0.100,0.000,0.000,0.200,0.500,1.000,0.500,1.000
174.998,2,1.0628,0.5000,-1.6995,5.000,0.500,0.100,0.000,0.000,0.200,0.500,1.000,0.500,1.000
174.998,3,1.8376,0.5000,-0.2719,5.000,0.500,0.100,0.000,0.000,0.200,0.500,1.000,0.500,1.000
174.998,4,1.5424,0.5000,1.6095,5.000,0.500,0.100,0.000,0.000,0.200,0.500,1.000,0.500,1.000
174.998,5,-0.6595,0.5000,2.1769,5.000,0.500,0.100,0.000,0.000,0.200,0.500,1.000,0.500,1.000
175.198,0,-3.6586,0.5000,-0.6011,5.000,0.500,0.100,0.000,0.000,0.200,0.500,1.000,0.500,1.000
175.198,1,0.2306,0.5000,-1.7851,5.000,0.500,0.100,0.000,0.000,0.200,0.500,1.000,0.500,1.000
175.198,2,1.1386,0.5000,-1.6555,5.000,0.500,0.100,0.000,0.000,0.200,0.500,1.000,0.500,1.000
175.198,3,1.8124,0.5000,-0.1791,5.000,0.500,0.100,0.000,0.000,0.200,0.500,1.000,0.500,1.000
175.198,4,1.4524,0.5000,1.6466,5.000,0.500,0.100,0.000,0.000,0.200,0.500,1.000,0.500,1.000
175.198,5,-0.7311,0.5000,2.1135,5.000,0.500,0.100,0.000,0.000,0.200,0.500,1.000,0.500,1.000
175.398,0,-3.6280,0.5000,-0.6816,5.000,0.500,0.100,0.000,0.000,0.200,0.500,1.000,0.500,1.000
175.398,1,0.3028,0.5000,-1.8078,5.000,0.500,0.100,0.000,0.000,0.200,0.500,1.000,0.500,1.000
175.398,2,1.2141,0.5000,-1.6058,5.000,0.500,0.100,0.000,0.000,0.200,0.500,1.000,0.500,1.000
175.398,3,1.7863,0.5000,-0.0869,5.000,0.500,0.100,0.000,0.000,0.200,0.500,1.000,0.500,1.000
175.398,4,1.3641,0.5000,1.6811,5.000,0.500,0.100,0.000,0.000,0.200,0.500,1.000,0.500,1.000
175.398,5,-0.8004,0.5000,2.0475,5.000,0.500,0.100,0.000,0.000,0.200,0.500,1.000,0.500,1.000
175.598,0,-3.5959,0.5000,-0.7617,5.000,0.500,0.100,0.000,0.000,0.200,0.500,1.000,0.500,1.000
175.598,1,0.3728,0.5000,-1.8338,5.000,0.500,0.100,0.000,0.000,0.200,0.500,1.000,0.500,1.000
175.598,2,1.2866,0.5000,-1.5536,5.000,0.500,0.100,0.000,0.000,0.200,0.500,1.000,0.500,1.000
175.598,3,1.7589,0.5000,0.0051,5.000,0.500,0.100,0.000,0.000,0.200,0.500,1.000,0.500,1.000
175.598,4,1.2733,0.5000,1.7151,5.000,0.500,0.100,0.000,0.000,0.200,0.500,1.000,0.500,1.000
175.598,5,-0.8665,0.5000,1.9787,5.000,0.500,0.100,0.000,0.000,0.200,0.500,1.000,0.500,1.000
175.798,0,-3.5646,0.5000,-0.8440,5.000,0.500,0.100,0.000,0.000,0.200,0.500,1.000,0.500,1.000
175.798,1,0.4438,0.5000,-1.8569,5.000,0.500,0.100,0.000,0.000,0.200,0.500,1.000,0.500,1.000
175.798,2,1.3581,0.5000,-1.5025,5.000,0.500,0.100,0.000,0.000,0.200,0.500,1.000,0.500,1.000
175.798,3,1.7301,0.5000,0.0971,5.000,0.500,0.100,0.000,0.000,0.200,0.500,1.000,0.500,1.000
175.798,4,1.1802,0.5000,1.7445,5.000,0.500,0.100,0.000,0.000,0.200,0.500,1.000,0.500,1.000
175.798,5,-0.9289,0.5000,1.9075,5.000,0.500,0.100,0.000,0.000,0.200,0.500,1.000,0.500,1.000
175.998,0,-3.5307,0.5000,-0.9301,5.000,0.500,0.100,0.000,0.000,0.200,0.500,1.000,0.500,1.000
175.998,1,0.5162,0.5000,-1.8784,5.000,0.500,0.100,0.000,0.000,0.200,0.500,1.000,0.500,1.000
175.998,2,1.4311,0.5000,-1.4481,5.000,0.500,0.100,0.000,0.000,0.200,0.500,1.000,0.500,1.000
175.998,3,1.6990,0.5000,0.1879,5.000,0.500,0.100,0.000,0.000,0.200,0.500,1.000,0.500,1.000
175.998,4,1.0865,0.5000,1.7727,5.000,0.500,0.100,0.000,0.000,0.200,0.500,1.000,0.500,1.000
175.998,5,-0.9864,0.5000,1.8347,5.000,0.500,0.100,0.000,0.000,0.200,0.500,1.000,0.500,1.000
176.198,0,-3.4974,0.5000,-1.0113,5.000,0.500,0.100,0.000,0.000,0.200,0.500,1.000,0.500,1.000
176.198,1,0.5902,0.5000,-1.8964,5.000,0.500,0.100,0.000,0.000,0.200,0.500,1.000,0.500,1.000
176.198,2,1.5049,0.5000,-1.3915,5.000,0.500,0.100,0.000,0.000,0.200,0.500,1.000,0.500,1.000
176.198,3,1.6684,0.5000,0.2784,5.000,0.500,0.100,0.000,0.000,0.200,0.500,1.000,0.500,1.000
176.198,4,0.9930,0.5000,1.7997,5.000,0.500,0.100,0.000,0.000,0.200,0.500,1.000,0.500,1.000
176.198,5,-1.0406,0.5000,1.7626,5.000,0.500,0.100,0.000,0.000,0.200,0.500,1.000,0.500,1.000
176.398,0,-3.4415,0.5000,-1.0835,3.947,1.577,0.100,3.000,2.535,2.554,12.000,20.000,6.953,1.000
176.398,1,0.6709,0.5000,-1.8751,3.947,1.577,0.100,3.000,2.535,2.554,12.000,20.000,6.953,1.000
176.398,2,1.5587,0.5000,-1.3330,3.947,1.577,0.100,3.000,2.535,2.554,12.000,20.000,6.953,1.000
176.398,3,1.6229,0.5000,0.3646,3.947,1.577,0.100,3.000,2.535,2.554,12.000,20.000,6.953,1.000
176.398,4,0.8863,0.5000,1.8097,3.947,1.577,0.100,3.000,2.535,2.554,12.000,20.000,6.953,1.000
176.398,5,-1.0808,0.5000,1.6695,3.947,1.577,0.100,3.000,2.535,2.554,12.000,20.000,6.953,1.000
176.598,0,-3.2977,0.5121,-1.1377,2.894,2.654,0.100,3.000,3.000,3.000,12.000,20.000,10.000,1.000
176.598,1,0.7637,0.5264,-1.6691,2.894,2.654,0.100,3.000,3.000,3.000,12.000,20.000,10.000,1.000
176.598,2,1.5225,0.5460,-1.2136,2.894,2.654,0.100,3.000,3.000,3.000,12.000,20.000,10.000,1.000
176.598,3,1.4544,0.5651,0.4129,2.894,2.654,0.100,3.000,3.000,3.000,12.000,20.000,10.000,1.000
176.598,4,0.7499,0.5628,1.7337,2.894,2.654,0.100,3.000,3.000,3.000,12.000,20.000,10.000,1.000
176.598,5,-1.0728,0.5371,1.5260,2.894,2.654,0.100,3.000,3.000,3.000,12.000,20.000,10.000,1.000
176.798,0,-3.0513,0.5901,-1.1659,1.840,3.731,0.100,3.000,3.000,3.000,12.000,20.000,10.000,1.000
176.798,1,0.8116,0.6735,-1.2995,1.840,3.731,0.100,3.000,3.000,3.000,12.000,20.000,10.000,1.000
176.798,2,1.3698,0.7395,-0.9764,1.840,3.731,0.100,3.000,3.000,3.000,12.000,20.000,10.000,1.000
176.798,3,1.1768,0.7686,0.4394,1.840,3.731,0.100,3.000,3.000,3.000,12.000,20.000,10.000,1.000
176.798,4,0.5563,0.7756,1.5480,1.840,3.731,0.100,3.000,3.000,3.000,12.000,20.000,10.000,1.000
176.798,5,-1.0031,0.6812,1.3369,1.840,3.731,0.100,3.000,3.000,3.000,12.000,20.000,10.000,1.000
176.998,0,-2.6887,0.7867,-1.1313,0.787,4.807,0.100,3.000,3.000,3.000,12.000,20.000,10.000,1.000
176.998,1,0.7745,0.9632,-0.8253,0.787,4.807,0.100,3.000,3.000,3.000,12.000,20.000,10.000,1.000
176.998,2,1.0941,1.0716,-0.6793,0.787,4.807,0.100,3.000,3.000,3.000,12.000,20.000,10.000,1.000
176.998,3,0.7901,1.1122,0.4433,0.787,4.807,0.100,3.000,3.000,3.000,12.000,20.000,10.000,1.000
176.998,4,0.3387,1.0964,1.2755,0.787,4.807,0.100,3.000,3.000,3.000,12.000,20.000,10.000,1.000
176.998,5,-0.8714,0.9405,1.0789,0.787,4.807,0.100,3.000,3.000,3.000,12.000,20.000,10.000,1.000
177.198,0,-2.2324,1.1046,-1.0117,0.100,5.884,0.100,3.000,3.000,3.000,12.000,20.000,10.000,1.000
177.198,1,0.6371,1.3973,-0.2900,0.100,5.884,0.100,3.000,3.000,3.000,12.000,20.000,10.000,1.000
177.198,2,0.7133,1.5355,-0.3367,0.100,5.884,0.100,3.000,3.000,3.000,12.000,20.000,10.000,1.000
177.198,3,0.3075,1.5773,0.4003,0.100,5.884,0.100,3.000,3.000,3.000,12.000,20.000,10.000,1.000
177.198,4,0.0893,1.5245,0.9061,0.100,5.884,0.100,3.000,3.000,3.000,12.000,20.000,10.000,1.000
177.198,5,-0.6726,1.3175,0.7514,0.100,5.884,0.100,3.000,3.000,3.000,12.000,20.000,10.000,1.000
177.398,0,-1.6861,1.5433,-0.8171,0.100,6.961,0.100,3.000,3.000,3.000,12.000,20.000,10.000,1.000
177.398,1,0.3878,1.9666,0.2723,0.100,6.961,0.100,3.000,3.000,3.000,12.000,20.000,10.000,1.000
177.398,2,0.2172,2.1138,0.0328,0.100,6.961,0.100,3.000,3.000,3.000,12.000,20.000,10.000,1.000
177.398,3,-0.2615,2.1394,0.2959,0.100,6.961,0.100,3.000,3.000,3.000,12.000,20.000,10.000,1.000
177.398,4,-0.1969,2.0526,0.4387,0.100,6.961,0.100,3.000,3.000,3.000,12.000,20.000,10.000,1.000
177.398,5,-0.4172,1.8203,0.3456,0.100,6.961,0.100,3.000,3.000,3.000,12.000,20.000,10.000,1.000
177.598,0,-1.0570,2.1094,-0.5467,0.100,8.038,0.100,3.000,3.000,3.000,12.000,20.000,10.000,1.000
177.598,1,0.0417,2.6517,0.7913,0.100,8.038,0.100,3.000,3.000,3.000,12.000,20.000,10.000,1.000
177.598,2,-0.3983,2.7724,0.3847,0.100,8.038,0.100,3.000,3.000,3.000,12.000,20.000,10.000,1.000
177.598,3,-0.8372,2.7523,0.1100,0.100,8.038,0.100,3.000,3.000,3.000,12.000,20.000,10.000,1.000
177.598,4,-0.5213,2.6520,-0.1129,0.100,8.038,0.100,3.000,3.000,3.000,12.000,20.000,10.000,1.000
177.598,5,-0.1503,2.4793,-0.1169,0.100,8.038,0.100,3.000,3.000,3.000,12.000,20.000,10.000,1.000
177.798,0,-0.3751,2.8190,-0.1904,0.100,9.115,0.100,3.000,3.000,3.000,12.000,20.000,10.000,1.000
177.798,1,-0.3341,3.4173,1.2193,0.100,9.115,0.100,3.000,3.000,3.000,12.000,20.000,10.000,1.000
177.798,2,-1.0552,3.4679,0.6478,0.100,9.115,0.100,3.000,3.000,3.000,12.000,20.000,10.000,1.000
177.798,3,-1.3141,3.4093,-0.1028,0.100,9.115,0.100,3.000,3.000,3.000,12.000,20.000,10.000,1.000
177.798,4,-0.8182,3.3037,-0.5927,0.100,9.115,0.100,3.000,3.000,3.000,12.000,20.000,10.000,1.000
177.798,5,0.0368,3.2528,-0.5115,0.100,9.115,0.100,3.000,3.000,3.000,12.000,20.000,10.000,1.000
177.998,0,0.2634,3.6683,0.2212,0.100,10.000,0.100,3.000,3.000,3.000,12.000,20.000,10.000,1.000
177.998,1,-0.6637,4.2009,1.5464,0.100,10.000,0.100,3.000,3.000,3.000,12.000,20.000,10.000,1.000
177.998,2,-1.6509,4.1715,0.8345,0.100,10.000,0.100,3.000,3.000,3.000,12.000,20.000,10.000,1.000
177.998,3,-1.6754,4.0836,-0.2973,0.100,10.000,0.100,3.000,3.000,3.000,12.000,20.000,10.000,1.000
177.998,4,-1.0295,3.9972,-0.9640,0.100,10.000,0.100,3.000,3.000,3.000,12.000,20.000,10.000,1.000
177.998,5,0.1558,4.0584,-0.7889,0.100,10.000,0.100,3.000,3.000,3.000,12.000,20.000,10.000,1.000
178.198,0,0.7923,4.5711,0.6242,0.100,10.000,0.100,3.000,3.000,3.000,12.000,20.000,10.000,1.000
178.198,1,-0.8976,4.9333,1.7533,0.100,10.000,0.100,3.000,3.000,3.000,12.000,20.000,10.000,1.000
178.198,2,-2.1208,4.8268,0.9565,0.100,10.000,0.100,3.000,3.000,3.000,12.000,20.000,10.000,1.000
178.198,3,-1.9041,4.7188,-0.4369,0.100,10.000,0.100,3.000,3.000,3.000,12.000,20.000,10.000,1.000
178.198,4,-1.1435,4.6796,-1.2039,0.100,10.000,0.100,3.000,3.000,3.000,12.000,20.000,10.000,1.000
178.198,5,0.2149,4.8304,-0.9221,0.100,10.000,0.100,3.000,3.000,3.000,12.000,20.000,10.000,1.000
178.398,0,1.1804,5.0000,0.9780,0.100,10.000,0.100,3.000,3.000,3.000,12.000,20.000,10.000,1.000
178.398,1,-1.0004,5.0000,1.8363,0.100,10.000,0.100,3.000,3.000,3.000,12.000,20.000,10.000,1.000
178.398,2,-2.4080,5.0000,1.0216,0.100,10.000,0.100,3.000,3.000,3.000,12.000,20.000,10.000,1.000
178.398,3,-1.9882,5.0000,-0.4846,0.100,10.000,0.100,3.000,3.000,3.000,12.000,20.000,10.000,1.000
178.398,4,-1.1647,5.0000,-1.2830,0.100,10.000,0.100,3.000,3.000,3.000,12.000,20.000,10.000,1.000
178.398,5,0.2217,5.0000,-0.8884,0.100,10.000,0.100,3.000,3.000,3.000,12.000,20.000,10.000,1.000
178.598,0,1.4126,5.0000,1.2600,0.100,10.000,0.100,3.000,3.000,3.000,12.000,20.000,10.000,1.000
178.598,1,-0.9709,5.0000,1.8992,0.100,10.000,0.100,3.000,3.000,3.000,12.000,20.000,10.000,1.000
178.598,2,-2.4898,5.0000,1.0635,0.100,10.000,0.100,3.000,3.000,3.000,12.000,20.000,10.000,1.000
178.598,3,-1.9474,5.0000,-0.4209,0.100,10.000,0.100,3.000,3.000,3.000,12.000,20.000,10.000,1.000
178.598,4,-1.1074,5.0000,-1.2001,0.100,10.000,0.100,3.000,3.000,3.000,12.000,20.000,10.000,1.000
178.598,5,0.2860,5.0000,-0.7661,0.100,10.000,0.100,3.000,3.000,3.000,12.000,20.000,10.000,1.000
178.798,0,1.5505,5.0000,1.4511,0.100,10.000,0.100,3.000,3.000,3.000,12.000,20.000,10.000,1.000
178.798,1,-0.8864,5.0000,1.9922,0.100,10.000,0.100,3.000,3.000,3.000,12.000,20.000,10.000,1.000
178.798,2,-2.4220,5.0000,1.1312,0.100,10.000,0.100,3.000,3.000,3.000,12.000,20.000,10.000,1.000
178.798,3,-1.8685,5.0000,-0.3334,0.100,10.000,0.100,3.000,3.000,3.000,12.000,20.000,10.000,1.000
178.798,4,-1.0079,5.0000,-1.0830,0.100,10.000,0.100,3.000,3.000,3.000,12.000,20.000,10.000,1.000
178.798,5,0.3969,5.0000,-0.6320,0.100,10.000,0.100,3.000,3.000,3.000,12.000,20.000,10.000,1.000
178.998,0,1.7182,5.0000,1.6236,0.100,10.000,0.100,3.000,3.000,3.000,12.000,20.000,10.000,1.000
178.998,1,-0.7924,5.0000,2.0764,0.100,10.000,0.100,3.000,3.000,3.000,12.000,20.000,10.000,1.000
178.998,2,-2.3395,5.0000,1.2022,0.100,10.000,0.100,3.000,3.000,3.000,12.000,20.000,10.000,1.000
178.998,3,-1.7738,5.0000,-0.2481,0.100,10.000,0.100,3.000,3.000,3.000,12.000,20.000,10.000,1.000
178.998,4,-0.8738,5.0000,-0.9582,0.100,10.000,0.100,3.000,3.000,3.000,12.000,20.000,10.000,1.000
178.998,5,0.5455,5.0000,-0.4901,0.100,10.000,0.100,3.000,3.000,3.000,12.000,20.000,10.000,1.000
179.198,0,1.9027,5.0000,1.7855,0.100,10.000,0.100,3.000,3.000,3.000,12.000,20.000,10.000,1.000
179.198,1,-0.7102,5.0000,2.1410,0.100,10.000,0.100,3.000,3.000,3.000,12.000,20.000,10.000,1.000
179.198,2,-2.2643,5.0000,1.2602,0.100,10.000,0.100,3.000,3.000,3.000,12.000,20.000,10.000,1.000
179.198,3,-1.6664,5.0000,-0.1624,0.100,10.000,0.100,3.000,3.000,3.000,12.000,20.000,10.000,1.000
179.198,4,-0.7009,5.0000,-0.8140,0.100,10.000,0.100,3.000,3.000,3.000,12.000,20.000,10.000,1.000
179.198,5,0.7294,5.0000,-0.3349,0.100,10.000,0.100,3.000,3.000,3.000,12.000,20.000,10.000,1.000
179.398,0,2.0819,5.0000,1.9242,0.100,10.000,0.100,3.000,3.000,3.000,12.000,20.000,10.000,1.000
179.398,1,-0.6579,5.0000,2.1724,0.100,10.000,0.100,3.000,3.000,3.000,12.000,20.000,10.000,1.000
179.398,2,-2.1975,5.0000,1.3030,0.100,10.000,0.100,3.000,3.000,3.000,12.000,20.000,10.000,1.000
179.398,3,-1.5300,5.0000,-0.0688,0.100,10.000,0.100,3.000,3.000,3.000,12.000,20.000,10.000,1.000
179.398,4,-0.4562,5.0000,-0.6387,0.100,10.000,0.100,3.000,3.000,3.000,12.000,20.000,10.000,1.000
179.398,5,0.9617,5.0000,-0.1636,0.100,10.000,0.100,3.000,3.000,3.000,12.000,20.000,10.000,1.000
179.598,0,2.2166,4.9992,2.0170,0.100,10.000,0.100,3.000,3.000,3.000,12.000,20.000,10.000,1.000
179.598,1,-0.6413,4.9949,2.1761,0.100,10.000,0.100,3.000,3.000,3.000,12.000,20.000,10.000,1.000
179.598,2,-2.1259,4.9995,1.3452,0.100,10.000,0.100,3.000,3.000,3.000,12.000,20.000,10.000,1.000
179.598,3,-1.3364,4.9994,0.0556,0.100,10.000,0.100,3.000,3.000,3.000,12.000,20.000,10.000,1.000
179.598,4,-0.1142,5.0000,-0.4088,0.100,10.000,0.100,3.000,3.000,3.000,12.000,20.000,10.000,1.000
179.598,5,1.2418,4.9991,0.0336,0.100,10.000,0.100,3.000,3.000,3.000,12.000,20.000,10.000,1.000
179.798,0,2.2614,4.9778,2.0466,0.100,10.000,0.100,3.000,3.000,3.000,12.000,20.000,10.000,1.000
179.798,1,-0.6063,4.9621,2.1782,0.100,10.000,0.100,3.000,3.000,3.000,12.000,20.000,10.000,1.000
179.798,2,-2.0248,4.9621,1.3991,0.100,10.000,0.100,3.000,3.000,3.000,12.000,20.000,10.000,1.000
179.798,3,-1.0866,4.9149,0.1955,0.100,10.000,0.100,3.000,3.000,3.000,12.000,20.000,10.000,1.000
179.798,4,0.2855,4.8965,-0.1636,0.100,10.000,0.100,3.000,3.000,3.000,12.000,20.000,10.000,1.000
179.798,5,1.5307,4.8964,0.2066,0.100,10.000,0.100,3.000,3.000,3.000,12.000,20.000,10.000,1.000
179.998,0,2.2534,4.9158,2.0543,0.100,10.000,0.100,3.000,3.000,3.000,12.000,20.000,10.000,1.000
179.998,1,-0.5333,4.8785,2.1968,0.100,10.000,0.100,3.000,3.000,3.000,12.000,20.000,10.000,1.000
179.998,2,-1.8886,4.8344,1.4678,0.100,10.000,0.100,3.000,3.000,3.000,12.000,20.000,10.000,1.000
179.998,3,-0.8196,4.6775,0.3329,0.100,10.000,0.100,3.000,3.000,3.000,12.000,20.000,10.000,1.000
179.998,4,0.6717,4.6168,0.0594,0.100,10.000,0.100,3.000,3.000,3.000,12.000,20.000,10.000,1.000
179.998,5,1.7854,4.6503,0.3452,0.100,10.000,0.100,3.000,3.000,3.000,12.000,20.000,10.000,1.000
180.198,0,2.2172,4.7669,2.0631,0.100,10.000,0.100,3.000,3.000,3.000,12.000,20.000,10.000,1.000
180.198,1,-0.4430,4.7093,2.2431,0.100,10.000,0.100,3.000,3.000,3.000,12.000,20.000,10.000,1.000
180.198,2,-1.7507,4.5922,1.5378,0.100,10.000,0.100,3.000,3.000,3.000,12.000,20.000,10.000,1.000
180.198,3,-0.5735,4.3105,0.4521,0.100,10.000,0.100,3.000,3.000,3.000,12.000,20.000,10.000,1.000
180.198,4,0.9740,4.2006,0.2422,0.100,10.000,0.100,3.000,3.000,3.000,12.000,20.000,10.000,1.000
180.198,5,1.9835,4.2753,0.4620,0.100,10.000,0.100,3.000,3.000,3.000,12.000,20.000,10.000,1.000
180.398,0,2.1507,4.5046,2.0766,0.100,10.000,0.100,3.000,3.000,3.000,12.000,20.000,10.000,1.000
180.398,1,-0.3646,4.4222,2.2855,0.100,10.000,0.100,3.000,3.000,3.000,12.000,20.000,10.000,1.000
180.398,2,-1.6431,4.2402,1.5858,0.100,10.000,0.100,3.000,3.000,3.000,12.000,20.000,10.000,1.000
180.398,3,-0.3687,3.8573,0.5341,0.100,10.000,0.100,3.000,3.000,3.000,12.000,20.000,10.000,1.000
180.398,4,1.1547,3.7051,0.3567,0.100,10.000,0.100,3.000,3.000,3.000,12.000,20.000,10.000,1.000
180.398,5,2.1113,3.7916,0.5393,0.100,10.000,0.100,3.000,3.000,3.000,12.000,20.000,10.000,1.000
180.598,0,2.0464,4.1096,2.0856,0.100,10.000,0.100,3.000,3.000,3.000,12.000,20.000,10.000,1.000
180.598,1,-0.3297,4.0116,2.2981,0.100,10.000,0.100,3.000,3.000,3.000,12.000,20.000,10.000,1.000
180.598,2,-1.5846,3.8017,1.5893,0.100,10.000,0.100,3.000,3.000,3.000,12.000,20.000,10.000,1.000
180.598,3,-0.2184,3.3674,0.5655,0.100,10.000,0.100,3.000,3.000,3.000,12.000,20.000,10.000,1.000
180.598,4,1.2038,3.1968,0.3798,0.100,10.000,0.100,3.000,3.000,3.000,12.000,20.000,10.000,1.000
180.598,5,2.1580,3.2438,0.5603,0.100,10.000,0.100,3.000,3.000,3.000,12.000,20.000,10.000,1.000
180.798,0,1.8972,3.5826,2.0801,0.100,10.000,0.100,3.000,3.000,3.000,12.000,20.000,10.000,1.000
180.798,1,-0.3514,3.5010,2.2721,0.100,10.000,0.100,3.000,3.000,3.000,12.000,20.000,10.000,1.000
180.798,2,-1.5776,3.3129,1.5440,0.100,10.000,0.100,3.000,3.000,3.000,12.000,20.000,10.000,1.000
180.798,3,-0.1328,2.8863,0.5480,0.100,10.000,0.100,3.000,3.000,3.000,12.000,20.000,10.000,1.000
180.798,4,1.1817,2.7338,0.3571,0.100,10.000,0.100,3.000,3.000,3.000,12.000,20.000,10.000,1.000
180.798,5,2.1350,2.7325,0.5370,0.100,10.000,0.100,3.000,3.000,3.000,12.000,20.000,10.000,1.000
180.998,0,1.6831,2.9708,2.0536,0.100,10.000,0.100,3.000,3.000,3.000,12.000,20.000,10.000,1.000
180.998,1,-0.4391,2.9383,2.2069,0.100,10.000,0.100,3.000,3.000,3.000,12.000,20.000,10.000,1.000
180.998,2,-1.6104,2.8119,1.4523,0.100,10.000,0.100,3.000,3.000,3.000,12.000,20.000,10.000,1.000
180.998,3,-0.1169,2.4521,0.4981,0.100,10.000,0.100,3.000,3.000,3.000,12.000,20.000,10.000,1.000
180.998,4,1.1193,2.3453,0.3137,0.100,10.000,0.100,3.000,3.000,3.000,12.000,20.000,10.000,1.000
180.998,5,2.0719,2.3335,0.4954,0.100,10.000,0.100,3.000,3.000,3.000,12.000,20.000,10.000,1.000
181.198,0,1.4023,2.3552,1.9818,0.100,10.000,0.100,3.000,3.000,3.000,12.000,20.000,10.000,1.000
181.198,1,-0.5943,2.3890,2.0973,0.100,10.000,0.100,3.000,3.000,3.000,12.000,20.000,10.000,1.000
181.198,2,-1.6838,2.3375,1.3197,0.100,10.000,0.100,3.000,3.000,3.000,12.000,20.000,10.000,1.000
181.198,3,-0.1697,2.0968,0.4288,0.100,10.000,0.100,3.000,3.000,3.000,12.000,20.000,10.000,1.000
181.198,4,1.0300,2.0405,0.2548,0.100,10.000,0.100,3.000,3.000,3.000,12.000,20.000,10.000,1.000
181.198,5,1.9891,2.0573,0.4449,0.100,10.000,0.100,3.000,3.000,3.000,12.000,20.000,10.000,1.000
181.398,0,1.0816,1.7924,1.8327,0.100,10.000,0.100,3.000,3.000,3.000,12.000,20.000,10.000,1.000
181.398,1,-0.8043,1.9107,1.9293,0.100,10.000,0.100,3.000,3.000,3.000,12.000,20.000,10.000,1.000
181.398,2,-1.7886,1.9279,1.1419,0.100,10.000,0.100,3.000,3.000,3.000,12.000,20.000,10.000,1.000
181.398,3,-0.2733,1.8441,0.3421,0.100,10.000,0.100,3.000,3.000,3.000,12.000,20.000,10.000,1.000
181.398,4,0.9285,1.8198,0.1770,0.100,10.000,0.100,3.000,3.000,3.000,12.000,20.000,10.000,1.000
181.398,5,1.9094,1.8890,0.3878,0.100,10.000,0.100,3.000,3.000,3.000,12.000,20.000,10.000,1.000
181.598,0,0.7380,1.3226,1.5817,0.100,10.000,0.100,3.000,3.000,3.000,12.000,20.000,10.000,1.000
181.598,1,-1.0353,1.5365,1.6975,0.100,10.000,0.100,3.000,3.000,3.000,12.000,20.000,10.000,1.000
181.598,2,-1.9213,1.6124,0.9248,0.100,10.000,0.100,3.000,3.000,3.000,12.000,20.000,10.000,1.000
181.598,3,-0.3700,1.6867,0.2448,0.100,10.000,0.100,3.000,3.000,3.000,12.000,20.000,10.000,1.000
181.598,4,0.8308,1.6714,0.0845,0.100,10.000,0.100,3.000,3.000,3.000,12.000,20.000,10.000,1.000
181.598,5,1.8503,1.8030,0.3358,0.100,10.000,0.100,3.000,3.000,3.000,12.000,20.000,10.000,1.000
181.798,0,0.3872,0.9883,1.2155,0.100,10.000,0.100,3.000,3.000,3.000,12.000,20.000,10.000,1.000
181.798,1,-1.2689,1.2962,1.4081,0.100,10.000,0.100,3.000,3.000,3.000,12.000,20.000,10.000,1.000
181.798,2,-2.0748,1.4135,0.6767,0.100,10.000,0.100,3.000,3.000,3.000,12.000,20.000,10.000,1.000
181.798,3,-0.4434,1.6102,0.1519,0.100,10.000,0.100,3.000,3.000,3.000,12.000,20.000,10.000,1.000
181.798,4,0.7396,1.5843,-0.0234,0.100,10.000,0.100,3.000,3.000,3.000,12.000,20.000,10.000,1.000
181.798,5,1.8122,1.7718,0.2971,0.100,10.000,0.100,3.000,3.000,3.000,12.000,20.000,10.000,1.000
181.998,0,0.0428,0.8546,0.7465,0.100,10.000,0.100,3.000,3.000,3.000,12.000,20.000,10.000,1.000
181.998,1,-1.4865,1.2138,1.0760,0.100,10.000,0.100,3.000,3.000,3.000,12.000,20.000,10.000,1.000
181.998,2,-2.2345,1.3482,0.4059,0.100,10.000,0.100,3.000,3.000,3.000,12.000,20.000,10.000,1.000
181.998,3,-0.4917,1.5908,0.0751,0.100,10.000,0.100,3.000,3.000,3.000,12.000,20.000,10.000,1.000
181.998,4,0.6521,1.5581,-0.1487,0.100,10.000,0.100,3.000,3.000,3.000,12.000,20.000,10.000,1.000
181.998,5,1.7833,1.7686,0.2666,0.100,10.000,0.100,3.000,3.000,3.000,12.000,20.000,10.000,1.000
182.198,0,-0.2848,0.9930,0.2424,0.100,10.000,0.100,3.000,3.000,3.000,12.000,20.000,10.000,1.000
182.198,1,-1.6913,1.3186,0.7411,0.100,10.000,0.100,3.000,3.000,3.000,12.000,20.000,10.000,1.000
182.198,2,-2.3840,1.4298,0.1350,0.100,10.000,0.100,3.000,3.000,3.000,12.000,20.000,10.000,1.000
182.198,3,-0.5199,1.6073,0.0203,0.100,10.000,0.100,3.000,3.000,3.000,12.000,20.000,10.000,1.000
182.198,4,0.5645,1.6056,-0.2840,0.100,10.000,0.100,3.000,3.000,3.000,12.000,20.000,10.000,1.000
182.198,5,1.7491,1.7897,0.2270,0.100,10.000,0.100,3.000,3.000,3.000,12.000,20.000,10.000,1.000
182.398,0,-0.5539,1.4106,-0.2143,0.100,10.000,0.100,3.000,3.000,3.000,12.000,20.000,10.000,1.000
182.398,1,-1.8547,1.6038,0.4373,0.100,10.000,0.100,3.000,3.000,3.000,12.000,20.000,10.000,1.000
182.398,2,-2.5044,1.6603,-0.1235,0.100,10.000,0.100,3.000,3.000,3.000,12.000,20.000,10.000,1.000
182.398,3,-0.5352,1.6403,-0.0177,0.100,10.000,0.100,3.000,3.000,3.000,12.000,20.000,10.000,1.000
182.398,4,0.4831,1.7454,-0.4262,0.100,10.000,0.100,3.000,3.000,3.000,12.000,20.000,10.000,1.000
182.398,5,1.7107,1.8556,0.1660,0.100,10.000,0.100,3.000,3.000,3.000,12.000,20.000,10.000,1.000
182.598,0,-0.6987,2.0154,-0.5467,0.100,10.000,0.100,3.000,3.000,3.000,12.000,20.000,10.000,1.000
182.598,1,-1.9431,2.0453,0.1904,0.100,10.000,0.100,3.000,3.000,3.000,12.000,20.000,10.000,1.000
182.598,2,-2.5706,2.0414,-0.3533,0.100,10.000,0.100,3.000,3.000,3.000,12.000,20.000,10.000,1.000
182.598,3,-0.5641,1.8028,-0.1071,0.100,10.000,0.100,3.000,3.000,3.000,12.000,20.000,10.000,1.000
182.598,4,0.4343,1.9866,-0.5572,0.100,10.000,0.100,3.000,3.000,3.000,12.000,20.000,10.000,1.000
182.598,5,1.6814,1.9948,0.0947,0.100,10.000,0.100,3.000,3.000,3.000,12.000,20.000,10.000,1.000
182.798,0,-0.7200,2.6547,-0.7373,0.100,10.000,0.100,3.000,3.000,3.000,12.000,20.000,10.000,1.000
182.798,1,-1.9486,2.6014,0.0036,0.100,10.000,0.100,3.000,3.000,3.000,12.000,20.000,10.000,1.000
182.798,2,-2.5638,2.5561,-0.5445,0.100,10.000,0.100,3.000,3.000,3.000,12.000,20.000,10.000,1.000
182.798,3,-0.5709,2.1832,-0.2502,0.100,10.000,0.100,3.000,3.000,3.000,12.000,20.000,10.000,1.000
182.798,4,0.4299,2.3198,-0.6661,0.100,10.000,0.100,3.000,3.000,3.000,12.000,20.000,10.000,1.000
182.798,5,1.6746,2.2119,0.0281,0.100,10.000,0.100,3.000,3.000,3.000,12.000,20.000,10.000,1.000
182.998,0,-0.6755,3.2389,-0.8233,0.100,10.000,0.100,3.000,3.000,3.000,12.000,20.000,10.000,1.000
182.998,1,-1.8961,3.2161,-0.1394,0.100,10.000,0.100,3.000,3.000,3.000,12.000,20.000,10.000,1.000
182.998,2,-2.4910,3.1708,-0.7149,0.100,10.000,0.100,3.000,3.000,3.000,12.000,20.000,10.000,1.000
182.998,3,-0.5302,2.7662,-0.4288,0.100,10.000,0.100,3.000,3.000,3.000,12.000,20.000,10.000,1.000
182.998,4,0.4647,2.7307,-0.7613,0.100,10.000,0.100,3.000,3.000,3.000,12.000,20.000,10.000,1.000
182.998,5,1.6882,2.4996,-0.0301,0.100,10.000,0.100,3.000,3.000,3.000,12.000,20.000,10.000,1.000
183.198,0,-0.5974,3.7347,-0.8183,0.100,10.000,0.100,3.000,3.000,3.000,12.000,20.000,10.000,1.000
183.198,1,-1.8038,3.8168,-0.2470,0.100,10.000,0.100,3.000,3.000,3.000,12.000,20.000,10.000,1.000
183.198,2,-2.3463,3.8219,-0.8880,0.100,10.000,0.100,3.000,3.000,3.000,12.000,20.000,10.000,1.000
183.198,3,-0.4345,3.5171,-0.6289,0.100,10.000,0.100,3.000,3.000,3.000,12.000,20.000,10.000,1.000
183.198,4,0.5375,3.2032,-0.8447,0.100,10.000,0.100,3.000,3.000,3.000,12.000,20.000,10.000,1.000
183.198,5,1.7122,2.8518,-0.0737,0.100,10.000,0.100,3.000,3.000,3.000,12.000,20.000,10.000,1.000
183.398,0,-0.4921,4.1293,-0.7417,0.100,10.000,0.100,3.000,3.000,3.000,12.000,20.000,10.000,1.000
183.398,1,-1.6845,4.3425,-0.3069,0.100,10.000,0.100,3.000,3.000,3.000,12.000,20.000,10.000,1.000
183.398,2,-2.1397,4.4308,-1.0479,0.100,10.000,0.100,3.000,3.000,3.000,12.000,20.000,10.000,1.000
183.398,3,-0.2913,4.2728,-0.7742,0.100,10.000,0.100,3.000,3.000,3.000,12.000,20.000,10.000,1.000
183.398,4,0.6553,3.7112,-0.8984,0.100,10.000,0.100,3.000,3.000,3.000,12.000,20.000,10.000,1.000
183.398,5,1.7480,3.2550,-0.0906,0.100,10.000,0.100,3.000,3.000,3.000,12.000,20.000,10.000,1.000
183.598,0,-0.3323,4.4478,-0.6161,0.100,10.000,0.100,3.000,3.000,3.000,12.000,20.000,10.000,1.000
183.598,1,-1.5270,4.7635,-0.3097,0.100,10.000,0.100,3.000,3.000,3.000,12.000,20.000,10.000,1.000
183.598,2,-1.8714,4.9540,-1.1551,0.100,10.000,0.100,3.000,3.000,3.000,12.000,20.000,10.000,1.000
183.598,3,-0.0838,4.8698,-0.8340,0.100,10.000,0.100,3.000,3.000,3.000,12.000,20.000,10.000,1.000
183.598,4,0.8413,4.2105,-0.8967,0.100,10.000,0.100,3.000,3.000,3.000,12.000,20.000,10.000,1.000
183.598,5,1.7998,3.6829,-0.0559,0.100,10.000,0.100,3.000,3.000,3.000,12.000,20.000,10.000,1.000
183.798,0,-0.1157,4.7724,-0.5105,0.100,10.000,0.100,3.000,3.000,3.000,12.000,20.000,10.000,1.000
183.798,1,-1.3564,5.0000,-0.2708,0.100,10.000,0.100,3.000,3.000,3.000,12.000,20.000,10.000,1.000
183.798,2,-1.5536,5.0000,-1.1850,0.100,10.000,0.100,3.000,3.000,3.000,12.000,20.000,10.000,1.000
183.798,3,0.1351,5.0000,-0.8014,0.100,10.000,0.100,3.000,3.000,3.000,12.000,20.000,10.000,1.000
183.798,4,1.0736,4.6538,-0.8383,0.100,10.000,0.100,3.000,3.000,3.000,12.000,20.000,10.000,1.000
183.798,5,1.8619,4.1003,0.0339,0.100,10.000,0.100,3.000,3.000,3.000,12.000,20.000,10.000,1.000
183.998,0,0.0887,5.0000,-0.4294,0.100,10.000,0.100,3.000,3.000,3.000,12.000,20.000,10.000,1.000
183.998,1,-1.2096,5.0000,-0.2118,0.100,10.000,0.100,3.000,3.000,3.000,12.000,20.000,10.000,1.000
183.998,2,-1.2171,5.0000,-1.1508,0.100,10.000,0.100,3.000,3.000,3.000,12.000,20.000,10.000,1.000
183.998,3,0.2953,5.0000,-0.7350,0.100,10.000,0.100,3.000,3.000,3.000,12.000,20.000,10.000,1.000
183.998,4,1.2905,5.0000,-0.7459,0.100,10.000,0.100,3.000,3.000,3.000,12.000,20.000,10.000,1.000
183.998,5,1.9226,4.4733,0.1614,0.100,10.000,0.100,3.000,3.000,3.000,12.000,20.000,10.000,1.000
184.198,0,0.2490,5.0000,-0.3345,0.100,10.000,0.100,3.000,3.000,3.000,12.000,20.000,10.000,1.000
184.198,1,-1.0835,5.0000,-0.1391,0.100,10.000,0.100,3.000,3.000,3.000,12.000,20.000,10.000,1.000
184.198,2,-0.8773,5.0000,-1.0642,0.100,10.000,0.100,3.000,3.000,3.000,12.000,20.000,10.000,1.000
184.198,3,0.4113,5.0000,-0.6633,0.100,10.000,0.100,3.000,3.000,3.000,12.000,20.000,10.000,1.000
184.198,4,1.4727,5.0000,-0.6324,0.100,10.000,0.100,3.000,3.000,3.000,12.000,20.000,10.000,1.000
184.198,5,1.9770,4.7722,0.3075,0.100,10.000,0.100,3.000,3.000,3.000,12.000,20.000,10.000,1.000
184.398,0,0.3972,5.0000,-0.2157,0.100,10.000,0.100,3.000,3.000,3.000,12.000,20.000,10.000,1.000
184.398,1,-0.9756,5.0000,-0.0548,0.100,10.000,0.100,3.000,3.000,3.000,12.000,20.000,10.000,1.000
184.398,2,-0.5381,5.0000,-0.9176,0.100,10.000,0.100,3.000,3.000,3.000,12.000,20.000,10.000,1.000
184.398,3,0.5106,5.0000,-0.5798,0.100,10.000,0.100,3.000,3.000,3.000,12.000,20.000,10.000,1.000
184.398,4,1.6216,5.0000,-0.5055,0.100,10.000,0.100,3.000,3.000,3.000,12.000,20.000,10.000,1.000
184.398,5,2.0155,4.9696,0.4632,0.100,10.000,0.100,3.000,3.000,3.000,12.000,20.000,10.000,1.000
184.598,0,0.5434,5.0000,-0.0690,0.100,10.000,0.100,3.000,3.000,3.000,12.000,20.000,10.000,1.000
184.598,1,-0.8844,5.0000,0.0365,0.100,10.000,0.100,3.000,3.000,3.000,12.000,20.000,10.000,1.000
184.598,2,-0.2056,5.0000,-0.6974,0.100,10.000,0.100,3.000,3.000,3.000,12.000,20.000,10.000,1.000
184.598,3,0.6188,5.0000,-0.4663,0.100,10.000,0.100,3.000,3.000,3.000,12.000,20.000,10.000,1.000
184.598,4,1.7395,5.0000,-0.3769,0.100,10.000,0.100,3.000,3.000,3.000,12.000,20.000,10.000,1.000
184.598,5,2.0348,5.0000,0.6071,0.100,10.000,0.100,3.000,3.000,3.000,12.000,20.000,10.000,1.000
184.798,0,0.6750,4.9988,0.1016,0.100,10.000,0.100,3.000,3.000,3.000,12.000,20.000,10.000,1.000
184.798,1,-0.8045,4.9986,0.1340,0.100,10.000,0.100,3.000,3.000,3.000,12.000,20.000,10.000,1.000
184.798,2,0.1099,5.0000,-0.4023,0.100,10.000,0.100,3.000,3.000,3.000,12.000,20.000,10.000,1.000
184.798,3,0.7494,4.9974,-0.2956,0.100,10.000,0.100,3.000,3.000,3.000,12.000,20.000,10.000,1.000
184.798,4,1.8381,4.9980,-0.2408,0.100,10.000,0.100,3.000,3.000,3.000,12.000,20.000,10.000,1.000
184.798,5,2.0299,4.9903,0.7230,0.100,10.000,0.100,3.000,3.000,3.000,12.000,20.000,10.000,1.000
184.998,0,0.7852,4.9466,0.2780,0.100,10.000,0.100,3.000,3.000,3.000,12.000,20.000,10.000,1.000
184.998,1,-0.7342,4.9627,0.2419,0.100,10.000,0.100,3.000,3.000,3.000,12.000,20.000,10.000,1.000
184.998,2,0.4066,4.9395,-0.0585,0.100,10.000,0.100,3.000,3.000,3.000,12.000,20.000,10.000,1.000
184.998,3,0.8931,4.9220,-0.0563,0.100,10.000,0.100,3.000,3.000,3.000,12.000,20.000,10.000,1.000
184.998,4,1.9281,4.9464,-0.0833,0.100,10.000,0.100,3.000,3.000,3.000,12.000,20.000,10.000,1.000
184.998,5,2.0034,4.9293,0.8334,0.100,10.000,0.100,3.000,3.000,3.000,12.000,20.000,10.000,1.000
185.198,0,0.8719,4.8224,0.4599,0.100,10.000,0.100,3.000,3.000,3.000,12.000,20.000,10.000,1.000
185.198,1,-0.6719,4.8738,0.3671,0.100,10.000,0.100,3.000,3.000,3.000,12.000,20.000,10.000,1.000
185.198,2,0.6780,4.7420,0.2920,0.100,10.000,0.100,3.000,3.000,3.000,12.000,20.000,10.000,1.000
185.198,3,1.0284,4.7283,0.2292,0.100,10.000,0.100,3.000,3.000,3.000,12.000,20.000,10.000,1.000
185.198,4,2.0139,4.8103,0.1093,0.100,10.000,0.100,3.000,3.000,3.000,12.000,20.000,10.000,1.000
185.198,5,1.9556,4.8095,0.9638,0.100,10.000,0.100,3.000,3.000,3.000,12.000,20.000,10.000,1.000
185.398,0,0.9379,4.6152,0.6582,0.100,10.000,0.100,3.000,3.000,3.000,12.000,20.000,10.000,1.000
185.398,1,-0.6238,4.7237,0.5071,0.100,10.000,0.100,3.000,3.000,3.000,12.000,20.000,10.000,1.000
185.398,2,0.9074,4.4500,0.6104,0.100,10.000,0.100,3.000,3.000,3.000,12.000,20.000,10.000,1.000
185.398,3,1.1199,4.4380,0.5098,0.100,10.000,0.100,3.000,3.000,3.000,12.000,20.000,10.000,1.000
185.398,4,2.0849,4.5637,0.3421,0.100,10.000,0.100,3.000,3.000,3.000,12.000,20.000,10.000,1.000
185.398,5,1.8821,4.6161,1.1196,0.100,10.000,0.100,3.000,3.000,3.000,12.000,20.000,10.000,1.000
185.598,0,0.9665,4.3063,0.8789,0.100,10.000,0.100,3.000,3.000,3.000,12.000,20.000,10.000,1.000
185.598,1,-0.6024,4.5133,0.6511,0.100,10.000,0.100,3.000,3.000,3.000,12.000,20.000,10.000,1.000
185.598,2,1.0641,4.1417,0.8531,0.100,10.000,0.100,3.000,3.000,3.000,12.000,20.000,10.000,1.000
185.598,3,1.1476,4.1186,0.7375,0.100,10.000,0.100,3.000,3.000,3.000,12.000,20.000,10.000,1.000
185.598,4,2.1104,4.1921,0.6047,0.100,10.000,0.100,3.000,3.000,3.000,12.000,20.000,10.000,1.000
185.598,5,1.7754,4.3342,1.3069,0.100,10.000,0.100,3.000,3.000,3.000,12.000,20.000,10.000,1.000
185.798,0,0.8963,3.9191,1.0911,0.100,10.000,0.100,3.000,3.000,3.000,12.000,20.000,10.000,1.000
185.798,1,-0.6450,4.2503,0.7897,0.100,10.000,0.100,3.000,3.000,3.000,12.000,20.000,10.000,1.000
185.798,2,1.0666,3.8956,0.9895,0.100,10.000,0.100,3.000,3.000,3.000,12.000,20.000,10.000,1.000
185.798,3,1.0883,3.8216,0.9008,0.100,10.000,0.100,3.000,3.000,3.000,12.000,20.000,10.000,1.000
185.798,4,2.0142,3.7062,0.8742,0.100,10.000,0.100,3.000,3.000,3.000,12.000,20.000,10.000,1.000
185.798,5,1.6232,3.9507,1.5193,0.100,10.000,0.100,3.000,3.000,3.000,12.000,20.000,10.000,1.000
185.998,0,0.7367,3.5218,1.2645,0.100,10.000,0.100,3.000,3.000,3.000,12.000,20.000,10.000,1.000
185.998,1,-0.7546,3.9575,0.9105,0.100,10.000,0.100,3.000,3.000,3.000,12.000,20.000,10.000,1.000
185.998,2,0.9623,3.6518,1.0925,0.100,10.000,0.100,3.000,3.000,3.000,12.000,20.000,10.000,1.000
185.998,3,0.9759,3.5460,1.0202,0.100,10.000,0.100,3.000,3.000,3.000,12.000,20.000,10.000,1.000
185.998,4,1.8036,3.1747,1.1150,0.100,10.000,0.100,3.000,3.000,3.000,12.000,20.000,10.000,1.000
185.998,5,1.4122,3.4657,1.7301,0.100,10.000,0.100,3.000,3.000,3.000,12.000,20.000,10.000,1.000
186.198,0,0.5209,3.1520,1.3882,0.100,10.000,0.100,3.000,3.000,3.000,12.000,20.000,10.000,1.000
186.198,1,-0.9217,3.6567,1.0056,0.100,10.000,0.100,3.000,3.000,3.000,12.000,20.000,10.000,1.000
186.198,2,0.7740,3.3364,1.1926,0.100,10.000,0.100,3.000,3.000,3.000,12.000,20.000,10.000,1.000
186.198,3,0.8114,3.2677,1.1113,0.100,10.000,0.100,3.000,3.000,3.000,12.000,20.000,10.000,1.000
186.198,4,1.5246,2.7005,1.2816,0.100,10.000,0.100,3.000,3.000,3.000,12.000,20.000,10.000,1.000
186.198,5,1.0892,2.9387,1.9035,0.100,10.000,0.100,3.000,3.000,3.000,12.000,20.000,10.000,1.000
186.398,0,0.2545,2.8292,1.4395,0.100,10.000,0.100,3.000,3.000,3.000,12.000,20.000,10.000,1.000
186.398,1,-1.1400,3.3694,1.0466,0.100,10.000,0.100,3.000,3.000,3.000,12.000,20.000,10.000,1.000
186.398,2,0.4659,2.9680,1.2468,0.100,10.000,0.100,3.000,3.000,3.000,12.000,20.000,10.000,1.000
186.398,3,0.5761,2.9855,1.1539,0.100,10.000,0.100,3.000,3.000,3.000,12.000,20.000,10.000,1.000
186.398,4,1.2123,2.3314,1.3423,0.100,10.000,0.100,3.000,3.000,3.000,12.000,20.000,10.000,1.000
186.398,5,0.6586,2.4417,1.9864,0.100,10.000,0.100,3.000,3.000,3.000,12.000,20.000,10.000,1.000
186.598,0,-0.0603,2.5461,1.4145,0.100,10.000,0.100,3.000,3.000,3.000,12.000,20.000,10.000,1.000
186.598,1,-1.3931,3.1171,1.0218,0.100,10.000,0.100,3.000,3.000,3.000,12.000,20.000,10.000,1.000
186.598,2,0.0357,2.5832,1.2124,0.100,10.000,0.100,3.000,3.000,3.000,12.000,20.000,10.000,1.000
186.598,3,0.2789,2.7183,1.1293,0.100,10.000,0.100,3.000,3.000,3.000,12.000,20.000,10.000,1.000
186.598,4,0.9075,2.0671,1.3211,0.100,10.000,0.100,3.000,3.000,3.000,12.000,20.000,10.000,1.000
186.598,5,0.1766,2.0308,1.9529,0.100,10.000,0.100,3.000,3.000,3.000,12.000,20.000,10.000,1.000
186.798,0,-0.4361,2.2880,1.3033,0.100,10.000,0.100,3.000,3.000,3.000,12.000,20.000,10.000,1.000
186.798,1,-1.6634,2.9174,0.9351,0.100,10.000,0.100,3.000,3.000,3.000,12.000,20.000,10.000,1.000
186.798,2,-0.4582,2.2395,1.0739,0.100,10.000,0.100,3.000,3.000,3.000,12.000,20.000,10.000,1.000
186.798,3,-0.0645,2.4834,1.0268,0.100,10.000,0.100,3.000,3.000,3.000,12.000,20.000,10.000,1.000
186.798,4,0.6261,1.8818,1.2391,0.100,10.000,0.100,3.000,3.000,3.000,12.000,20.000,10.000,1.000
186.798,5,-0.2947,1.7238,1.8135,0.100,10.000,0.100,3.000,3.000,3.000,12.000,20.000,10.000,1.000
186.998,0,-0.8487,2.0831,1.0859,0.100,10.000,0.100,3.000,3.000,3.000,12.000,20.000,10.000,1.000
186.998,1,-1.9265,2.7801,0.7909,0.100,10.000,0.100,3.000,3.000,3.000,12.000,20.000,10.000,1.000
186.998,2,-0.9014,2.0146,0.8454,0.100,10.000,0.100,3.000,3.000,3.000,12.000,20.000,10.000,1.000
186.998,3,-0.4268,2.3008,0.8380,0.100,10.000,0.100,3.000,3.000,3.000,12.000,20.000,10.000,1.000
186.998,4,0.3715,1.7631,1.1062,0.100,10.000,0.100,3.000,3.000,3.000,12.000,20.000,10.000,1.000
186.998,5,-0.7227,1.5227,1.5843,0.100,10.000,0.100,3.000,3.000,3.000,12.000,20.000,10.000,1.000
187.198,0,-1.2316,1.9787,0.7859,0.100,10.000,0.100,3.000,3.000,3.000,12.000,20.000,10.000,1.000
187.198,1,-2.1677,2.7093,0.5926,0.100,10.000,0.100,3.000,3.000,3.000,12.000,20.000,10.000,1.000
187.198,2,-1.2415,1.9223,0.5746,0.100,10.000,0.100,3.000,3.000,3.000,12.000,20.000,10.000,1.000
187.198,3,-0.7701,2.1946,0.5766,0.100,10.000,0.100,3.000,3.000,3.000,12.000,20.000,10.000,1.000
187.198,4,0.1406,1.7068,0.9247,0.100,10.000,0.100,3.000,3.000,3.000,12.000,20.000,10.000,1.000
187.198,5,-1.0973,1.4324,1.2835,0.100,10.000,0.100,3.000,3.000,3.000,12.000,20.000,10.000,1.000
187.398,0,-1.5356,1.9730,0.4601,0.100,10.000,0.100,3.000,3.000,3.000,12.000,20.000,10.000,1.000
187.398,1,-2.3734,2.6978,0.3548,0.100,10.000,0.100,3.000,3.000,3.000,12.000,20.000,10.000,1.000
187.398,2,-1.4769,1.9203,0.3158,0.100,10.000,0.100,3.000,3.000,3.000,12.000,20.000,10.000,1.000
187.398,3,-1.0666,2.1741,0.2699,0.100,10.000,0.100,3.000,3.000,3.000,12.000,20.000,10.000,1.000
187.398,4,-0.0632,1.7078,0.7035,0.100,10.000,0.100,3.000,3.000,3.000,12.000,20.000,10.000,1.000
187.398,5,-1.4162,1.4379,0.9333,0.100,10.000,0.100,3.000,3.000,3.000,12.000,20.000,10.000,1.000
187.598,0,-1.7375,2.0481,0.1372,0.100,10.000,0.100,3.000,3.000,3.000,12.000,20.000,10.000,1.000
187.598,1,-2.5298,2.7492,0.0798,0.100,10.000,0.100,3.000,3.000,3.000,12.000,20.000,10.000,1.000
187.598,2,-1.6176,1.9753,0.0793,0.100,10.000,0.100,3.000,3.000,3.000,12.000,20.000,10.000,1.000
187.598,3,-1.2728,2.2335,-0.0448,0.100,10.000,0.100,3.000,3.000,3.000,12.000,20.000,10.000,1.000
187.598,4,-0.2243,1.7724,0.4438,0.100,10.000,0.100,3.000,3.000,3.000,12.000,20.000,10.000,1.000
187.598,5,-1.6591,1.5399,0.5287,0.100,10.000,0.100,3.000,3.000,3.000,12.000,20.000,10.000,1.000
187.798,0,-1.8313,2.1912,-0.1667,0.100,10.000,0.100,3.000,3.000,3.000,12.000,20.000,10.000,1.000
187.798,1,-2.6119,2.8733,-0.2381,0.100,10.000,0.100,3.000,3.000,3.000,12.000,20.000,10.000,1.000
187.798,2,-1.6835,2.0906,-0.1589,0.100,10.000,0.100,3.000,3.000,3.000,12.000,20.000,10.000,1.000
187.798,3,-1.3602,2.3569,-0.3194,0.100,10.000,0.100,3.000,3.000,3.000,12.000,20.000,10.000,1.000
187.798,4,-0.3243,1.9152,0.1570,0.100,10.000,0.100,3.000,3.000,3.000,12.000,20.000,10.000,1.000
187.798,5,-1.7868,1.7573,0.0864,0.100,10.000,0.100,3.000,3.000,3.000,12.000,20.000,10.000,1.000
187.998,0,-1.8369,2.3806,-0.4457,0.100,10.000,0.100,3.000,3.000,3.000,12.000,20.000,10.000,1.000
187.998,1,-2.5976,3.0644,-0.5962,0.100,10.000,0.100,3.000,3.000,3.000,12.000,20.000,10.000,1.000
187.998,2,-1.6820,2.2930,-0.4547,0.100,10.000,0.100,3.000,3.000,3.000,12.000,20.000,10.000,1.000
187.998,3,-1.3639,2.4948,-0.5273,0.100,10.000,0.100,3.000,3.000,3.000,12.000,20.000,10.000,1.000
187.998,4,-0.3580,2.1265,-0.1291,0.100,10.000,0.100,3.000,3.000,3.000,12.000,20.000,10.000,1.000
187.998,5,-1.7915,2.0788,-0.3681,0.100,10.000,0.100,3.000,3.000,3.000,12.000,20.000,10.000,1.000
188.198,0,-1.7768,2.6026,-0.7126,0.100,10.000,0.100,3.000,3.000,3.000,12.000,20.000,10.000,1.000
188.198,1,-2.4868,3.3080,-0.9869,0.100,10.000,0.100,3.000,3.000,3.000,12.000,20.000,10.000,1.000
188.198,2,-1.5904,2.6024,-0.8281,0.100,10.000,0.100,3.000,3.000,3.000,12.000,20.000,10.000,1.000
188.198,3,-1.3270,2.6314,-0.6916,0.100,10.000,0.100,3.000,3.000,3.000,12.000,20.000,10.000,1.000
188.198,4,-0.3291,2.3758,-0.3977,0.100,10.000,0.100,3.000,3.000,3.000,12.000,20.000,10.000,1.000
188.198,5,-1.6863,2.4724,-0.8087,0.100,10.000,0.100,3.000,3.000,3.000,12.000,20.000,10.000,1.000
188.398,0,-1.6469,2.8597,-0.9797,0.100,10.000,0.100,3.000,3.000,3.000,12.000,20.000,10.000,1.000
188.398,1,-2.2713,3.5843,-1.4008,0.100,10.000,0.100,3.000,3.000,3.000,12.000,20.000,10.000,1.000
188.398,2,-1.3902,2.9836,-1.2271,0.100,10.000,0.100,3.000,3.000,3.000,12.000,20.000,10.000,1.000
188.398,3,-1.2373,2.8055,-0.8741,0.100,10.000,0.100,3.000,3.000,3.000,12.000,20.000,10.000,1.000
188.398,4,-0.2482,2.6422,-0.6389,0.100,10.000,0.100,3.000,3.000,3.000,12.000,20.000,10.000,1.000
188.398,5,-1.4772,2.9095,-1.1948,0.100,10.000,0.100,3.000,3.000,3.000,12.000,20.000,10.000,1.000
188.598,0,-1.4364,3.1388,-1.2358,0.100,10.000,0.100,3.000,3.000,3.000,12.000,20.000,10.000,1.000
188.598,1,-1.9391,3.8622,-1.8206,0.100,10.000,0.100,3.000,3.000,3.000,12.000,20.000,10.000,1.000
188.598,2,-1.0895,3.3693,-1.5855,0.100,10.000,0.100,3.000,3.000,3.000,12.000,20.000,10.000,1.000
188.598,3,-1.0429,3.0539,-1.1040,0.100,10.000,0.100,3.000,3.000,3.000,12.000,20.000,10.000,1.000
188.598,4,-0.1236,2.9099,-0.8425,0.100,10.000,0.100,3.000,3.000,3.000,12.000,20.000,10.000,1.000
188.598,5,-1.1872,3.3319,-1.4752,0.100,10.000,0.100,3.000,3.000,3.000,12.000,20.000,10.000,1.000
188.798,0,-1.1376,3.4087,-1.4635,0.100,10.000,0.100,3.000,3.000,3.000,12.000,20.000,10.000,1.000
188.798,1,-1.4949,4.1022,-2.2041,0.100,10.000,0.100,3.000,3.000,3.000,12.000,20.000,10.000,1.000
188.798,2,-0.6937,3.7097,-1.8785,0.100,10.000,0.100,3.000,3.000,3.000,12.000,20.000,10.000,1.000
188.798,3,-0.6950,3.3533,-1.3599,0.100,10.000,0.100,3.000,3.000,3.000,12.000,20.000,10.000,1.000
188.798,4,0.0400,3.1610,-1.0000,0.100,10.000,0.100,3.000,3.000,3.000,12.000,20.000,10.000,1.000
188.798,5,-0.8463,3.6588,-1.6452,0.100,10.000,0.100,3.000,3.000,3.000,12.000,20.000,10.000,1.000
188.998,0,-0.7651,3.6295,-1.6567,0.100,10.000,0.100,3.000,3.000,3.000,12.000,20.000,10.000,1.000
188.998,1,-0.9751,4.2783,-2.5091,0.100,10.000,0.100,3.000,3.000,3.000,12.000,20.000,10.000,1.000
188.998,2,-0.2221,3.9700,-2.1130,0.100,10.000,0.100,3.000,3.000,3.000,12.000,20.000,10.000,1.000
188.998,3,-0.1906,3.6486,-1.6204,0.100,10.000,0.100,3.000,3.000,3.000,12.000,20.000,10.000,1.000
188.998,4,0.2326,3.3762,-1.1171,0.100,10.000,0.100,3.000,3.000,3.000,12.000,20.000,10.000,1.000
188.998,5,-0.4734,3.8587,-1.7726,0.100,10.000,0.100,3.000,3.000,3.000,12.000,20.000,10.000,1.000
189.198,0,-0.3457,3.7919,-1.8199,0.100,10.000,0.100,3.000,3.000,3.000,12.000,20.000,10.000,1.000
189.198,1,-0.4272,4.3936,-2.7183,0.100,10.000,0.100,3.000,3.000,3.000,12.000,20.000,10.000,1.000
189.198,2,0.2813,4.1571,-2.3022,0.100,10.000,0.100,3.000,3.000,3.000,12.000,20.000,10.000,1.000
189.198,3,0.4044,3.8914,-1.8567,0.100,10.000,0.100,3.000,3.000,3.000,12.000,20.000,10.000,1.000
189.198,4,0.4450,3.5392,-1.2076,0.100,10.000,0.100,3.000,3.000,3.000,12.000,20.000,10.000,1.000
189.198,5,-0.0781,4.0009,-1.9133,0.100,10.000,0.100,3.000,3.000,3.000,12.000,20.000,10.000,1.000
189.398,0,0.1099,3.8947,-1.9343,0.100,10.000,0.100,3.000,3.000,3.000,12.000,20.000,10.000,1.000
189.398,1,0.1081,4.4611,-2.8455,0.100,10.000,0.100,3.000,3.000,3.000,12.000,20.000,10.000,1.000
189.398,2,0.7998,4.2659,-2.4266,0.100,10.000,0.100,3.000,3.000,3.000,12.000,20.000,10.000,1.000
189.398,3,1.0255,4.0351,-2.0108,0.100,10.000,0.100,3.000,3.000,3.000,12.000,20.000,10.000,1.000
189.398,4,0.6768,3.6381,-1.2743,0.100,10.000,0.100,3.000,3.000,3.000,12.000,20.000,10.000,1.000
189.398,5,0.3726,4.0937,-2.0183,0.100,10.000,0.100,3.000,3.000,3.000,12.000,20.000,10.000,1.000
189.598,0,0.5881,3.9368,-1.9703,0.100,10.000,0.100,3.000,3.000,3.000,12.000,20.000,10.000,1.000
189.598,1,0.6222,4.4901,-2.8748,0.100,10.000,0.100,3.000,3.000,3.000,12.000,20.000,10.000,1.000
189.598,2,1.3207,4.3012,-2.4544,0.100,10.000,0.100,3.000,3.000,3.000,12.000,20.000,10.000,1.000
189.598,3,1.6164,4.0797,-2.0430,0.100,10.000,0.100,3.000,3.000,3.000,12.000,20.000,10.000,1.000
189.598,4,0.9276,3.6700,-1.2923,0.100,10.000,0.100,3.000,3.000,3.000,12.000,20.000,10.000,1.000
189.598,5,0.8770,4.1280,-2.0404,0.100,10.000,0.100,3.000,3.000,3.000,12.000,20.000,10.000,1.000
189.798,0,1.0618,3.9218,-1.9099,0.100,10.000,0.100,3.000,3.000,3.000,12.000,20.000,10.000,1.000
189.798,1,1.1054,4.4566,-2.7954,0.100,10.000,0.100,3.000,3.000,3.000,12.000,20.000,10.000,1.000
189.798,2,1.8267,4.2643,-2.3683,0.100,10.000,0.100,3.000,3.000,3.000,12.000,20.000,10.000,1.000
189.798,3,2.1405,4.0466,-1.9544,0.100,10.000,0.100,3.000,3.000,3.000,12.000,20.000,10.000,1.000
189.798,4,1.1863,3.6548,-1.2480,0.100,10.000,0.100,3.000,3.000,3.000,12.000,20.000,10.000,1.000
189.798,5,1.4125,4.0897,-1.9490,0.100,10.000,0.100,3.000,3.000,3.000,12.000,20.000,10.000,1.000
189.998,0,1.4963,3.8386,-1.7755,0.100,10.000,0.100,3.000,3.000,3.000,12.000,20.000,10.000,1.000
189.998,1,1.5638,4.3505,-2.6379,0.100,10.000,0.100,3.000,3.000,3.000,12.000,20.000,10.000,1.000
189.998,2,2.3042,4.1519,-2.2012,0.100,10.000,0.100,3.000,3.000,3.000,12.000,20.000,10.000,1.000
189.998,3,2.5809,3.9450,-1.7984,0.100,10.000,0.100,3.000,3.000,3.000,12.000,20.000,10.000,1.000
189.998,4,1.4515,3.5970,-1.1573,0.100,10.000,0.100,3.000,3.000,3.000,12.000,20.000,10.000,1.000
189.998,5,1.9180,3.9729,-1.7792,0.100,10.000,0.100,3.000,3.000,3.000,12.000,20.000,10.000,1.000
190.198,0,1.8655,3.6914,-1.5898,0.100,10.000,0.100,3.000,3.000,3.000,12.000,20.000,10.000,1.000
190.198,1,1.9844,4.1570,-2.4036,0.100,10.000,0.100,3.000,3.000,3.000,12.000,20.000,10.000,1.000
190.198,2,2.7320,3.9508,-1.9595,0.100,10.000,0.100,3.000,3.000,3.000,12.000,20.000,10.000,1.000
190.198,3,2.9293,3.7845,-1.6002,0.100,10.000,0.100,3.000,3.000,3.000,12.000,20.000,10.000,1.000
190.198,4,1.7021,3.4846,-1.0180,0.100,10.000,0.100,3.000,3.000,3.000,12.000,20.000,10.000,1.000
190.198,5,2.2893,3.8001,-1.5738,0.100,10.000,0.100,3.000,3.000,3.000,12.000,20.000,10.000,1.000
190.398,0,2.1509,3.4958,-1.3704,0.100,10.000,0.100,3.000,3.000,3.000,12.000,20.000,10.000,1.000
190.398,1,2.3475,3.8775,-2.0923,0.100,10.000,0.100,3.000,3.000,3.000,12.000,20.000,10.000,1.000
190.398,2,3.0801,3.6760,-1.6556,0.100,10.000,0.100,3.000,3.000,3.000,12.000,20.000,10.000,1.000
190.398,3,3.1860,3.5836,-1.3731,0.100,10.000,0.100,3.000,3.000,3.000,12.000,20.000,10.000,1.000
190.398,4,1.9200,3.3197,-0.8307,0.100,10.000,0.100,3.000,3.000,3.000,12.000,20.000,10.000,1.000
190.398,5,2.5257,3.6150,-1.3705,0.100,10.000,0.100,3.000,3.000,3.000,12.000,20.000,10.000,1.000
190.598,0,2.3335,3.2788,-1.1217,0.100,10.000,0.100,3.000,3.000,3.000,12.000,20.000,10.000,1.000
190.598,1,2.6073,3.5261,-1.6859,0.100,10.000,0.100,3.000,3.000,3.000,12.000,20.000,10.000,1.000
190.598,2,3.2991,3.3705,-1.3025,0.100,10.000,0.100,3.000,3.000,3.000,12.000,20.000,10.000,1.000
190.598,3,3.3524,3.3487,-1.0952,0.100,10.000,0.100,3.000,3.000,3.000,12.000,20.000,10.000,1.000
190.598,4,2.0727,3.1219,-0.5959,0.100,10.000,0.100,3.000,3.000,3.000,12.000,20.000,10.000,1.000
190.598,5,2.6730,3.4066,-1.1321,0.100,10.000,0.100,3.000,3.000,3.000,12.000,20.000,10.000,1.000
190.798,0,2.4047,3.0751,-0.8488,0.100,10.000,0.100,3.000,3.000,3.000,12.000,20.000,10.000,1.000
190.798,1,2.7269,3.1475,-1.1763,0.100,10.000,0.100,3.000,3.000,3.000,12.000,20.000,10.000,1.000
190.798,2,3.3759,3.1007,-0.9378,0.100,10.000,0.100,3.000,3.000,3.000,12.000,20.000,10.000,1.000
190.798,3,3.4220,3.0968,-0.7479,0.100,10.000,0.100,3.000,3.000,3.000,12.000,20.000,10.000,1.000
190.798,4,2.1472,2.9206,-0.3166,0.100,10.000,0.100,3.000,3.000,3.000,12.000,20.000,10.000,1.000
190.798,5,2.7431,3.1543,-0.7878,0.100,10.000,0.100,3.000,3.000,3.000,12.000,20.000,10.000,1.000
190.998,0,2.3861,2.9040,-0.5550,0.100,10.000,0.100,3.000,3.000,3.000,12.000,20.000,10.000,1.000
190.998,1,2.6850,2.8050,-0.5828,0.100,10.000,0.100,3.000,3.000,3.000,12.000,20.000,10.000,1.000
190.998,2,3.3429,2.8956,-0.5804,0.100,10.000,0.100,3.000,3.000,3.000,12.000,20.000,10.000,1.000
190.998,3,3.3800,2.8477,-0.3072,0.100,10.000,0.100,3.000,3.000,3.000,12.000,20.000,10.000,1.000
190.998,4,2.1310,2.7461,-0.0064,0.100,10.000,0.100,3.000,3.000,3.000,12.000,20.000,10.000,1.000
190.998,5,2.7061,2.8884,-0.3354,0.100,10.000,0.100,3.000,3.000,3.000,12.000,20.000,10.000,1.000
191.198,0,2.2912,2.7533,-0.2457,0.100,10.000,0.100,3.000,3.000,3.000,12.000,20.000,10.000,1.000
191.198,1,2.5075,2.5210,0.0085,0.100,10.000,0.100,3.000,3.000,3.000,12.000,20.000,10.000,1.000
191.198,2,3.2283,2.7340,-0.2442,0.100,10.000,0.100,3.000,3.000,3.000,12.000,20.000,10.000,1.000
191.198,3,3.2084,2.6008,0.2089,0.100,10.000,0.100,3.000,3.000,3.000,12.000,20.000,10.000,1.000
191.198,4,2.0326,2.5967,0.3083,0.100,10.000,0.100,3.000,3.000,3.000,12.000,20.000,10.000,1.000
191.198,5,2.5557,2.6495,0.1396,0.100,10.000,0.100,3.000,3.000,3.000,12.000,20.000,10.000,1.000
191.398,0,2.1052,2.6449,0.0882,0.100,10.000,0.100,3.000,3.000,3.000,12.000,20.000,10.000,1.000
191.398,1,2.2444,2.3641,0.4891,0.100,10.000,0.100,3.000,3.000,3.000,12.000,20.000,10.000,1.000
191.398,2,3.0344,2.6287,0.0893,0.100,10.000,0.100,3.000,3.000,3.000,12.000,20.000,10.000,1.000
191.398,3,2.8803,2.4243,0.7782,0.100,10.000,0.100,3.000,3.000,3.000,12.000,20.000,10.000,1.000
191.398,4,1.8606,2.5002,0.6213,0.100,10.000,0.100,3.000,3.000,3.000,12.000,20.000,10.000,1.000
191.398,5,2.3094,2.5105,0.5665,0.100,10.000,0.100,3.000,3.000,3.000,12.000,20.000,10.000,1.000
191.598,0,1.8312,2.6222,0.4351,0.100,10.000,0.100,3.000,3.000,3.000,12.000,20.000,10.000,1.000
191.598,1,1.9721,2.3521,0.8277,0.100,10.000,0.100,3.000,3.000,3.000,12.000,20.000,10.000,1.000
191.598,2,2.7566,2.6196,0.4278,0.100,10.000,0.100,3.000,3.000,3.000,12.000,20.000,10.000,1.000
191.598,3,2.4068,2.4103,1.3576,0.100,10.000,0.100,3.000,3.000,3.000,12.000,20.000,10.000,1.000
191.598,4,1.6247,2.4918,0.9222,0.100,10.000,0.100,3.000,3.000,3.000,12.000,20.000,10.000,1.000
191.598,5,2.0115,2.5012,0.9267,0.100,10.000,0.100,3.000,3.000,3.000,12.000,20.000,10.000,1.000
191.798,0,1.4916,2.7022,0.7734,0.100,10.000,0.100,3.000,3.000,3.000,12.000,20.000,10.000,1.000
191.798,1,1.7265,2.4260,1.0634,0.100,10.000,0.100,3.000,3.000,3.000,12.000,20.000,10.000,1.000
191.798,2,2.4145,2.7166,0.7539,0.100,10.000,0.100,3.000,3.000,3.000,12.000,20.000,10.000,1.000
191.798,3,1.8509,2.5724,1.8869,0.100,10.000,0.100,3.000,3.000,3.000,12.000,20.000,10.000,1.000
191.798,4,1.3420,2.5758,1.1954,0.100,10.000,0.100,3.000,3.000,3.000,12.000,20.000,10.000,1.000
191.798,5,1.7021,2.5918,1.2145,0.100,10.000,0.100,3.000,3.000,3.000,12.000,20.000,10.000,1.000
